"","date","meanAT2","meanAT6","sum_R","rain_events","meanRH2","meanRH6","meanSWC5","meanSWC15","meanSWC30","meanST5","meanST15","meanST30","meanNEE","meanGPP","meanRECO","sdReco","bigR","bigRmm","DOY","observation","Season","year"
"1",2013-01-26,11.0035416666667,11.2284583333333,7.239,11,90.088541324375,83.8049407735417,9.58333333333333,12.3541666666667,8.21166666666667,12.08125,13.1083333333333,11.8833333333333,0.146090591249792,0.356808050729167,0.502898641970833,0.408890974831676,1,7.239,"26",27,"Winter",2013
"2",2013-02-21,-0.122333333333333,0.307125,5.842,3,82.6627015108333,78.7463294025,14.75,14.7083333333333,8.778125,4.63333333333333,6.84166666666667,8.42708333333333,0.0741929325222917,0.0803128417454167,0.154505774264583,0.0964903717593126,1,5.842,"52",53,"Winter",2013
"3",2013-03-08,8.35777083333333,8.56285416666667,8.89,9,68.137924639375,64.0900902333333,11.8541666666667,15.1666666666667,9.614375,11.5520833333333,13.9020833333333,13.6854166666667,0.159977052165417,0.112650487432396,0.272627539621667,0.236304442325355,1,8.89,"67",68,"Spring",2013
"4",2013-07-08,25.849375,26.1222916666667,8.763,2,52.2269018822917,46.9199166479167,9.29166666666667,7.22916666666667,7.938125,27.2166666666667,28.8229166666667,28.76875,1.59570594769583,0.628938006903333,2.22464395454167,0.442165583509569,1,8.763,"189",190,"Summer",2013
"5",2013-07-09,23.9104166666667,23.9795833333333,27.813,8,67.44086171875,61.7369167879167,19.2916666666667,7.5625,7.96916666666667,26.9270833333333,28.8895833333333,28.23125,2.28126706422708,0.137357635150833,2.41862469933333,0.94824539226568,1,27.813,"190",191,"Summer",2013
"6",2013-07-11,22.6935416666667,22.86,5.461,2,73.3649064616667,67.0526030495833,21.6666666666667,23,7.97916666666667,25.4,27.23125,27.2333333333333,2.47758113382083,0.02477665723125,2.50235779104167,1.34409829545774,1,5.461,"192",193,"Summer",2013
"7",2013-07-16,18.48875,18.6814583333333,15.621,7,94.6016698820833,87.1911951970833,19.1458333333333,20.2083333333333,9.66625,23.7875,26.5791666666667,28.3208333333333,0.986311798880625,0.404053470450417,1.39036526935417,0.745461504868766,1,15.621,"197",198,"Summer",2013
"8",2013-07-19,20.4041666666667,20.6127083333333,7.747,4,79.4315042627083,72.84579970375,20.3125,22.7916666666667,9.82041666666667,23.4583333333333,25.0625,25.7291666666667,0.395301823149833,0.967609145389583,1.36291096860417,0.19387063434361,1,7.747,"200",201,"Summer",2013
"9",2013-08-01,20.8139583333333,21.3345833333333,28.321,8,77.3241570727083,68.9635236664583,18.8958333333333,20.375,10.7027083333333,24.3770833333333,26.8979166666667,27.8916666666667,0.1997204420815,1.2978137774375,1.4975342195,0.166845407058968,1,28.321,"213",214,"Summer",2013
"10",2013-08-05,20.8420833333333,21.084375,7.493,7,73.91151597,66.472667754375,19.2083333333333,22.75,10.73875,24.4875,26.2291666666667,26.28125,-1.52437369814083,3.38117062372917,1.85679692552083,0.456424521747645,1,7.493,"217",218,"Summer",2013
"11",2013-08-19,25.9172916666667,26.7075,5.207,2,40.9924894220833,34.244474886875,8.52083333333333,13.6875,11.060625,28.0166666666667,30.35625,29.9604166666667,0.47434706095125,1.07620647277854,1.55055353379167,0.241664789972706,1,5.207,"231",232,"Summer",2013
"12",2013-08-29,19.7114583333333,19.9516666666667,10.414,8,88.8250288770833,81.43856681375,13.7083333333333,12.7916666666667,10.440625,24.4458333333333,26.5395833333333,27.4125,0.5249904202975,0.853081833424375,1.37807225364583,0.173408783339769,1,10.414,"241",242,"Summer",2013
"13",2013-09-08,19.3629166666667,19.6322916666667,7.874,6,85.3131207264583,77.2100236925,16.9374999999583,12.2083333333333,10.3354166666667,23.3354166666667,25.53125,26.5583333333333,0.737977110000417,0.612894082714583,1.35087119272917,0.543566327082292,1,7.874,"251",252,"Summer",2013
"14",2013-09-12,21.0239583333333,21.288125,20.066,5,69.88585196125,62.8318556179167,17.9375,14.8958333333333,10.1825,23.36875,25.1145833333333,24.6583333333333,0.190280759406667,1.65803916914583,1.84831992858333,0.435854385458749,1,20.066,"255",256,"Summer",2013
"15",2013-09-20,21.719375,22.1595833333333,14.732,4,63.2966912379167,56.00284008625,16.4583333333333,14.625,10.8922916666667,24.54375,26.84375,26.5333333333333,0.2081594468925,1.70517899648125,1.91333844339583,0.346399607313216,1,14.732,"263",264,"Summer",2013
"16",2013-11-22,12.0557916666667,12.3634583333333,6.985,7,77.5092240422917,70.687793269375,4.66666666666667,8.91666666666667,8.57166666666667,13.0729166666667,14.93125,16.1020833333333,0.67056849154375,0.0473424761726875,0.717910967716667,0.633965434241352,1,6.985,"326",327,"Winter",2013
"17",2013-11-23,3.7615625,3.95583333333333,7.112,12,96.9956842558333,92.1246027502083,8.375,8,8.501875,7.85208333333333,10.8333333333333,14.83125,0.380224477679167,0.006518776069375,0.386743253747917,0.225696887083567,1,7.112,"327",328,"Winter",2013
"18",2014-03-01,10.8067916666667,11.0515208333333,19.558,18,65.8908518752083,60.5903311789583,7.8125,9.97916666666667,8.90125,14.0749999999792,16.1666666666667,16.2291666666667,0.3861141500975,0.0337110640604167,0.419825214158333,0.420760205679635,1,19.558,"60",426,"Spring",2014
"19",2014-07-03,23.6941666666667,23.8408333333333,6.223,5,57.110681965625,50.2386717408333,4.27083333333333,7.33333333333333,9.56458333333333,29.49375,31.59375,31.8833333333333,1.44265258908146,0.0316856493020833,1.47433823838125,1.43201204162625,1,6.223,"184",550,"Summer",2014
"20",2014-07-10,23.3525,23.5585416666667,5.588,3,60.9269629854167,53.7157864225,7.5,8.10416666666667,8.89729166666667,27.4916666666667,28.5479166666667,27.7625,1.71423493936458,0.325741199148333,2.0399761385625,0.546329062879276,1,5.588,"191",557,"Summer",2014
"21",2014-07-11,22.981875,23.0770833333333,12.7,6,65.387927293125,58.1140847891667,11.3958333333333,8.14583333333333,8.926875,27.79375,28.4416666666667,27.6604166666667,1.60102986285,0.382146249811542,1.983176112625,0.687663846360196,1,12.7,"192",558,"Summer",2014
"22",2014-07-12,23.4004166666667,23.5083333333333,11.684,2,64.4264827141667,57.0462018004167,20.3958333333333,8.70833333333333,8.94458333333333,26.6583333333333,27.99375,27.5895833333333,1.64995801220833,0.28619067843375,1.9361486906875,0.717535938521809,1,11.684,"193",559,"Summer",2014
"23",2014-07-14,22.8764583333333,23.0470833333333,6.35,6,71.5077149389583,63.938392133125,18.8125,17.7916666666667,8.94104166666667,27.525,28.5541666666667,27.5604166666667,1.309389453075,0.18879460944375,1.49818406254167,0.424304215570996,1,6.35,"195",561,"Summer",2014
"24",2014-07-25,24.464375,24.7527083333333,32.766,2,60.8619865729167,53.9521473654167,13.7083333333333,13.1875,9.65458333333333,30.1958333333333,31.7291666666667,31.06875,0.632684229681998,0.837569660725833,1.470253890375,0.358567200759656,1,32.766,"206",572,"Summer",2014
"25",2014-07-27,24.24875,24.289375,9.525,8,60.5976752110417,54.3459601766667,18.4791666666667,17.7916666666667,9.62041666666667,28.5291666666667,29.7854166666667,28.7520833333333,0.281616446539583,1.6383149194,1.91993136589583,0.432175122552915,1,9.525,"208",574,"Summer",2014
"26",2014-08-01,21.070625,21.2064583333333,10.414,9,79.900963983125,71.8957733827083,17.3958333333333,16.125,9.619375,25.3333333333333,26.6583333333333,27.2666666666667,-0.176399694075417,2.145194117225,1.96879442314583,0.313948666283858,1,10.414,"213",579,"Summer",2014
"27",2014-08-09,22.2472916666667,22.4025,8.763,7,70.1318868972917,62.595895969375,13.5,14.0416666666667,10.6820833333333,27.7375,29.0625,27.7833333333333,-1.07102398995625,3.0465782534375,1.97555426352083,0.354445026372526,1,8.763,"221",587,"Summer",2014
"28",2014-08-12,21.86375,21.971875,60.452,11,73.963694563125,66.8007305233333,19.7291666666667,15.25,10.0766666666667,25.6729166666667,27.59375,27.1145833333333,-0.943082936052083,3.34803236945604,2.40494943352083,0.330268471681265,1,60.452,"224",590,"Summer",2014
"29",2014-08-15,21.436875,21.8585416666667,7.112,3,80.212581423125,69.9760941716667,21.3333333333333,21.875,12.973125,23.7791666666667,24.7520833333333,24.7791666666667,-1.30215276863125,3.60284774159167,2.30069497270833,0.304199437859715,1,7.112,"227",593,"Summer",2014
"30",2014-08-16,22.8483333333333,23.1739583333333,6.35,4,72.5960343002083,62.2779938104167,22.5833333333333,23.4166666666667,13.5020833333333,25.18125,25.8166666666667,25.0479166666667,-1.97543842901583,4.31653086764167,2.34109243872917,0.400837699587358,1,6.35,"228",594,"Summer",2014
"31",2014-08-26,20.5527083333333,20.8560416666667,11.684,2,82.06537720125,72.7083778279167,16.9375,15,13.7825,24.4125,26.0125,25.9354166666667,-2.36467381339583,3.72548127555,1.36080746185417,0.250305568210545,1,11.684,"238",604,"Summer",2014
"32",2014-09-06,20.385625,20.8464583333333,6.35,5,83.9891588566667,74.0785787258333,9.10416666666667,12,12.425,23.1604166666667,25.0666666666667,25.8854166666667,-0.00179267674050001,1.87272726552708,1.87093458879167,0.279355547267947,1,6.35,"249",615,"Summer",2014
"33",2014-09-08,19.030625,19.335625,39.624,12,93.611721495,84.3434937914583,19.7083333333333,19.9166666666667,13.0475,21.8145833333333,23.7395833333333,24.6895833333333,0.138184596763333,1.68260728733187,1.8207918840625,0.203115377055147,1,39.624,"251",617,"Summer",2014
"34",2014-09-16,18.5145833333333,18.8464583333333,10.795,15,95.0154091833333,85.700564859375,15.8958333333333,17,15.8583333333333,21.6354166666667,23.6770833333333,24.5916666666667,0.516356646508333,1.52474344514375,2.041100091625,0.156028805190617,1,10.795,"259",625,"Summer",2014
"35",2014-09-17,17.7645833333333,18.1677083333333,46.355,23,98.7254375020833,89.096455864375,25.1041666666667,26.0625,17.7814583333333,19.6125,21.2604166666667,23.0895833333333,1.06520032638333,1.08693399349792,2.152134319875,0.556011848623194,1,46.355,"260",626,"Summer",2014
"36",2014-09-18,18.500625,18.7139583333333,24.511,14,94.3033737860417,85.1063391483333,27.375,34.1666666666667,26.3858333333333,20.0479166666667,20.6125,21.33125,-0.4583149270875,2.52781543955625,2.06950051241667,0.205275647198178,1,24.511,"261",627,"Summer",2014
"37",2014-10-07,19.1510416666667,19.93625,7.239,7,57.966840919375,49.4718611427083,12.2291666666667,17,23.0864583333333,20.7541666666667,22.2270833333333,22.1854166666667,-0.81005591048125,1.74279640097479,0.93274049055,0.265014987515228,1,7.239,"280",646,"Summer",2014
"38",2014-10-08,16.5995833333333,16.8695833333333,22.098,15,91.9728710004167,82.3557804272917,23.4583333333333,22.1666666666667,23.1891666666667,18.7145833333333,20.625,21.5791666666667,-0.156357662908333,1.04028085683333,0.883923193977083,0.409295069356888,1,22.098,"281",647,"Summer",2014
"39",2014-12-13,8.94175,9.24354166666667,5.969,5,73.943781821875,72.806513098125,8.91666666666667,11,15.3604166666667,10.5479166666667,12.2729166666667,12.8604166666667,-0.0563450619083333,0.447243033468208,0.390897971591667,0.166221398918065,1,5.969,"347",713,"Winter",2014
"40",2015-01-30,7.48741666666667,7.71120833333333,33.02,36,98.891764144375,96.0815390691667,21.5208333333333,21.6666666666667,16.7089583333333,9.37708333333333,10.3875,11.1458333333333,-0.0370650719583333,0.0627311323,0.0256660603447917,0.0222370808647383,1,33.02,"30",761,"Winter",2015
"41",2015-01-31,6.75475,7.08072916666667,15.367,24,90.8660230239583,87.368828840625,28.8541666666667,29.7916666666667,23.8572916666667,9.10208333333333,9.86041666666667,10.3229166666667,-0.105486080151812,0.156545725240417,0.0510596450834375,0.229736324787472,1,15.367,"31",762,"Winter",2015
"42",2015-03-02,11.1030625,11.2078541666667,8.001,6,63.7582345129167,63.1522138025,12.9583333333333,18.0625,26.4939583333333,13.1270833333333,14.1291666666667,13.775,-0.073941448289375,0.581760473718333,0.507819025416667,0.083274528228488,1,8.001,"61",792,"Spring",2015
"43",2015-03-18,11.82,11.9660416666667,12.319,9,79.7768361633333,77.05500558,14.5416666666667,18.125,26.2691666666667,14.35,15.6375,15.8875,-0.296281073313771,0.811536168580625,0.5152550952625,0.174851465881992,1,12.319,"77",808,"Spring",2015
"44",2015-04-12,10.0166666666667,10.1441666666667,6.858,10,85.6167020741667,82.84688426375,8.10416666666667,13.1875,17.0066666666667,16.3895833333333,18.49375,19.6354166666667,0.622477551972492,0.387754323121188,1.01023187510833,0.0719660402506594,1,6.858,"102",833,"Spring",2015
"45",2015-06-26,24.525625,24.7002083333333,11.938,3,55.0415568185417,52.3066498079167,9.8125,9.39583333333333,12.2845833333333,30.0541666666667,30.35625,29.01875,1.16096401935583,1.1856794059375,2.34664342527083,0.928189302295759,1,11.938,"177",908,"Spring",2015
"46",2015-06-27,24.604375,24.8558333333333,9.271,2,52.34592388625,48.585476870625,23.4166666666667,9.16666666666667,12.1116666666667,25.9958333333333,28.1,28.3229166666667,2.11003366236042,1.01769647644375,3.12773013879167,1.06061480916286,1,9.271,"178",909,"Spring",2015
"47",2015-07-03,24.4722916666667,24.654375,18.923,8,56.654432025,53.1299029752083,24.5,11.3125,12.569375,26.9645833333333,29.1604166666667,28.5625,1.20918646750729,2.34581518094583,3.55500164847917,1.02353990137486,1,18.923,"184",915,"Summer",2015
"48",2015-07-05,20.1595833333333,20.2439583333333,12.827,10,82.8446263995833,79.460738013125,24.2708333333333,16.6666666666667,12.43625,24.3041666666667,25.8145833333333,26.89375,0.209091415695833,2.75218087450208,2.96127229025,0.408949186930288,1,12.827,"186",917,"Summer",2015
"49",2015-07-16,23.1533333333333,23.49875,6.858,6,58.9375605933333,54.67264731125,10.2708333333333,11.7708333333333,12.3633333333333,24.95,25.96875,26.1208333333333,-0.2855957774375,2.33714882050417,2.05155304308333,0.502404964271006,1,6.858,"197",928,"Summer",2015
"50",2015-07-18,20.0720833333333,20.50625,9.906,5,77.33692850375,73.312572284375,18.2291666666667,11.3958333333333,12.1475,21.7854166666667,23.36875,24.78125,-0.673819186838958,2.47780246540417,1.80398327847917,0.272689772011606,1,9.906,"199",930,"Summer",2015
"51",2015-07-23,20.8447916666667,20.8597916666667,10.287,3,77.213919613125,74.3052679204167,16.3125,12.5,12.315625,24.68125,25.8875,25.6875,-0.904533240102083,2.67819809907,1.77366485902083,0.177498715051881,1,10.287,"204",935,"Summer",2015
"52",2015-07-24,22.2714583333333,22.5089583333333,18.034,5,70.1449934395833,65.5376976929167,23.8125,12.9166666666667,12.2520833333333,24.5,25.1916666666667,25.1958333333333,-2.38892456662542,4.28263559123396,1.89371102475,0.296941906990448,1,18.034,"205",936,"Summer",2015
"53",2015-07-31,23.514375,23.676875,7.62,6,57.79191584875,54.639419225625,11.375,13.125,12.9470833333333,28.4791666666667,29.3604166666667,27.4416666666667,-0.428395934458333,3.15459679022083,2.72620085602083,1.24919826341648,1,7.62,"212",943,"Summer",2015
"54",2015-08-11,23.048125,23.2439583333333,11.684,2,61.691907315625,58.5491165141667,19.25,11.25,12.5608333333333,26.10625,27.7645833333333,27.66875,0.30364022060625,2.079106094425,2.38274631502083,0.805686640855201,1,11.684,"223",954,"Summer",2015
"55",2015-08-15,28.5608333333333,29.1727083333333,6.096,5,33.70700311875,29.671893786875,11.1458333333333,11.75,12.818125,28.7520833333333,29.7208333333333,27.6354166666667,0.189004848519167,1.87497538252083,2.0639802310625,0.218127267550651,1,6.096,"227",958,"Summer",2015
"56",2015-08-27,23.2366666666667,23.6139583333333,12.192,3,58.9827066091667,55.4660771541667,13.1666666666667,10.7916666666667,12.3177083333333,25.1729166666667,26.8208333333333,27.2041666666667,0.624357740343333,1.03570039934167,1.66005813972917,0.646560890988895,1,12.192,"239",970,"Summer",2015
"57",2015-08-31,23.84375,24.3377083333333,5.969,2,51.39084302625,47.6922630704167,13.5,11.25,12.115625,25.3020833333333,27.1208333333333,25.9916666666667,0.0356215567170208,1.91242335863708,1.948044915375,0.669485443623416,1,5.969,"243",974,"Summer",2015
"58",2015-09-02,21.604375,22.2345833333333,35.814,5,59.584696604375,55.1273242425,20.2083333333333,11.5208333333333,12.110625,21.8625,24.2333333333333,24.9270833333333,-0.218466321611042,2.09732713665208,1.87886081504167,0.344453612479057,1,35.814,"245",976,"Summer",2015
"59",2015-09-04,17.6208333333333,17.955625,7.112,7,88.8202281004167,84.6319522764583,22.2708333333333,19.75,12.8020833333333,20.0041666666667,20.8041666666667,22.86875,0.594494100860417,1.27182864350208,1.86632274435417,0.219846000753612,1,7.112,"247",978,"Summer",2015
"60",2015-09-19,19.0079166666667,19.5354166666667,10.541,8,70.3486489514583,66.686887869375,11.8541666666667,11.7291666666667,13.8177083333333,21.6291666666667,23.6770833333333,24.575,0.985183534235417,1.27292167119771,2.258105205375,0.281324794001369,1,10.541,"262",993,"Summer",2015
"61",2015-09-21,18.001875,18.3439583333333,15.621,15,89.758383695625,85.7605421379167,20.8333333333333,16.8541666666667,13.6760416666667,19.8354166666667,20.9666666666667,22.9125,0.853260942186042,1.21501606627292,2.0682770084375,0.19220221290831,1,15.621,"264",995,"Summer",2015
"62",2015-10-16,18.4045833333333,18.9160416666667,14.732,9,59.2117911072917,56.0188688935417,12.6666666666667,11,12.2508333333333,18.8166666666667,20.5729166666667,21.4541666666667,0.172732991295683,0.961149697224792,1.13388268852292,0.179937504173089,1,14.732,"289",1020,"Summer",2015
"63",2015-10-17,16.5691666666667,16.8304166666667,12.192,9,72.5770935320833,70.2424101370833,25.4791666666667,18.1041666666667,12.1804166666667,17.6708333333333,18.6083333333333,20.4208333333333,0.742037577325625,0.67120872960625,1.41324630697292,0.448291893171971,1,12.192,"290",1021,"Summer",2015
"64",2015-11-15,12.5420833333333,13.025,5.207,7,78.3932109964583,75.6296556622917,10,12,11.713125,12.95625,14.1270833333333,14.3270833333333,0.292680475324437,0.338747700563125,0.631428175889583,0.207694276752131,1,5.207,"319",1050,"Winter",2015
"65",2015-12-12,2.22608333333333,2.48270833333333,9.906,17,88.214542459375,88.0064516775,8.5,11.3333333333333,11.4370833333333,7.52291666666667,9.56458333333333,11.4291666666667,0.478230018264792,0.171445049987083,0.649675068260417,0.443061047533641,1,9.906,"346",1077,"Winter",2015
"66",2016-01-04,4.89079166666667,5.16902083333333,13.843,10,78.2666958333333,78.4911416666667,13.2291666666667,14.5416666666667,10.993025,6.14583333333333,7.22083333333333,7.85833333333333,0.238629815208542,0.0543487673808333,0.292978582585417,0.124102652702461,1,13.843,"4",1100,"Winter",2016
"67",2016-01-08,0.2209375,0.581666666666667,14.478,8,92.36185625,93.4817270833333,20.5625,22.5,11.9742291666667,3.13125,4.51458333333333,6.73333333333333,0.0204722715816667,0.170328718699792,0.190800990279167,0.0540169973673769,1,14.478,"8",1104,"Winter",2016
"68",2016-02-01,1.50604166666667,1.70633333333333,5.588,4,79.3938854166667,80.28525,14.0833333333333,17.8125,20.1841645833333,6.51875,8.48125,9.15833333333333,0.531384781751917,0.14984674539375,0.681231527160417,0.67883302655292,1,5.588,"32",1128,"Winter",2016
"69",2016-06-29,23.1,23.3547916666667,29.083,4,63.5884520833333,61.0568041666667,24.1666666666667,12.625,11.0393604166667,25.2229166666667,27.1479166666667,27.9479166666667,2.32302431444583,0.093857904570625,2.41688221904167,1.60031382679365,1,29.083,"181",1277,"Spring",2016
"70",2016-06-30,19.9589583333333,20.306875,17.272,10,81.0029,78.0372854166667,23.3958333333333,19.125,10.9971416666667,23.6104166666667,24.4291666666667,26.3875,2.16269316414583,0.00790938321895833,2.17060254735417,0.921554460489475,1,17.272,"182",1278,"Summer",2016
"71",2016-07-01,19.006875,19.3370833333333,19.558,6,87.5533604166667,84.250325,28.7916666666667,27.75,13.1801208333333,21.8770833333333,22.7875,24.9125,1.42108759799792,0.4852245249,1.90631212289583,0.719850215113608,1,19.558,"183",1279,"Summer",2016
"72",2016-07-16,25.17125,25.3772916666667,8.763,3,44.3142333333333,42.0752520833333,9.27083333333333,13.4583333333333,15.3664291666667,31.15,31.70625,30.0479166666667,-0.599339747081042,3.17036765624553,2.5710279091875,0.538582660782349,1,8.763,"198",1294,"Summer",2016
"73",2016-07-17,23.7397916666667,24.1147916666667,9.398,3,55.0917833333333,51.7376958333333,12.4791666666667,13.0208333333333,15.0940083333333,26.5020833333333,28.0958333333333,29.0979166666667,0.219509375054167,3.02750134943875,3.24701072445833,1.0103662671095,1,9.398,"199",1295,"Summer",2016
"74",2016-07-18,22.8433333333333,23.311875,11.557,7,57.7297333333333,54.33305625,24.1875,25.0208333333333,14.91574375,24.9604166666667,26.075,27.5145833333333,-0.674999429,3.46969240618958,2.79469297710417,0.541487123740912,1,11.557,"200",1296,"Summer",2016
"75",2016-07-24,25.7666666666667,25.9133333333333,7.366,5,51.56308125,49.5904354166667,12.3958333333333,14.3333333333333,14.7858020833333,30.1583333333333,30.8270833333333,28.6041666666667,-1.527194743575,4.01073021064167,2.483535467125,0.532774465442717,1,7.366,"206",1302,"Summer",2016
"76",2016-07-31,21.5685416666667,21.589375,9.017,8,68.77115625,68.1225395833333,9.79166666666667,13.0416666666667,14.5766354166667,28.8541666666667,29.5895833333333,28.4104166666667,-0.536064706939583,2.79408986122708,2.25802515422917,0.452082939580007,1,9.017,"213",1309,"Summer",2016
"77",2016-08-02,19.666875,20.1033333333333,19.431,4,89.0262041666667,85.5622020833333,21.75,16.75,14.1271458333333,22.6979166666667,24.7208333333333,26.53125,0.107869223633652,1.9957426976625,2.10361192133333,0.112608660205023,1,19.431,"215",1311,"Summer",2016
"78",2016-08-03,20.3689583333333,20.940625,7.62,2,81.2398916666667,77.2701208333333,24.6875,24,14.0639,22.6520833333333,23.6291666666667,25.0416666666667,-0.505356036290417,2.73443507653333,2.22907904020833,0.216618965453692,1,7.62,"216",1312,"Summer",2016
"79",2016-08-09,20.4354166666667,21.0352083333333,7.62,2,78.9942229166667,75.0492104166667,18.3333333333333,16.0625,14.2431354166667,23.6041666666667,25.25,25.6916666666667,-0.0449673023520833,2.60057746002083,2.555610157625,0.25400162162314,1,7.62,"222",1318,"Summer",2016
"80",2016-08-19,22.2697916666667,22.7716666666667,7.493,3,51.9525479166667,48.1428416666667,10.2708333333333,13,13.8749479166667,26.6375,28.0291666666667,26.975,-0.74532407130625,2.06567952879813,1.32035545752083,0.194958056458531,1,7.493,"232",1328,"Summer",2016
"81",2016-08-20,21.4620833333333,21.9464583333333,7.366,2,56.9654979166667,52.6365770833333,14.6875,12.5416666666667,13.6601104166667,24.0520833333333,25.7125,26.1479166666667,-1.14039462184542,2.45139924784583,1.31100462605,0.710322460984728,1,7.366,"233",1329,"Summer",2016
"82",2016-08-21,19.6435416666667,20.5254166666667,11.684,2,63.7022729166667,58.6521125,24.7291666666667,16.8958333333333,13.6173458333333,21.7458333333333,23.4875,25.0333333333333,-0.570641269196458,1.7063744834875,1.13573321434583,0.397316815338453,1,11.684,"234",1330,"Summer",2016
"83",2016-08-26,20.2816666666667,21.065,16.891,3,64.66604375,60.8291520833333,21.1458333333333,18,13.5846208333333,21.53125,23.4229166666667,23.9041666666667,-0.89867465898125,2.390585942875,1.49191128395833,0.192877339373267,1,16.891,"239",1335,"Summer",2016
"84",2016-08-31,20.5166666666667,20.938125,22.098,4,69.0648770833333,66.6529270833333,19.9791666666667,17.1666666666667,13.6793895833333,22.41875,24.0791666666667,23.8208333333333,-0.778523648275,2.60344776757625,1.82492411933333,0.253770080775174,1,22.098,"244",1340,"Summer",2016
"85",2016-09-01,21.9622916666667,22.49625,9.779,2,64.5888916666667,60.9603854166667,27.3958333333333,24.9791666666667,13.76784375,22.5625,23.2708333333333,23.53125,-0.534127172827083,2.59015846113958,2.05603128825,0.702099461088754,1,9.779,"245",1341,"Summer",2016
"86",2016-09-07,16.9920833333333,17.519375,13.843,20,93.0227833333333,89.4848270833333,21.375,21.0625,13.6601895833333,19.6916666666667,21.2270833333333,22.76875,0.272623343382917,0.903090041160417,1.17571338452083,0.320297979344391,1,13.843,"251",1347,"Summer",2016
"87",2016-09-12,18.7783333333333,19.5641666666667,22.098,7,65.88885,61.4050895833333,23.1875,22.1875,14.3302208333333,20.0145833333333,21.36875,22.30625,-0.96865611897125,2.4503378029625,1.48168168391667,0.297174524349944,1,22.098,"256",1352,"Summer",2016
"88",2016-10-02,19.7708333333333,20.7033333333333,7.747,4,48.1626604166667,44.0874416666667,18.4166666666667,14.7916666666667,15.5227270833333,18.275,19.8229166666667,20.28125,-0.818811291038542,1.70034050361042,0.881529212579167,0.135561518317794,1,7.747,"276",1372,"Summer",2016
"89",2016-12-22,10.4098333333333,10.8707083333333,12.954,12,94.7602833333333,91.3329166666667,17.7291666666667,11.5208333333333,10.3818895833333,11.46875,12.0645833333333,12.4520833333333,0.550180034195833,0.164212338045354,0.7143923722375,0.199362682035729,1,12.954,"357",1453,"Winter",2016
"90",2017-01-14,10.9273958333333,11.5215416666667,9.271,4,54.4647450022917,53.5573074004167,16.9166666666667,16.0208333333333,NA,9.475,10.4645833333333,10.2354166666667,0.355086571816104,0.158186574368125,0.513273146189583,0.516780647486254,1,9.271,"14",1476,"Winter",2017
"91",2017-01-15,3.33216666666667,3.79227083333333,5.969,15,96.2525700560417,94.5646848054167,25.4166666666667,22.6666666666667,17,7.51666666666667,8.89166666666667,10.1666666666667,0.261894796245833,0.0248615527708333,0.286756349016667,0.019083161998482,1,5.969,"15",1477,"Winter",2017
"92",2017-01-21,3.63020833333333,4.16022916666667,7.239,7,69.813891015,70.06026380125,22.7708333333333,23.875,14.3333333333333,5.64375,6.475,8.15833333333333,0.215717190537083,0.255717889971875,0.47143508051875,0.11511797898795,1,7.239,"21",1483,"Winter",2017
"93",2017-06-21,30.1022916666667,30.95625,6.35,2,22.0156161508333,19.3329769095833,9.39583333333333,9.33333333333333,9.79166666666667,33.0895833333333,32.69375,31.39375,0.390277567969167,0.432773140456667,0.82305070841875,0.848147385360175,1,6.35,"172",1634,"Spring",2017
"94",2017-06-25,26.5022916666667,27.0235416666667,25.654,2,36.5915993472917,34.429162389375,16.2708333333333,9.54166666666667,9.3125,31.1104166666667,31.0270833333333,30.5541666666667,1.07698990546458,0.632367271842083,1.7093571773125,0.836103305928092,1,25.654,"176",1638,"Spring",2017
"95",2017-07-03,23.9095833333333,24.6739583333333,59.944,8,42.3695251897917,39.1370632714583,19.7916666666667,16.625,13.125,28.4083333333333,28.6104166666667,28.9395833333333,0.250794065914583,0.713105076380833,0.963899142254167,0.321030743686402,1,59.944,"184",1646,"Summer",2017
"96",2017-07-09,23.9995833333333,24.91375,8.509,2,50.2329106391667,46.4783423389583,20.1666666666667,17.7916666666667,18,27.8395833333333,28.2729166666667,28.9979166666667,0.49037738437125,2.09784036321271,2.58821774758333,0.340821443442233,1,8.509,"190",1652,"Summer",2017
"97",2017-07-12,21.2547916666667,21.8889583333333,14.732,4,71.926970745625,69.290322439375,23.4375,22.5,18.8541666666667,25.2041666666667,25.3333333333333,26.8916666666667,0.36164575676875,2.279728936325,2.64137469308333,0.394275656580112,1,14.732,"193",1655,"Summer",2017
"98",2017-07-13,21.8177083333333,22.49125,39.751,7,66.5930848489583,62.9939740370833,26.125,28.7291666666667,22.4375,25.0479166666667,24.0604166666667,25.6729166666667,-0.973376234066667,3.59742215455,2.62404592047917,0.483584240957166,1,39.751,"194",1656,"Summer",2017
"99",2017-07-17,20.2277083333333,20.8241666666667,8.128,3,78.173007745,75.2869686597917,23.6875,25.5208333333333,21.8333333333333,24.1208333333333,24.0541666666667,25.3041666666667,-1.04192594926458,3.23439635702708,2.19247040760417,0.210347303679957,1,8.128,"198",1660,"Summer",2017
"100",2017-07-26,23.055625,23.900625,11.684,3,66.9906808625,62.476051520625,21.4166666666667,21.4375,19.2083333333333,26.0625,25.0604166666667,25.5354166666667,-1.86635524985153,3.71783284363125,1.85147759404167,0.226178285560022,1,11.684,"207",1669,"Summer",2017
"101",2017-07-27,22.7545833333333,23.4835416666667,8.382,6,67.013542151875,63.126098234375,24.9166666666667,26.6458333333333,21,25.1458333333333,24.35,25.1270833333333,-2.46474414494375,4.38665053621875,1.92190639127083,0.459429374057043,1,8.382,"208",1670,"Summer",2017
"102",2017-07-28,20.7145833333333,21.3602083333333,29.464,8,72.5979811577083,69.07245713375,26.875,30.3541666666667,23.1041666666667,24.6,23.53125,24.78125,-3.03989309475,4.77322589996667,1.73333280535417,0.360357633973379,1,29.464,"209",1671,"Summer",2017
"103",2017-08-01,21.0054166666667,21.3591666666667,11.684,6,77.7512394354167,75.931740345625,27.0416666666667,31.4791666666667,25.0208333333333,24.8104166666667,23.96875,24.7875,-2.57530118709167,4.45920638847917,1.88390520177083,0.533148499882578,1,11.684,"213",1675,"Summer",2017
"104",2017-08-02,21.2904166666667,21.8972916666667,23.368,3,73.6389662620833,70.867074694375,26.7708333333333,30.9375,25.1666666666667,24.1895833333333,23.5520833333333,24.5645833333333,-1.95641694283125,4.07440036244958,2.11798341939583,1.10050614609601,1,23.368,"214",1676,"Summer",2017
"105",2017-08-10,22.8591666666667,23.739375,9.779,8,60.973499356875,56.3300676589583,18.0208333333333,17.875,19.8541666666667,26.1916666666667,25.825,26.0375,-1.73369467469875,4.19622427375,2.4625295994375,0.827829893838828,1,9.779,"222",1684,"Summer",2017
"106",2017-08-12,22.8364583333333,23.475625,25.654,6,64.2460412789583,61.3165253647917,22.1875,23.2916666666667,19.4583333333333,25.5729166666667,24.95,25.41875,-2.30746626183542,4.85830061889583,2.55083435766667,0.636774834638012,1,25.654,"224",1686,"Summer",2017
"107",2017-12-17,3.7824375,4.436125,5.588,5,89.1532909502083,88.4230175989583,8.97916666666667,7.52083333333333,7,8.62916666666667,9.75416666666667,11.9395833333333,0.665787879331042,0.030039336391125,0.695827215722917,0.617404188032666,1,5.588,"351",1813,"Winter",2017
"108",2018-02-15,10.2383333333333,10.9116666666667,17.145,28,94.89222463875,91.6163376533333,16.3958333333333,11.5416666666667,7.20833333333333,12.2441666666667,12.8302083333333,12.9452083333333,0.371233329323958,0.00594133946666667,0.377174668791667,0.265932633178597,1,17.145,"46",1873,"Winter",2018
"109",2018-02-16,9.30372916666667,9.90708333333333,15.367,16,97.6069797633333,93.814051748125,24.8958333333333,25.9166666666667,12.8541666666667,12.24375,12.5729166666667,12.9133333333333,0.436534903591667,0.00155370308104167,0.438088606672917,0.177587569548805,1,15.367,"47",1874,"Winter",2018
"110",2018-06-15,20.8747916666667,21.3439583333333,7.874,13,57.3939236183333,55.832546180625,9.375,9,10,29.9110416666667,29.6727083333333,29.3429166666667,0.514333776180625,0.163174499882083,0.677508276070833,0.547513519675816,1,7.874,"166",1993,"Spring",2018
"111",2018-06-16,16.4429166666667,17.0791666666667,22.352,11,82.9138241825,79.2427721077083,18.1875,15.75,9.75,24.1135416666667,25.1675,27.725,1.3064556148,0,1.3064556148,1.02734153131018,1,22.352,"167",1994,"Spring",2018
"112",2018-07-10,21.105625,21.6191666666667,22.098,7,70.798261829375,69.094320398125,12.4791666666667,11.375,11.1875,29.0885416666667,29.3225,30.4789583333333,1.08764440128854,0.41719750428125,1.50484190559375,0.631551066563632,1,22.098,"191",2018,"Summer",2018
"113",2018-07-12,21.266875,22.1245833333333,13.462,3,66.02068921125,62.57203051375,25.5833333333333,26.375,13.5416666666667,24.1302083333333,24.484375,26.323125,1.28431317916592,0.472780825404167,1.75709400458333,0.653255456733445,1,13.462,"193",2020,"Summer",2018
"114",2018-07-16,21.4058333333333,22.1839583333333,8.636,3,70.4371995525,67.9158576052083,25.1875,26.1875,19.1875,23.789375,23.1322916666667,24.6179166666667,0.448996557399375,1.53459667434375,1.9835932316875,0.187105649664016,1,8.636,"197",2024,"Summer",2018
"115",2018-07-20,24.1179166666667,24.8872916666667,7.239,6,61.6522132322917,58.8024707916667,20.2291666666667,21.9583333333333,19.1458333333333,27.2275,26.2441666666667,26.7725,-0.695358972985417,3.0466286718125,2.3512696988125,0.617343731176916,1,7.239,"201",2028,"Summer",2018
"116",2018-07-30,24.0479166666667,24.52375,9.271,6,57.3591258195833,54.320833756875,17.0833333333333,14.0416666666667,14.8333333333333,28.2225,26.7285416666667,27.753125,0.383506723373333,2.27794296935417,2.66144969266667,0.588396900549935,1,9.271,"211",2038,"Summer",2018
"117",2018-08-06,27.385625,28.1616666666667,11.557,5,40.7395873364583,37.5219713972917,15.3333333333333,13,13.4791666666667,29.3370833333333,28.2483333333333,28.4372916666667,0.585087620179708,2.04676830688333,2.63185592710417,0.517722252762035,1,11.557,"218",2045,"Summer",2018
"118",2018-08-07,24.7547916666667,25.51375,17.399,5,53.77180381375,50.334775069375,24.375,NA,13.1666666666667,27.205,26.9991666666667,27.96,0.351230841081813,2.49588993964271,2.84712078070833,1.56026035419116,1,17.399,"219",2046,"Summer",2018
"119",2018-08-14,22.4820833333333,23.1797916666667,5.08,2,60.6328538154167,58.5954904345833,17.6666666666667,NA,14.375,26.42625,25.3510416666667,25.9172916666667,-0.810473044275,3.05683721299792,2.24636416866667,0.946913811016548,1,5.08,"226",2053,"Summer",2018
"120",2018-08-23,18.955,19.7772916666667,57.15,11,79.7110925835417,76.758320161875,24.0416666666667,18.5454545454545,15.8958333333333,22.9891666666667,23.793125,25.0566666666667,0.655960657151667,0.9099667416575,1.5659273988125,0.394367190846932,1,57.15,"235",2062,"Summer",2018
"121",2018-08-24,19.44875,20.13375,20.066,6,77.674098475625,74.773385241875,29.5208333333333,31.875,19.3541666666667,22.28,22.3760416666667,23.4585416666667,-0.476199426310417,2.02758587038708,1.55138644404167,0.216758630346293,1,20.066,"236",2063,"Summer",2018
"122",2018-09-02,19.0589583333333,19.645,8.636,2,71.1127044177083,70.0047828041667,18.0625,21.625,15.0833333333333,24.5141666666667,24.428125,24.7345833333333,-1.11403729688125,2.70072063544375,1.58668333854167,0.507853087508439,1,8.636,"245",2072,"Summer",2018
"123",2018-09-03,19.240625,20.0402083333333,6.096,3,63.521596805,60.09942223875,26.2291666666667,27.6041666666667,15.9166666666667,22.4814583333333,22.765,23.9322916666667,-1.49457104704583,3.16225122166667,1.66768017470833,1.26064505885173,1,6.096,"246",2073,"Summer",2018
"124",2018-09-19,18.5433333333333,19.32125,13.462,13,83.71182242,80.43410656875,16.5416666666667,22.5,14.1666666666667,23.8845833333333,24.869375,25.310625,0.546083116993125,1.31596437016667,1.86204748714583,0.294016232966426,1,13.462,"262",2089,"Summer",2018
"125",2018-10-12,12.3514583333333,12.3514583333333,12.573,20,92.3581438345833,92.3581438345833,17.5,24.0625,16,17.341875,18.3291666666667,19.6325,0.217461058116458,0.48740591959375,0.704866977689583,0.0247301433821956,1,12.573,"285",2112,"Summer",2018
"126",2018-10-15,10.9232916666667,12.3313541666667,12.446,7,79.8980759202083,79.0736093996296,24.7916666666667,29.875,16.6041666666667,15.0970833333333,15.865,17.6541666666667,0.133503768303958,0.707396698397917,0.840900466677083,0.161210155166032,1,12.446,"288",2115,"Summer",2018
"127",2018-10-16,7.1776875,11.1713541666667,6.985,8,81.5486160120833,NA,28.2291666666667,41.25,19.5,14.0008333333333,14.0066666666667,16.529375,0.126377738235625,0.706646315983333,0.833024054245833,0.231403050613107,1,6.985,"289",2116,"Summer",2018
"128",2018-10-21,15.2602083333333,15.8227083333333,7.112,3,66.177403435,65.9259688177083,22.8958333333333,30.1458333333333,18.2291666666667,17.1122916666667,16.3875,17.0895833333333,0.395835689447917,1.01596783401937,1.4118035235,0.284941125108242,1,7.112,"294",2121,"Summer",2018
"129",2018-10-23,12.6835416666667,13.8004166666667,21.971,13,79.4042137314583,76.1607324791667,29,29.9583333333333,24.375,15.5741666666667,15.9266666666667,17.1883333333333,1.05208827876042,0.208884353506417,1.26097263225,1.01761199004727,1,21.971,"296",2123,"Summer",2018
"130",2018-11-30,7.04525,7.831625,6.604,6,69.9041898341667,69.5045134829167,17.5208333333333,28.625,18.9166666666667,10.7125,11.0283333333333,11.575625,0.136449156025625,0.148173497050833,0.28462265308125,0.183026508754353,1,6.604,"334",2161,"Winter",2018
"131",2018-12-07,6.40333333333333,7.51322916666667,17.78,13,89.9695512560417,87.0728570960417,24.1041666666667,30.6041666666667,25.5625,8.9775,10.07,10.72875,0.142202054660188,0.113765788209792,0.255967842866667,0.034850315887921,1,17.78,"341",2168,"Winter",2018
"132",2018-12-28,0.119979166666667,1.03572916666667,5.715,4,73.669564724375,72.2270359520833,19.8541666666667,35.3958333333333,21.7708333333333,5.09291666666667,6.04604166666667,7.73833333333333,-0.0569664594872917,0.15814909037639,0.101182630890417,0.0518887147722467,1,5.715,"362",2189,"Winter",2018
"133",2019-01-06,5.67091666666667,6.64675,9.017,11,86.4010556914583,84.1985194054167,16.5895833333333,31.9916666666667,23.3333333333333,7,6.98958333333333,6.8,0.423020287009646,0.113489041807292,0.5365093288125,0.681088602922902,1,9.017,"6",2198,"Winter",2019
"134",2019-02-10,6.40679166666667,7.48947916666667,6.604,9,55.3050893016667,53.8236377758333,12,18.0041666666667,21.3895833333333,7.20833333333333,8.00625,8.325,0.0243507832393542,0.223414099784792,0.247764883039583,0.0806540216506057,1,6.604,"41",2233,"Winter",2019
"135",2019-02-19,-1.21689583333333,-0.329229166666667,5.842,4,69.7732353445833,68.4229743989583,13.3708333333333,20.5833333333333,21.8666666666667,5.7,5.97083333333333,7.84375,0.443590514982994,0.070649734109375,0.514240249090208,1.81094386286301,1,5.842,"50",2242,"Winter",2019
"136",2019-02-22,-0.2445,0.592916666666667,12.319,14,91.0672462910417,89.9263293210417,14.4895833333333,22.5479166666667,22.6,4.325,5.69166666666667,6.8,-0.0487731150743958,0.172120076772708,0.123346961692708,0.0657690528135436,1,12.319,"53",2245,"Winter",2019
"137",2019-03-11,12.1197708333333,12.719625,7.112,8,58.1729856425,57.042627101875,12.3208333333333,17.75625,21.8375,12.2604166666667,11.8,11.0895833333333,0.551011738126458,0.401208767591042,0.952220505704167,0.357697109083022,1,7.112,"70",2262,"Spring",2019
"138",2019-03-12,4.88045833333333,5.54533333333333,26.162,22,93.1681249714583,91.1690964720833,27.4854166666667,16.1020833333333,28.5958333333333,9.94166666666667,10.8875,11.3854166666667,0.854774300733333,0.106687818371042,0.9614621191,0.882222613775011,1,26.162,"71",2263,"Spring",2019
"139",2019-07-07,23.0720833333333,23.8154166666667,9.017,3,41.8727818225,40.5808212152083,7.34166666666667,8.98333333333333,14.4666666666667,27.2708333333333,27.8354166666667,28.0291666666667,1.02006117275708,0.281488226110417,1.30154939888542,1.35825978536897,1,9.017,"188",2380,"Summer",2019
"140",2019-07-17,24.0720833333333,25.3669444444444,6.096,6,51.1672697683333,48.9151533094444,4.69583333333333,8.45208333333333,14.3895833333333,30.375,29.48125,28.4791666666667,0.331110174918125,1.54655534360556,1.84207632891667,0.393722945402621,1,6.096,"198",2390,"Summer",2019
"141",2019-07-29,23.3552083333333,24.0808333333333,42.545,12,57.1238353035417,55.4557325022917,11.5895833333333,9.82083333333333,14.73125,26.4125,26.7,27.3625,0.334112000552292,0.871838448068958,1.20595044874792,0.249475654447249,1,42.545,"210",2402,"Summer",2019
"142",2019-07-30,21.479375,22.0395833333333,8.255,6,70.1662228635417,68.5727312727083,22.3354166666667,14.51875,16.625,24.6166666666667,24.4041666666667,25.5333333333333,1.81800371132292,0.20421269334375,2.02221640464167,1.29134697703272,1,8.255,"211",2403,"Summer",2019
"143",2019-07-31,20.5716666666667,21.3858333333333,8.255,3,76.9545522814583,74.96510494125,21.3666666666667,14.53125,16.8979166666667,23.8354166666667,24.1458333333333,25.19375,1.52724086562417,0.431412237785417,1.95865310341667,0.749478941714507,1,8.255,"212",2404,"Summer",2019
"144",2019-08-06,22.4875,23.2414583333333,10.287,3,64.6208649783333,62.6690908429167,15.2604166666667,9.56041666666667,15.0166666666667,25.7604166666667,25.925,26.1354166666667,-0.765524909313375,3.25402409997021,2.48849919041667,0.450369150422884,1,10.287,"218",2410,"Summer",2019
"145",2019-08-21,26.2935416666667,27.2629166666667,21.844,3,40.5318780770833,37.3315757116667,13.0583333333333,8.95833333333333,14.4041666666667,28.3770833333333,28.4625,27.9791666666667,-0.197773682053542,2.27610552796542,2.07833184597917,0.499238592095711,1,21.844,"233",2425,"Summer",2019
"146",2019-08-23,21.1997916666667,21.85,8.001,8,66.0271376779167,64.6512000077083,16.4229166666667,9.51666666666667,17.9583333333333,24.5791666666667,24.8770833333333,25.5875,-0.885904828247563,3.08672663461667,2.20082180635417,0.948513383145634,1,8.001,"235",2427,"Summer",2019
"147",2019-08-28,22.6883333333333,23.6360416666667,12.065,7,60.6377222433333,58.5075779297917,11.1125,8.27708333333333,NA,25.6104166666667,25.8895833333333,26.1083333333333,-0.27445227433875,3.30568239649875,3.0312301220625,1.1345301769489,1,12.065,"240",2432,"Summer",2019
"148",2019-09-14,17.3197916666667,17.9904166666667,11.43,15,74.9588096247917,75.28443221375,5.55208333333333,9.27083333333333,NA,23.0666666666667,24.0625,24.9041666666667,0.154011543794583,1.48770898796667,1.64172053179167,0.0955284527059338,1,11.43,"257",2449,"Summer",2019
"149",2019-09-15,19.41,19.895625,5.842,3,73.6018055622917,74.2026089685417,14.4895833333333,9.79583333333333,NA,21.94375,21.9770833333333,23.5416666666667,0.599984780845625,1.68737605965208,2.28736084041667,1.17747318279745,1,5.842,"258",2450,"Summer",2019
"150",2019-09-24,14.5327083333333,15.37,37.465,22,87.1710224408333,85.909624810625,20.8333333333333,19.35625,NA,19.4020833333333,20.7770833333333,22.15625,0.954878264072083,0.570954433621042,1.5258326976875,0.293012362914782,1,37.465,"267",2459,"Summer",2019
"151",2019-11-19,13.900625,14.8808333333333,12.573,14,58.1099720139583,58.18809034125,6,11.11875,NA,14.5604166666667,15.1041666666667,15.6520833333333,0.516396688909792,0.3608149885375,0.87721167746875,0.26564677851037,1,12.573,"323",2515,"Winter",2019
"152",2019-11-21,6.29335416666667,7.04320833333333,18.415,17,87.3837136435417,86.7718021854167,22.3895833333333,25.2520833333333,NA,9.93333333333333,11.8041666666667,13.1625,0.397573986840979,0.284875712595833,0.6824496994375,0.239631205587642,1,18.415,"325",2517,"Winter",2019
"153",2019-11-27,6.52566666666667,7.86267741935484,49.276,25,89.6992490895833,85.6086373003226,21.9020833333333,17.6583333333333,NA,8.36875,9.14583333333333,10.9,0.188542725280208,0.255542169319355,0.41174280053871,0.0293125760851334,1,49.276,"331",2523,"Winter",2019
"154",2019-11-28,8.24764583333333,NA,9.017,15,83.056851135,NA,24.0354166666667,NA,NA,8.875,9.03541666666667,9.77916666666667,0.0418918731129708,NA,NA,NA,1,9.017,"332",2524,"Winter",2019
"155",2019-11-29,5.59945833333333,NA,17.653,12,73.4092735760417,NA,23.9875,NA,NA,7.82291666666667,8.92708333333333,10.3270833333333,0.0249023421469458,NA,NA,NA,1,17.653,"333",2525,"Winter",2019
"156",2019-12-09,6.30575,7.00554166666667,20.701,16,89.05288946,88.8969578839583,24.93125,19.4270833333333,NA,9.85625,10.5833333333333,11.1979166666667,0.406222209424646,0.197449764702083,0.603671974133333,0.723352018066645,1,20.701,"343",2535,"Winter",2019
"157",2019-12-24,5.8711875,6.695125,6.096,6,71.67710122375,71.4070969129167,16.1833333333333,23.75625,NA,6.6625,7.33958333333333,7.8375,0.242354692617292,0.0733300727520833,0.315684765370833,0.199533870973272,1,6.096,"358",2550,"Winter",2019
"158",2019-12-27,1.742,2.4128125,7.239,9,85.0524455302083,86.3149039647917,17.7020833333333,29.05625,NA,5.52083333333333,6.42708333333333,7.53125,0.146783207926208,0.0936371000227083,0.24042030794375,0.0983840449651602,1,7.239,"361",2553,"Winter",2019
"159",2020-03-03,4.57910416666667,5.1524375,9.906,8,85.3486583389583,84.96438614,9.6275,22.3995833333333,31.9085416666667,10.145625,11.2541666666667,11.7920833333333,0.146467466917083,0.348432852079583,0.494900318977083,0.200274385286081,1,9.906,"63",2620,"Spring",2020
"160",2020-03-08,9.54170833333333,10.3007083333333,19.812,16,77.3810850110417,76.5028332764583,14.3483333333333,25.8425,35.5385416666667,12.8460416666667,13.663125,13.7170833333333,0.415199547654167,0.071521330335,0.486720877991667,0.233643587051011,1,19.812,"68",2625,"Spring",2020
"161",2020-03-12,11.3845833333333,12.0483333333333,6.096,5,82.953210235,82.9862614997917,11.66,24.121875,34.475,13.7302083333333,13.9614583333333,13.805625,0.461160345888333,0.173570576561688,0.634730922441667,0.432043983775075,1,6.096,"72",2629,"Spring",2020
"162",2020-03-18,7.21091666666667,8.01679166666667,16.129,11,70.9672300020833,70.2977274904167,11.95875,24.2683333333333,33.2866666666667,11.0966666666667,12.750625,13.5891666666667,0.288062697319792,0.161859719661875,0.4499224169875,0.170671676171181,1,16.129,"78",2635,"Spring",2020
"163",2020-04-11,7.8125,8.513625,5.334,3,53.3270887302083,53.6807425108333,7.82395833333333,22.2364583333333,32.3154166666667,15.8747916666667,17.3970833333333,17.9497916666667,-0.574275011908333,1.28279571400417,0.70852070208125,0.179006724509031,1,5.334,"102",2659,"Spring",2020
"164",2020-07-01,22.0975,23.0127083333333,15.875,3,41.208022833125,39.4800591283333,4.76958333333333,10.8166666666667,24.841875,29.5435416666667,30.400625,30.09375,0.395772672173125,0.529302512341667,0.92507518448125,0.42086687610055,1,15.875,"183",2740,"Summer",2020
"165",2020-07-24,18.6902083333333,19.439375,14.605,15,85.9429885616667,84.787020199375,4.00625,11.046875,25.9247916666667,23.2347916666667,24.7783333333333,25.96625,0.5856676041775,0.205544935055625,0.791212539245833,0.243226097093624,1,14.605,"206",2763,"Summer",2020
"166",2020-08-12,26.1552083333333,27.2258333333333,7.366,4,39.6801294204167,36.8296881239583,4.36791666666667,12.2158333333333,27.3304166666667,30.5552083333333,31.0360416666667,30.471875,0.811187637308375,0.282664319507708,1.09385195682083,1.05408432476907,1,7.366,"225",2782,"Summer",2020
"167",2020-08-31,18.7875,19.6875555555556,11.557,10,83.8627232335417,82.3421980388889,8.12354166666667,10.9572916666667,26.056875,23.92875,25.6495833333333,26.8835416666667,0.766557725697812,0.192938042959089,1.01150293124444,0.490375981036336,1,11.557,"244",2801,"Summer",2020
"168",2020-12-10,8.36654166666667,9.02777083333333,12.7,9,78.8419644533333,78.9086576716667,3.58625,6.52354166666667,21.6652083333333,11.4275,12.30125,12.61,0.559212156289583,0.0372598995375,0.596472055829167,0.651929702304675,1,12.7,"345",2902,"Winter",2020
