"","date","meanGPP","meanRsoil","sumRain","meanTsoil","meanSWC","max_pulse_duration","DOY"
"1",2017-01-01,0.091480013309875,0.146041666666667,2.54,7.6638125,0.251629895833333,14,1
"2",2017-01-02,0.112922488958729,0.170888888888889,0,5.79545833333333,0.24814375,14,2
"3",2017-01-03,0.077096496019375,0.2285,0,6.89522101449275,0.238569673913043,14,3
"4",2017-01-04,0.0615146716439792,0.330902777777778,0,8.53315972222222,0.230855833333333,14,4
"5",2017-01-05,0.0404434871346833,0.344618055555556,0,8.01632638888889,0.2214225,14,5
"6",2017-01-06,0.0246626190797917,0.330243055555556,0,7.9271875,0.212625104166667,0,6
"7",2017-01-07,0.061333400800625,0.295902777777778,0,7.52992708333333,0.203999756944444,0,7
"8",2017-01-08,0.167391022050229,0.352152777777778,0,9.47319444444445,0.19839375,0,8
"9",2017-01-09,0.0858998397075,0.375590277777778,0,10.7447291666667,0.1914446875,0,9
"10",2017-01-10,0.0638907839645833,0.362083333333333,0,9.88760416666667,0.182986145833333,0,10
"11",2017-01-11,0.0700740912840104,0.346527777777778,0,9.30580208333333,0.175358645833333,0,11
"12",2017-01-12,0.0845688944341667,0.322743055555556,0,8.940125,0.167482847222222,0,12
"13",2017-01-13,0.213874203048333,0.303055555555556,0,8.89719791666667,0.16102665625,0,13
"14",2017-01-14,0.158186574368125,0.322159090909091,9.271,10.2552291666667,0.179143833333333,8,14
"15",2017-01-15,0.0248615527708333,0.129583333333333,5.969,7.8756875,0.279395625,8,15
"16",2017-01-16,0.201491271194021,0.16452380952381,0,7.55684375,0.258599791666667,8,16
"17",2017-01-17,0.175544171603958,0.206722222222222,0,7.27550694444444,0.246194895833333,8,17
"18",2017-01-18,0.249676168643958,0.185657894736842,0,6.2052625,0.2352445,8,18
"19",2017-01-19,0.276866001295417,0.241006944444444,0,6.22591666666667,0.228289479166667,8,19
"20",2017-01-20,0.142977480255,0.244270833333333,1.778,6.21991666666667,0.226362916666667,8,20
"21",2017-01-21,0.255717889971875,0.111875,7.239,5.71491666666667,0.272262916666667,8,21
"22",2017-01-22,0.336314737670833,0.213869047619048,0,5.29705208333333,0.2497259375,8,22
"23",2017-01-23,0.19658877316875,0.27231884057971,0.254,6.89690625,0.241800208333333,8,23
"24",2017-01-24,0.204633192874729,0.230173611111111,0.762,6.75415625,0.240324791666667,8,24
"25",2017-01-25,0.124769002915625,0.212465277777778,0,4.67679166666667,0.235130833333333,8,25
"26",2017-01-26,0.114122350466667,0.205,0,4.33738541666667,0.230305763888889,8,26
"27",2017-01-27,0.0427850102377083,0.199791666666667,0,4.194875,0.227477916666667,8,27
"28",2017-01-28,0.0514991163284792,0.211736111111111,0,4.42751736111111,0.224538680555556,8,28
"29",2017-01-29,0.033502174415,0.229652777777778,0,5.68475347222222,0.224116111111111,0,29
"30",2017-01-30,0.0230256376914583,0.250138888888889,0,6.39640972222222,0.2219575,0,30
"31",2017-01-31,0.013104690233125,0.286284722222222,0,7.76728472222222,0.219343472222222,0,31
"32",2017-02-01,0.0546635967620833,0.29,0,8.440375,0.215687083333333,0,32
"33",2017-02-02,0.00926929634604167,0.308333333333333,0,8.37080882352941,0.210319411764706,0,33
"34",2017-02-03,0.02352485327625,0.401833333333333,0,11.7596944444444,0.207228777777778,0,34
"35",2017-02-04,0.00904331205020833,0.332638888888889,0,9.76142361111111,0.198514861111111,0,35
"36",2017-02-05,0.008488402548125,0.363472222222222,0,10.9783715277778,0.193679305555556,0,36
"37",2017-02-06,0.0528186881495833,0.332395833333333,0,10.7596875,0.184750555555556,0,37
"38",2017-02-07,0.0337353283789375,0.3540625,0,10.7819166666667,0.179537916666667,0,38
"39",2017-02-08,0.0612118947836042,0.38213768115942,0,11.6633007246377,0.173996666666667,0,39
"40",2017-02-09,0.0303988260198125,0.431840277777778,0,12.9820972222222,0.167916805555556,0,40
"41",2017-02-10,0.0287945028835417,0.480208333333333,0,14.0907777777778,0.160582222222222,0,41
"42",2017-02-11,0.05996743616,0.489375,0,14.3022152777778,0.151228333333333,0,42
"43",2017-02-12,0.0889242322827083,0.42625,0,13.025125,0.141942013888889,0,43
"44",2017-02-13,0.0484991348758958,0.391770833333333,2.794,11.599625,0.142276111111111,0,44
"45",2017-02-14,0.070426252890625,0.299097222222222,0.635,10.3563229166667,0.151445694444444,0,45
"46",2017-02-15,0.142590998621667,0.368090277777778,0,9.51898958333333,0.162867361111111,0,46
"47",2017-02-16,0.178685913416979,0.399652777777778,0,9.59034375,0.169864444444444,0,47
"48",2017-02-17,0.187295557656458,0.395034722222222,0,11.15296875,0.172162916666667,0,48
"49",2017-02-18,0.0730387814336958,0.363993055555556,0.254,10.6321423611111,0.156950274305556,0,49
"50",2017-02-19,0.0830332045416667,0.298333333333333,1.27,9.16354166666667,0.1431500625,0,50
"51",2017-02-20,0.178211595000208,0.429756944444444,0,11.7228784722222,0.1564646875,0,51
"52",2017-02-21,0.28680154165125,0.484409722222222,0,11.6478560606061,0.158807291666667,0,52
"53",2017-02-22,0.34240432224375,0.490909090909091,0,12.4901973684211,0.152736579545455,0,53
"54",2017-02-23,0.225684250820833,0.46481884057971,0,12.7925833333333,0.137838144927536,0,54
"55",2017-02-24,0.181942824413333,0.404305555555556,0,11.4319166666667,0.106439145833333,0,55
"56",2017-02-25,0.3883034694625,0.398680555555556,0,13.50825,0.11512425,0,56
"57",2017-02-26,0.252852725318542,0.360833333333333,0,14.6542291666667,0.109696305555556,0,57
"58",2017-02-27,0.375009232583125,NA,0,14.7520833333333,NA,0,58
"59",2017-02-28,0.265472089167083,NA,0,14.6843541666667,NA,0,59
"60",2017-03-01,0.500678876538542,NA,0,14.6805227272727,NA,0,60
"61",2017-03-02,0.481924679113333,NA,0,14.5495454545455,NA,0,61
"62",2017-03-03,0.274576766167917,NA,0,14.5831875,NA,0,62
"63",2017-03-04,0.50324844879375,NA,0,14.5214318181818,NA,0,63
"64",2017-03-05,0.367947455073958,NA,0,14.5151590909091,NA,0,64
"65",2017-03-06,0.465173061585625,NA,0,14.5654545454545,NA,0,65
"66",2017-03-07,0.618037011760417,NA,0,14.5313181818182,NA,0,66
"67",2017-03-08,0.548951368304167,NA,0,14.4466893939394,NA,0,67
"68",2017-03-09,0.670183683759792,NA,0,14.41225,NA,0,68
"69",2017-03-10,0.654127994127708,NA,0,14.4459722222222,NA,0,69
"70",2017-03-13,0.390841176062917,NA,0,14.3931739130435,NA,0,72
"71",2017-03-14,0.391613586222917,NA,0,14.3830173611111,NA,0,73
"72",2017-03-15,0.521723956997917,0.918571428571429,0,14.40615,0.0547192023809524,0,74
"73",2017-03-16,0.442122413341667,0.928333333333333,0,14.7553888888889,0.0516652916666667,0,75
"74",2017-03-17,0.551268713582708,0.911969696969697,0,21.765962962963,0.0503279848484849,0,76
"75",2017-03-18,0.61734015789,0.971111111111111,0,21.6870416666667,0.0506869583333333,0,77
"76",2017-03-19,0.675772466790208,1.00861111111111,0,22.3106875,0.0515497361111111,0,78
"77",2017-03-20,0.599400140545208,1.01472222222222,0,22.758625,0.0511220277777778,0,79
"78",2017-03-21,0.807121608848542,0.991111111111111,0,22.4740972222222,0.0508294027777778,0,80
"79",2017-03-22,0.655271317122917,0.988333333333333,0,22.0224027777778,0.0500827083333333,0,81
"80",2017-03-23,0.373512032023313,0.907916666666667,0,18.9910277777778,0.047352125,0,82
"81",2017-03-24,0.826069657475,0.774583333333333,0,18.3782638888889,0.0477192916666667,0,83
"82",2017-03-25,0.810015697445,0.825833333333333,0,19.4417569444444,0.0478197916666667,0,84
"83",2017-03-26,0.925604348020833,0.845416666666667,0,20.3284097222222,0.0477493472222222,0,85
"84",2017-03-27,0.791639217133333,0.828695652173913,0,19.9708333333333,0.0467507536231884,0,86
"85",2017-03-28,0.5075737897975,0.950277777777778,2.286,18.0483194444444,0.04784,0,87
"86",2017-03-29,0.93338847595,0.782638888888889,0,18.2272361111111,0.0527044444444444,0,88
"87",2017-03-30,1.10397129534979,0.815,0,19.6223888888889,0.0534687083333333,0,89
"88",2017-03-31,0.623448886297646,0.750277777777778,0,17.8578333333333,0.0486936805555556,0,90
"89",2017-04-01,0.74376524823125,0.640972222222222,0,17.4808611111111,0.04744075,0,91
"90",2017-04-02,0.945444115079792,0.658888888888889,0,18.7332222222222,0.048335,0,92
"91",2017-04-03,0.760590666635417,0.715972222222222,0,19.8309444444444,0.0484345416666667,0,93
"92",2017-04-04,0.66811732712625,0.695138888888889,0,20.0597222222222,0.0465394583333333,0,94
"93",2017-04-05,0.664071688983333,0.640833333333333,0,20.2430138888889,0.0462633333333333,0,95
"94",2017-04-06,0.656894223735417,0.655138888888889,0,20.5632916666667,0.0459435833333333,0,96
"95",2017-04-07,0.594021839506458,0.719305555555556,0,22.1326956521739,0.0467751111111111,0,97
"96",2017-04-08,0.519911914635,0.771944444444444,0,23.2928958333333,0.0458846111111111,0,98
"97",2017-04-09,0.76292226860125,0.673472222222222,0,21.3370625,0.0435008888888889,0,99
"98",2017-04-10,0.582309696118542,0.643194444444444,0,22.095875,0.0443965138888889,0,100
"99",2017-04-11,0.438338387391667,0.652608695652174,0,22.5743695652174,0.0449122753623188,0,101
"100",2017-04-12,0.439453496005833,0.703611111111111,0,24.4333541666667,0.0457284166666667,0,102
"101",2017-04-13,0.305019842284167,0.692644927536232,0,24.7880869565217,0.044602115942029,0,103
"102",2017-04-14,0.215399623657917,0.6825,0,25.5308958333333,0.0441684166666667,0,104
"103",2017-04-15,0.239904960423729,0.676006944444444,0,25.4718541666667,0.0439165694444444,0,105
"104",2017-04-16,0.225762231195,0.653229166666667,0,25.7865277777778,0.0434429305555556,0,106
"105",2017-04-17,0.291303909355833,0.659673913043478,0,26.318652173913,0.0434277971014493,0,107
"106",2017-04-18,0.29234271504375,0.707916666666667,0,27.1688333333333,0.0438012222222222,0,108
"107",2017-04-19,0.281130593528667,0.711458333333333,0,27.7710277777778,0.0438792361111111,0,109
"108",2017-04-20,0.350101735802708,0.682395833333333,0,27.5843472222222,0.043335375,0,110
"109",2017-04-21,0.308381106409583,0.672083333333333,0,27.3442152777778,0.0425570972222222,0,111
"110",2017-04-22,0.456470797165,0.668020833333333,0,28.0058680555556,0.0426480138888889,0,112
"111",2017-04-23,0.4628883296875,0.656458333333333,0,28.2281458333333,0.0422555,0,113
"112",2017-04-24,0.503448891583333,0.6575,0,27.6508611111111,0.0414732222222222,0,114
"113",2017-04-25,0.515472893641667,0.683229166666667,0,26.0240694444444,0.0404909166666667,0,115
"114",2017-04-26,0.418956309313125,0.601449275362319,0,25.6885652173913,0.0405892898550725,0,116
"115",2017-04-27,0.536217384414583,0.6265625,0,26.7804305555556,0.0414281388888889,0,117
"116",2017-04-28,0.404424136909833,0.6165625,0,25.3397222222222,0.0413788055555556,0,118
"117",2017-04-29,0.468330485220833,0.538298611111111,0,24.7111458333333,0.0424344583333333,0,119
"118",2017-04-30,0.342106817237708,0.513263888888889,0,24.79659375,0.0421547395833333,0,120
"119",2017-05-01,0.195674742093875,0.529340277777778,0,26.5966458333333,0.0431741041666667,0,121
"120",2017-05-02,0.15742945633875,0.536527777777778,0,26.8339270833333,0.0426358645833333,0,122
"121",2017-05-03,0.0789354625634583,0.578958333333333,0,29.3270833333333,0.0444063229166667,0,123
"122",2017-05-04,0.1415833656075,0.58,0,27.8440666666667,0.0452814479166667,0,124
"123",2017-05-05,0.109362266061458,0.577604166666667,0,28.687375,0.0454394895833333,0,125
"124",2017-05-06,0.0774753765953333,0.557604166666667,0,28.7853977272727,0.0443176354166667,0,126
"125",2017-05-07,0.088707184436875,0.492777777777778,0,26.8151145833333,0.0419494166666667,0,127
"126",2017-05-08,0.15334291242136,0.455069444444444,0,25.0585729166667,0.0413638125,0,128
"127",2017-05-09,0.127445063996833,0.465555555555556,1.651,19.5007916666667,0.03831996875,0,129
"128",2017-05-10,0.0414176474479167,0.57625,0,18.9876979166667,0.0446728854166667,0,130
"129",2017-05-11,0.141505204132083,0.457777777777778,0,23.6891666666667,0.0527687291666667,0,131
"130",2017-05-12,0.0730554482929167,0.456022727272727,0,27.0758560606061,0.0520169772727273,0,132
"131",2017-05-13,0.0697330779370833,0.483819444444444,0,28.1078586956522,0.04941034375,0,133
"132",2017-05-14,0.04867226428,0.441875,0,28.10003125,0.0464059895833333,0,134
"133",2017-05-15,0.0442165764064583,0.445520833333333,0,27.2955520833333,0.04474203125,0,135
"134",2017-05-16,0.240705927890833,0.423263888888889,0,25.1271666666667,0.0427460833333333,0,136
"135",2017-05-17,0.258473054708333,0.432430555555556,0,25.83934375,0.0432401666666667,0,137
"136",2017-05-18,0.390236627642083,0.462101449275362,0,26.7551956521739,0.0434976739130435,0,138
"137",2017-05-19,0.398340107084375,0.457361111111111,0,27.4186041666667,0.0436271041666667,0,139
"138",2017-05-20,0.2340738487275,0.445034722222222,0,28.2536527777778,0.0437508854166667,0,140
"139",2017-05-21,0.125006034915625,0.496875,0,29.9855208333333,0.0444507395833333,0,141
"140",2017-05-22,0.171974317578958,0.531215277777778,0,30.9700277777778,0.0445625104166667,0,142
"141",2017-05-23,0.229804897597292,0.55875,0,31.82184375,0.0449762083333333,0,143
"142",2017-05-24,0.202573132099583,0.568194444444444,0,32.5250347222222,0.0449982291666667,0,144
"143",2017-05-25,0.116446303822271,0.568576388888889,0,31.8123333333333,0.0441043958333333,0,145
"144",2017-05-26,0.149305056951875,0.514021739130435,0,30.8793043478261,0.043350347826087,0,146
"145",2017-05-27,0.173936097297917,0.500416666666667,0,31.1643125,0.0434719791666667,0,147
"146",2017-05-28,0.174440559659583,0.464340277777778,0,31.3797638888889,0.0433388854166667,0,148
"147",2017-05-29,0.179334848385833,0.461284722222222,0,31.4297048611111,0.0429174166666667,0,149
"148",2017-05-30,0.154412974775292,0.470104166666667,0,29.1131041666667,0.0476652916666667,0,150
"149",2017-05-31,0.0380132229850417,0.434930555555556,0,29.82503125,0.0548279791666667,0,151
"150",2017-06-01,0.0675469558858333,0.409895833333333,0,28.8612395833333,0.0532939375,0,152
"151",2017-06-02,0.149522382765208,0.454409722222222,0,30.8757916666667,0.0527543541666667,0,153
"152",2017-06-03,0.157134482741458,0.478055555555556,0,32.9115729166667,0.05054046875,0,154
"153",2017-06-04,0.0884074567689792,0.487048611111111,0,33.2438958333333,0.0486992708333333,0,155
"154",2017-06-05,0.0531318329389583,0.521739130434783,0,33.683615942029,0.0478063260869565,0,156
"155",2017-06-06,0.099785719764375,0.531458333333333,0,34.5846215277778,0.0479645208333333,0,157
"156",2017-06-07,0.123851611454167,0.718229166666667,1.397,29.8379895833333,0.0454657708333333,0,158
"157",2017-06-08,0.0642194842554167,0.4971875,0,31.1719895833333,0.05157303125,0,159
"158",2017-06-09,0.0808806436133125,0.488368055555556,0,33.3582673611111,0.0509855625,0,160
"159",2017-06-10,0.0437252999116667,0.463333333333333,0,33.7513020833333,0.0489051979166667,0,161
"160",2017-06-11,0.0498092938845833,0.463472222222222,0,32.6640729166667,0.0464776979166667,0,162
"161",2017-06-12,0.0142376255585417,0.470347222222222,0,33.2679166666667,0.04662390625,0,163
"162",2017-06-13,0.0472036519213333,0.482222222222222,0,33.5855416666667,0.046591875,0,164
"163",2017-06-14,0.04088174363125,0.495,0,34.0466111111111,0.0462300625,0,165
"164",2017-06-15,0.116467463114375,0.5121875,0,34.81003125,0.04609675,0,166
"165",2017-06-16,0.05200056729375,0.539375,0,35.7667116977226,0.0358518949275362,0,167
"166",2017-06-17,0.0457755039329167,0.538576388888889,0,35.2350119047619,0.0297812513888889,0,168
"167",2017-06-18,0.0822716931072917,0.556979166666667,0,36.3688878968254,0.0299614479166667,0,169
"168",2017-06-19,0.0831895756604167,0.577638888888889,0,37.3582718253968,0.0305386215277778,0,170
"169",2017-06-20,0.135344867342292,0.640208333333333,0,38.8694920634921,0.0319390090277778,0,171
"170",2017-06-21,0.432773140456667,1.05315217391304,6.35,32.9638385093168,0.0707463731884058,8,172
"171",2017-06-22,0.0701391414729167,1.16431818181818,0,32.428433982684,0.146860275324675,8,173
"172",2017-06-23,0.3627410765925,0.698875,0,34.7431031746032,0.106325355853175,8,174
"173",2017-06-24,0.618899063301042,0.631402777777778,0,37.1785103519669,0.0915371043478261,8,175
"174",2017-06-25,0.632367271842083,0.548291666666667,25.654,43.11075,0.253697435154062,20,176
"175",2017-06-26,0.145342542008187,2.19765277777778,1.651,29.7398921568627,0.595525626984127,20,177
"176",2017-06-27,0.271991581058333,2.3548125,0,31.4831448412698,0.445281520833333,20,178
"177",2017-06-28,0.297490533607292,1.936,0,32.0162857142857,0.298021444513458,20,179
"178",2017-06-29,0.4507872375125,1.72991666666667,0,33.5153402777778,0.24312503452381,20,180
"179",2017-06-30,0.57386437095,1.4995,0,33.8199613095238,0.198832002777778,20,181
"180",2017-07-01,0.4375014599,1.34383333333333,0,34.3171349206349,0.169570592460317,20,182
"181",2017-07-02,0.633375226777292,1.13141666666667,0,32.4910487012987,0.177808741071429,20,183
"182",2017-07-03,0.713105076380833,0.809159090909091,59.944,31.8941995464853,0.149964023809524,20,184
"183",2017-07-04,0.320532446412396,2.1426875,0,27.9209305555556,0.441640138888889,20,185
"184",2017-07-05,1.09628963761458,2.41335416666667,0,30.7723740079365,0.37349983531746,20,186
"185",2017-07-06,1.72660513723333,2.32316666666667,0,33.1626676587302,0.318443405357143,20,187
"186",2017-07-07,2.19087779655625,2.150125,0,33.1243938492063,0.244395552380952,20,188
"187",2017-07-08,2.55221646186875,2.00375,0,33.3043650793651,0.206753035714286,20,189
"188",2017-07-09,2.09784036321271,1.40977777777778,8.509,28.5754652777778,0.212246111111111,20,190
"189",2017-07-10,2.42190855136875,2.09350574712644,2.159,24.7844023323615,0.347570881773399,20,191
"190",2017-07-11,3.17683167024979,2.33898550724638,0,25.3882352941176,0.332457888198758,20,192
"191",2017-07-12,2.279728936325,1.07418115942029,14.732,25.5374126984127,0.214351558441558,20,193
"192",2017-07-13,3.59742215455,1.770475,39.751,24.6701224489796,0.326247082815735,20,194
"193",2017-07-14,3.72018189790625,1.76569565217391,0,26.284387755102,0.34018602484472,20,195
"194",2017-07-15,3.81738883300417,2.0720652173913,0.635,27.100977443609,0.307493105590062,20,196
"195",2017-07-16,2.84108667104854,1.70607971014493,2.286,26.4721138716356,0.274826971014493,20,197
"196",2017-07-17,3.23439635702708,1.23951449275362,8.128,25.0251552795031,0.261653778467909,20,198
"197",2017-07-18,3.80431301798688,1.78138888888889,0,26.9687380952381,0.331937390873016,20,199
"198",2017-07-19,3.59234171781667,1.97139583333333,0,26.1535317460317,0.271412797619048,20,200
"199",2017-07-20,3.84899592568542,2.07450757575758,0,23.8658701298701,0.509773712121212,20,201
"200",2017-07-21,3.49148012930563,1.88681944444444,0.508,NA,0.8125,20,202
"201",2017-07-22,3.09203920387708,1.47181884057971,2.413,NA,0.646363636363636,20,203
"202",2017-07-23,3.6952046248875,1.44129166666667,2.032,NA,0.830833333333333,20,204
"203",2017-07-24,4.21181212185317,1.87186363636364,0,NA,0.906363636363636,20,205
"204",2017-07-25,5.43878002270208,2.06768115942029,0,NA,0.986086956521739,20,206
"205",2017-07-26,3.71783284363125,1.33058695652174,11.684,NA,0.741764705882353,20,207
"206",2017-07-27,4.38665053621875,1.1865652173913,8.382,NA,1.04352941176471,20,208
"207",2017-07-28,4.77322589996667,1.29461363636364,29.464,NA,1.20928571428571,20,209
"208",2017-07-29,4.11912566535417,0.927108695652174,3.683,NA,0.957142857142857,20,210
"209",2017-07-30,4.1299934866875,1.54844444444444,2.286,NA,0.994545454545455,20,211
"210",2017-07-31,4.319382233425,2.29894927536232,0,NA,1.13565217391304,20,212
"211",2017-08-01,4.45920638847917,0.883598484848485,11.684,NA,0.643157894736842,20,213
"212",2017-08-02,4.07440036244958,1.31618055555556,23.368,27.6837435897436,0.522658990079365,20,214
"213",2017-08-03,4.91523368708333,1.54880555555556,0,26.4551369047619,0.301058267857143,20,215
"214",2017-08-04,5.3971507481875,2.16919444444444,0,27.3861686507936,0.298033313492063,20,216
"215",2017-08-05,5.74483932937292,2.4465,0,29.1058849206349,0.302218005952381,20,217
"216",2017-08-06,5.9653008338375,2.52325,0,29.6892162698413,0.279860625,20,218
"217",2017-08-07,6.1363390459375,2.53025,0,29.8765793650794,0.26558816468254,20,219
"218",2017-08-08,5.5021509914375,2.57441666666667,0,29.0013015873016,0.258374472420635,20,220
"219",2017-08-09,4.12169082254167,2.42690277777778,0,29.7773452380952,0.226102705357143,20,221
"220",2017-08-10,4.19622427375,1.78806944444444,9.779,27.8751635610766,0.216955865079365,20,222
"221",2017-08-11,4.93447182058333,2.10377083333333,0,27.5164206349206,0.317112265873016,20,223
"222",2017-08-12,4.85830061889583,2.21429166666667,25.654,27.4466796536797,0.284635103174603,20,224
"223",2017-08-13,4.85891259780625,1.19806944444444,0,25.1918095238095,0.262284603174603,20,225
"224",2017-08-14,4.18974436889583,1.84947222222222,0,26.1381904761905,0.276092589285714,20,226
"225",2017-08-15,5.51264074808333,2.08808333333333,0,27.6077976190476,0.27329806547619,20,227
"226",2017-08-16,5.31887923449792,2.11992424242424,0,26.8305497835498,0.23900525974026,20,228
"227",2017-08-17,5.22120872790909,2.29176388888889,0,28.7550892857143,0.228867402777778,20,229
"228",2017-08-18,5.73647521735417,2.31980555555556,0,29.2808134920635,0.214831405753968,20,230
"229",2017-08-19,4.39734622640874,2.21368055555556,0,28.0327876984127,0.197601298611111,20,231
"230",2017-08-20,4.18893468838125,2.01479166666667,0.254,27.1442876984127,0.1837706375,20,232
"231",2017-08-21,5.49288175289583,2.03905555555556,0,27.770983436853,0.185441136904762,20,233
"232",2017-08-22,5.218785127,2.14229861111111,0,28.4673650793651,0.19548898531746,20,234
"233",2017-08-23,3.90895038727083,1.95409722222222,2.794,27.101251984127,0.176983929563492,20,235
"234",2017-08-24,4.47908666572917,2.06601449275362,0,25.9561407867495,0.211090569358178,20,236
"235",2017-08-25,4.149968442375,1.52163888888889,4.191,26.2146468253968,0.189010746031746,20,237
"236",2017-08-26,4.5385743211875,1.90371527777778,0,26.1370277777778,0.262020857142857,20,238
"237",2017-08-27,4.451499004375,1.96752777777778,0,27.4847996031746,0.223126988095238,20,239
"238",2017-08-28,4.39812235810417,1.90418055555556,0,28.3828035714286,0.193351716269841,20,240
"239",2017-08-29,3.44931250755333,1.92254166666667,0,28.9036547619048,0.171883734126984,20,241
"240",2017-08-30,3.32292235407417,1.79894444444444,0,28.8629880952381,0.151121196428571,20,242
"241",2017-08-31,3.01812432367,1.69577777777778,0,28.6027718253968,0.144905264880952,20,243
"242",2017-09-01,2.90312935258333,1.70975694444444,0,27.9284718614719,0.13826005952381,0,244
"243",2017-09-02,2.07597930342708,1.53409722222222,0,26.0972738095238,0.140956162698413,0,245
"244",2017-09-03,2.60776607271875,1.55375,0,26.9824285714286,0.141820649801587,0,246
"245",2017-09-04,2.51143325989583,1.57279861111111,0,27.7769024943311,0.154449757142857,0,247
"246",2017-09-05,2.1689936117875,1.52840277777778,0,28.1074308390023,0.135186624007937,0,248
"247",2017-09-06,2.22693626944792,1.436625,0,28.025201814059,0.137267238095238,0,249
"248",2017-09-07,2.34030460929375,1.37259722222222,0,29.8040654761905,0.130857867063492,0,250
"249",2017-09-08,2.15771083173958,1.36276388888889,0.381,28.7757123015873,0.135943310515873,0,251
"250",2017-09-09,1.95253421792521,1.32501388888889,0,27.861119047619,0.139676034722222,0,252
"251",2017-09-10,2.04750124844854,1.25648611111111,0,28.6955217391304,0.123409897420635,0,253
"252",2017-09-11,2.03451445338125,1.24719444444444,0,29.8635555555556,0.113171138888889,0,254
"253",2017-09-12,1.91514490136458,1.20679861111111,0,29.5714244306418,0.109210942460317,0,255
"254",2017-09-13,1.80363324482708,1.22142857142857,0,30.196112244898,0.128487923469388,0,256
"255",2017-09-14,1.49818898886042,1.18509722222222,0,30.273751984127,0.142623529761905,0,257
"256",2017-09-15,1.27020071111896,1.08002777777778,0,28.5652420634921,0.123929299603175,0,258
"257",2017-09-16,1.32847788105546,1.03605555555556,0,28.531121031746,0.126119913690476,0,259
"258",2017-09-17,1.22623097478333,0.976458333333333,0,28.131873015873,0.116142156746032,0,260
"259",2017-09-18,1.27190976003187,0.949993055555556,0,27.5244389233954,0.114366286706349,0,261
"260",2017-09-19,1.2227195115375,0.955180555555556,0,27.8800992063492,0.123530068452381,0,262
"261",2017-09-20,1.32991729733542,0.919,0,28.3244305555556,0.118853256944444,0,263
"262",2017-09-21,0.98987907573625,0.970333333333333,0,28.2707494824017,0.110730237103175,0,264
"263",2017-09-22,0.748964923848542,0.996944444444444,0,28.4004365079365,0.0997797906746032,0,265
"264",2017-09-23,0.8958050133575,0.892916666666667,0,25.3938849206349,0.0914956498015873,0,266
"265",2017-09-24,1.01584956429646,0.822555555555556,0,25.0898650793651,0.100199636904762,0,267
"266",2017-09-25,0.980973547475833,0.756296296296296,0,22.7741428571429,0.0977661701058201,0,268
"267",2017-09-26,0.894534695029792,0.760694444444444,0,23.8323664596273,0.0886393125,0,269
"268",2017-09-27,0.8885149033625,0.779666666666667,0,25.8116587301587,0.0863851432539683,0,270
"269",2017-09-28,0.88787102155625,0.745111111111111,0,25.3612281746032,0.0833852555555556,0,271
"270",2017-09-29,0.896083440633312,0.78,0,26.5826448412698,0.0903511646825397,0,272
"271",2017-09-30,0.84314018734375,0.782569444444444,0,26.5670436507937,0.0877882073412698,0,273
"272",2017-10-01,0.848510840270833,0.743166666666667,0,25.423933747412,0.0906602492063492,0,274
"273",2017-10-02,0.412920019998646,0.708055555555556,0,25.6317103174603,0.0859515654761905,0,275
"274",2017-10-03,0.58406243563125,0.687694444444444,0,25.652373015873,0.0822125408730159,0,276
"275",2017-10-04,0.641112795006458,0.700902777777778,0,26.6736071428571,0.0917697718253968,0,277
"276",2017-10-05,0.66616088903125,0.811818181818182,0.762,26.1075800865801,0.0987592229437229,0,278
"277",2017-10-06,0.598683062866667,0.728,0,25.4286845238095,0.111835319444444,0,279
"278",2017-10-07,0.543669316464792,0.603236111111111,0,23.2022443064182,0.0831601632936508,0,280
"279",2017-10-08,0.459728418940417,0.622680555555556,0,23.679253968254,0.092618355952381,0,281
"280",2017-10-09,0.523836074067292,0.591229166666667,0,23.509371031746,0.0850446805555556,0,282
"281",2017-10-10,0.73764062060625,0.569027777777778,0,22.9361468253968,0.0674851696428571,0,283
"282",2017-10-11,0.522489993332979,0.586791666666667,0,24.2653670634921,0.0771669908730159,0,284
"283",2017-10-12,0.47287252883125,0.651465277777778,0.254,25.5870238095238,0.0926358128968254,0,285
"284",2017-10-13,0.4754932755375,0.575611111111111,0,24.7739642857143,0.0863477188492063,0,286
"285",2017-10-14,0.585058856392917,0.572180555555556,0,25.0389166666667,0.0886004017857143,0,287
"286",2017-10-15,0.511086548979167,0.545527777777778,0,24.2778492063492,0.0715938509920635,0,288
"287",2017-10-16,0.487774051772083,0.544888888888889,0,24.2459087301587,0.0700732406746032,0,289
"288",2017-10-17,0.467487536833333,0.551465277777778,0,24.8764722222222,0.0778017777777778,0,290
"289",2017-10-18,0.4369286958375,0.544486111111111,0,25.7115833333333,0.084875306547619,0,291
"290",2017-10-19,0.409333538187083,0.504694444444444,0,23.5150714285714,0.0770169861111111,0,292
"291",2017-10-20,0.341102812874792,0.506694444444444,0,21.6994058956916,0.0810144551587302,0,293
"292",2017-10-21,0.48635894979625,0.461597222222222,0,20.9763768115942,0.0760834944444444,0,294
"293",2017-10-22,0.378830014462708,0.448479166666667,0,20.6562525879917,0.0694004125,0,295
"294",2017-10-23,0.377979755260417,0.439824561403509,0,19.5106591478697,0.0672173634085213,0,296
"295",2017-10-24,0.417092003391646,0.449152777777778,0,22.3284246031746,0.0665622051587302,0,297
"296",2017-10-25,0.552446609328958,0.416736111111111,0,21.4261865079365,0.065635366468254,0,298
"297",2017-10-26,0.324735019968542,0.437548611111111,0,21.3146150793651,0.0773789603174603,0,299
"298",2017-10-27,0.343495596948333,0.426576388888889,0,20.1293250517598,0.0737843307539683,0,300
"299",2017-10-28,0.170943676674792,0.396201388888889,0,19.8255072463768,0.0681549851190476,0,301
"300",2017-10-29,0.26808667256125,0.396381944444444,0,20.2104513457557,0.0668694706349206,0,302
"301",2017-10-30,0.249518553821667,0.417395833333333,1.016,19.4472103174603,0.0672631174603175,0,303
"302",2017-10-31,0.10760904779025,0.504409722222222,0,17.8331746031746,0.0817076079365079,0,304
"303",2017-11-01,0.226997155825833,0.389659722222222,0,16.4429138321995,0.0700636757936508,0,305
"304",2017-11-02,0.135720343156458,0.364104166666667,0,16.3634693877551,0.0675974956349206,0,306
"305",2017-11-03,0.114051417503023,0.361123456790123,0,16.3482896825397,0.0674230186948854,0,307
"306",2017-11-04,0.174800548852083,0.353756944444444,0,18.1891369047619,0.0620995186507936,0,308
"307",2017-11-05,0.174615870013958,0.363805555555556,0,18.4372142857143,0.0733146208333333,0,309
"308",2017-11-06,0.233142782373125,0.357270833333333,0,18.366876984127,0.0693052262896825,0,310
"309",2017-11-07,0.360118037735625,0.372159722222222,1.143,18.8850833333333,0.0710318486111111,0,311
"310",2017-11-08,0.0686699295075,0.647784722222222,1.651,16.3437777777778,0.105805254861111,0,312
"311",2017-11-09,0.237267878537083,0.444152777777778,0,16.5074027777778,0.0950928138888889,0,313
"312",2017-11-10,0.302557367507604,0.401159722222222,0,17.1664444444444,0.0902309479166667,0,314
"313",2017-11-11,0.27201169836875,0.367770833333333,0,16.9194637681159,0.0885542465277778,0,315
"314",2017-11-12,0.37413008831625,0.349694444444444,0,16.9676811594203,0.0771238340277778,0,316
"315",2017-11-13,0.227175731495208,0.3615625,0,17.0855757575758,0.0781870076388889,0,317
"316",2017-11-14,0.160498654089167,0.360472222222222,0,17.5674130434783,0.0775322756944444,0,318
"317",2017-11-15,0.236984487821313,0.343972222222222,0,17.4997222222222,0.0692362527777778,0,319
"318",2017-11-16,0.132914071956667,0.342666666666667,0,17.1653043478261,0.0728918784722222,0,320
"319",2017-11-17,0.0995885330105833,0.340833333333333,0,16.6170724637681,0.0710885333333333,0,321
"320",2017-11-18,0.236330620130208,0.319444444444444,0,15.8568405797101,0.0661395611111111,0,322
"321",2017-11-19,0.345028602754375,0.287090277777778,0,15.0236666666667,0.0600831631944444,0,323
"322",2017-11-20,0.17037189301625,0.275465277777778,0,13.5327246376812,0.0658309979166667,0,324
"323",2017-11-21,0.25836056634,0.286847222222222,0,14.1975454545455,0.0660843944444444,0,325
"324",2017-11-22,0.256654507432187,0.283868055555556,0,14.4414545454545,0.0602726604166667,0,326
"325",2017-11-23,0.174504525154792,0.301229166666667,0,15.8739444444444,0.0642145229166667,0,327
"326",2017-11-24,0.145136782079167,0.303979166666667,0,15.9602777777778,0.0684596743055556,0,328
"327",2017-11-25,0.178763284313583,0.298006944444444,0,16.4568888888889,0.0661941444444444,0,329
"328",2017-11-26,0.172270956652292,0.297583333333333,0,16.0640144927536,0.0625645611111111,0,330
"329",2017-11-27,0.155618285416458,0.293153846153846,0,13.7471794871795,0.0684988307692308,0,331
"330",2017-12-20,0.0975728974938298,0.298375,0,8.46491666666667,0.120613425,8,354
"331",2017-12-21,0.0443597522227083,0.235416666666667,0,5.61230555555556,0.121730920833333,8,355
"332",2017-12-22,0.117752525238125,0.202882352941176,0,2.69729166666667,0.107392382638889,8,356
"333",2017-12-23,0.131927726074417,0.231083333333333,0,5.44269444444444,0.115785079166667,8,357
"334",2017-12-24,0.114132970843958,0.251069444444444,0,7.76358333333333,0.117229797916667,8,358
"335",2017-12-25,0.0355092166992646,0.2478125,0,8.58055555555556,0.112676027777778,0,359
"336",2017-12-26,0.0472231677120833,0.241402777777778,0,8.8245,0.107982081944444,0,360
"337",2017-12-27,0.0839945470954167,0.242743055555556,0,10.1849861111111,0.1005453,0,361
"338",2017-12-28,0.0948117912304167,0.243756944444444,0,9.078,0.09704788125,0,362
"339",2017-12-29,0.101199455869375,0.241854166666667,0,9.11690909090909,0.0948976722222222,0,363
"340",2017-12-30,0.106866418283958,0.247666666666667,0,10.5907246376812,0.092209252173913,0,364
"341",2017-12-31,0.0810574033325,0.244458333333333,0,11.2878055555556,0.0860757256944444,0,365
"342",2018-01-01,0.174930686745,0.248878787878788,0,11.4237878787879,0.0858187545454545,0,1
"343",2018-01-02,0.147155501714167,0.233608695652174,0,11.2371594202899,0.0791437992753623,0,2
"344",2018-01-03,0.104690086123542,0.217833333333333,0,10.7205277777778,0.0713844680555556,0,3
"345",2018-01-04,0.176792609389954,0.232,0,12.1134861111111,0.0723114909722222,0,4
"346",2018-01-05,0.207306702906042,0.218833333333333,0,10.6921666666667,0.0757323944444444,0,5
"347",2018-01-06,0.27691198896725,0.222298611111111,0,11.5409861111111,0.0733174916666667,0,6
"348",2018-01-07,0.2307256222575,0.232326388888889,0,11.7180606060606,0.0713045902777778,0,7
"349",2018-01-08,0.30174132804375,0.228666666666667,0,11.5969206349206,0.0692685111111111,0,8
"350",2018-01-09,0.307282852225,0.232333333333333,0,12.8191111111111,0.0643693763888889,0,9
"351",2018-01-10,0.115609790949167,0.291923611111111,1.524,9.92113888888889,0.0688671791666667,0,10
"352",2018-01-11,0.269950916552375,0.2305625,0,9.13047222222222,0.0760245263888889,0,11
"353",2018-01-12,0.282537226604167,0.21118253968254,0,8.05089393939394,0.0769410638888889,0,12
"354",2018-01-13,0.239282070957625,0.205769841269841,0,9.72402898550725,0.0716623909722222,0,13
"355",2018-01-14,0.181124988998958,0.198673913043478,0,10.0548695652174,0.0697668909722222,0,14
"356",2018-01-15,0.119069400407083,0.205702898550725,0,9.97912121212121,0.0713315944444444,0,15
"357",2018-01-16,0.152738011084583,0.166181818181818,0,7.95564102564103,0.0587938397435897,0,16
"358",2018-01-17,0.315667003779917,0.211666666666667,0,11.5702666666667,0.0721607577777778,0,17
"359",2018-01-18,0.25173154486625,0.200892156862745,0,8.62615942028986,0.0634321888888889,0,18
"360",2018-01-19,0.248952326405625,0.227,0,8.99660606060606,0.0678653402777778,0,19
"361",2018-01-20,0.184790510279792,0.239743055555556,2.54,10.6229722222222,0.06295623125,0,20
"362",2018-01-21,0.0971636167041667,0.196825,0,5.05913888888889,0.0686468111111111,0,21
"363",2018-01-22,0.226308296841042,0.236712121212121,0,4.05066666666667,0.0716525152777778,0,22
"364",2018-01-23,0.114852068155833,0.237333333333333,0,6.22566666666667,0.0757238763888889,0,23
"365",2018-01-24,0.0635523780299167,0.232583333333333,0,6.80226086956522,0.0738022115942029,0,24
"366",2018-01-25,0.0991799194213333,0.232633333333333,0,7.43377777777778,0.0761036956521739,0,25
"367",2018-01-26,0.0780938523665208,0.239144444444444,0,8.67163888888889,0.0751461673611111,0,26
"368",2018-01-27,0.0630625918321042,0.232777777777778,0,9.14869444444444,0.070585625,0,27
"369",2018-01-28,0.0563741566864583,0.228072916666667,0,9.83556944444444,0.0681250125,0,28
"370",2018-01-29,0.0251582916292708,0.220823529411765,0,10.0943333333333,0.0644764729166667,0,29
"371",2018-01-30,0.125083536700167,0.2355,0,10.463652173913,0.0663803444444444,0,30
"372",2018-01-31,0.106211630261727,0.225952380952381,0,10.2417272727273,0.0706322770833333,0,31
"373",2018-02-01,0.0785262901185833,0.231761904761905,0,12.1367916666667,0.0705881472222222,0,32
"374",2018-02-02,0.101274181545417,0.249380952380952,0,13.4978888888889,0.0716507583333333,0,33
"375",2018-02-03,0.106333953009792,0.228402777777778,0,13.6245138888889,0.0669763833333333,0,34
"376",2018-02-04,0.07384692417625,0.241816666666667,0,12.8271739130435,0.0695067902777778,0,35
"377",2018-02-05,0.0865680947635417,0.258,0,14.1258055555556,0.0688727263888889,0,36
"378",2018-02-06,0.07491437720875,0.234409090909091,0,13.9084444444444,0.0667825972222222,0,37
"379",2018-02-07,0.0501382153908125,0.213188405797101,0,14.0196527777778,0.0615034486111111,0,38
"380",2018-02-08,0.0621312118502083,0.223533333333333,0,13.0502916666667,0.0606009138888889,0,39
"381",2018-02-09,0.0389922666798125,0.253436507936508,0,14.5007777777778,0.0689495569444444,0,40
"382",2018-02-10,0.0914635050505625,0.260092592592593,0,14.6631449275362,0.0661151115942029,0,41
"383",2018-02-11,0.0780040455385417,0.211798611111111,0,14.4894722222222,0.0659359652777778,0,42
"384",2018-02-12,0.062511847315625,0.232206349206349,0,13.8262222222222,0.0591358284722222,0,43
"385",2018-02-13,0.080512989151875,0.223929824561404,0,11.3489523809524,0.0584258243055556,0,44
"386",2018-02-14,0.0703449892183333,0.302673611111111,3.556,12.2686388888889,0.0703925256944444,0,45
"387",2018-02-15,0.00594133946666667,0.275618055555556,17.145,12.3896944444444,0.174050454166667,0,46
"388",2018-02-16,0.00155370308104167,0.267355072463768,15.367,12.1047222222222,0.197994916666667,14,47
"389",2018-02-17,0.180954492605417,0.294304347826087,0,11.2104561403509,0.176948811594203,14,48
"390",2018-02-18,0.0381892883508333,0.377805555555556,0.762,11.29,0.179928701388889,14,49
"391",2018-02-19,0.0280096660560417,0.3800625,2.159,11.5314444444444,0.184690305555556,14,50
"392",2018-02-20,0.0451598073418542,0.411486111111111,0,9.66391666666667,0.166650743055556,14,51
"393",2018-02-21,0.0996336858708333,0.422597222222222,0,10.0765277777778,0.164774034722222,14,52
"394",2018-02-22,0.07105266469425,0.360118055555556,0,9.43102777777778,0.162199541666667,14,53
"395",2018-02-23,0.170775472964792,0.349430555555556,0,8.87602898550725,0.156720861111111,14,54
"396",2018-02-24,0.117604430698979,0.323381944444444,0,9.07416666666667,0.152083583333333,14,55
"397",2018-02-25,0.07282376487875,0.312985507246377,0,9.16895833333333,0.149337576388889,14,56
"398",2018-02-26,0.0561141817528333,0.340625,0,8.88936507936508,0.145586340277778,14,57
"399",2018-02-27,0.0460131268647917,0.319714285714286,0,10.4775873015873,0.129909955555556,14,58
"400",2018-02-28,0.0999802790558333,0.282597222222222,3.175,7.71794444444444,0.141142279861111,14,59
"401",2018-03-01,0.0263660440602083,0.329583333333333,0,8.09422222222222,0.159816270833333,14,60
"402",2018-03-02,0.0789244809075,0.371569444444444,0,9.91704761904762,0.158981527777778,14,61
"403",2018-03-03,0.0504216933025,0.383965277777778,0,12.8623472222222,0.150097722222222,0,62
"404",2018-03-04,0.140091595102917,0.379222222222222,0,12.7911666666667,0.14536225,0,63
"405",2018-03-05,0.12594641982625,0.391326388888889,0,13.3258611111111,0.139438865277778,0,64
"406",2018-03-06,0.168160117211062,0.393715277777778,0,13.5173888888889,0.132174638194444,0,65
"407",2018-03-07,0.131206570039312,0.432520833333333,0,15.0989305555556,0.131101593055556,0,66
"408",2018-03-08,0.111555663832917,0.445138888888889,0,15.9640833333333,0.123600079861111,0,67
"409",2018-03-09,0.112299135869375,0.482083333333333,0,16.8205652173913,0.124397807638889,0,68
"410",2018-03-10,0.0895554450395833,0.454909722222222,0,15.515,0.116022025,0,69
"411",2018-03-11,0.133326645731396,0.498,0,17.5342361111111,0.111644739583333,0,70
"412",2018-03-12,0.151560784492708,0.470680555555556,0,16.7836944444444,0.102022090277778,0,71
"413",2018-03-13,0.238227883445833,0.527708333333333,0,17.457303030303,0.105500777083333,0,72
"414",2018-03-14,0.416098925385417,0.552138888888889,0,17.9359583333333,0.102449897222222,0,73
"415",2018-03-15,0.518688663935833,0.523347826086957,0,16.5157826086957,0.103358628985507,0,74
"416",2018-03-16,0.348978649113125,0.473909722222222,0,16.4087083333333,0.0916409805555556,0,75
"417",2018-03-17,0.275932974597854,0.505784722222222,0,17.2888985507246,0.0913192715277778,0,76
"418",2018-03-18,0.284201705198625,0.489527777777778,0,15.4950833333333,0.0956436506944444,0,77
"419",2018-03-19,0.370264003192292,0.467222222222222,0,15.11025,0.0904664256944444,0,78
"420",2018-03-20,0.3318713889025,0.491993055555556,0,15.5427878787879,0.09317865625,0,79
"421",2018-03-21,0.37061340324125,0.568354166666667,0,19.9829722222222,0.0961539354166667,0,80
"422",2018-03-22,0.391524011052083,0.622895833333333,0,21.1337391304348,0.0998933076388889,0,81
"423",2018-03-23,0.366278543537563,0.684680555555556,0,21.1388484848485,0.108077941666667,0,82
"424",2018-03-24,0.37219845434875,0.6078125,0,18.6615555555556,0.0831106513888889,0,83
"425",2018-03-25,0.542139393088333,0.518,0,15.136,0.05769825,0,84
"426",2018-03-26,0.383260247533333,0.531884057971014,0,17.4908695652174,0.0764201644927536,0,85
"427",2018-03-27,0.359393102514375,0.487760869565217,0,16.276347826087,0.0726759920289855,0,86
"428",2018-03-28,0.491679446490063,0.497736111111111,0,17.0813611111111,0.0923378520833333,0,87
"429",2018-03-29,0.544276015505271,0.54125,0,19.2021944444444,0.0915253159722222,0,88
"430",2018-03-30,0.455332669692083,0.604465277777778,0,21.5093472222222,0.0948166027777778,0,89
"431",2018-03-31,0.568374817636667,0.632097222222222,0,21.5540694444444,0.0875423444444444,0,90
"432",2018-04-01,0.59845106351875,0.638020833333333,0,21.148625,0.0799882770833333,0,91
"433",2018-04-02,0.725760981629167,0.637126666666667,0,21.8316933333333,0.0848682873333333,0,92
"434",2018-04-03,0.724767048359125,0.663608695652174,0,22.7077246376812,0.0896656282608696,0,93
"435",2018-04-04,0.650752541272917,0.673652777777778,0,23.9525833333333,0.0897017416666667,0,94
"436",2018-04-05,0.732740169453542,0.7245625,0,24.7701805555556,0.0979857111111111,0,95
"437",2018-04-06,0.804071039267729,0.766347222222222,0,24.4273055555556,0.105052170833333,0,96
"438",2018-04-07,0.722656238574167,0.786381944444444,0,25.3437638888889,0.104003244444444,0,97
"439",2018-04-08,0.825227364860417,0.783055555555556,0,26.1984444444444,0.124293769444444,0,98
"440",2018-04-09,0.732960642908333,0.733021739130435,0,25.207652173913,0.0943786108695652,0,99
"441",2018-04-10,0.76266939835,0.775756944444444,0,26.6613611111111,0.0848613652777778,0,100
"442",2018-04-11,0.800405783277083,0.827118055555556,0,27.3750277777778,0.113779207638889,0,101
"443",2018-04-12,0.944914880073417,0.826805555555556,0,25.11175,0.108810826388889,0,102
"444",2018-04-13,0.762083818933152,0.645722222222222,0,21.2098611111111,0.092434925,0,103
"445",2018-04-14,0.46883998310875,0.586243055555556,0,20.8890277777778,0.0773004409722222,0,104
"446",2018-04-15,0.495034578727083,0.610868055555556,0,23.5031666666667,0.0714658208333333,0,105
"447",2018-04-16,0.491361625072708,0.607638888888889,0,23.9387777777778,0.0817371930555556,0,106
"448",2018-04-17,0.858945936910625,0.637777777777778,0,24.9431666666667,0.0939956402777778,0,107
"449",2018-04-18,0.529344449016667,0.607495238095238,0,27.3398857142857,0.0804305052380952,0,108
"450",2018-04-19,0.49617320986875,0.5935,0,24.5698055555556,0.0800132645833333,0,109
"451",2018-04-20,0.526045534486875,0.565527777777778,0,23.40275,0.0933700881944445,0,110
"452",2018-04-21,0.37898792655,0.555916666666667,0,24.2630138888889,0.08210929375,0,111
"453",2018-04-22,0.233964111657292,0.572902777777778,0,26.5167222222222,0.0756320930555556,0,112
"454",2018-04-23,0.3366813598875,0.597375,0,27.9012083333333,0.0866497222222222,0,113
"455",2018-04-24,0.329156151138125,0.602263888888889,0,28.614625,0.0904067291666667,0,114
"456",2018-04-25,0.318294704319062,0.613291666666667,0,30.2817777777778,0.0877501729166667,0,115
"457",2018-04-26,0.449633070399792,0.5963125,0,28.6703888888889,0.0882021166666667,0,116
"458",2018-04-27,0.233313972462292,0.633506944444444,0,29.6650555555556,0.0723545673611111,0,117
"459",2018-04-28,0.319708703801042,0.615909722222222,0,29.4302222222222,0.0886488395833333,0,118
"460",2018-04-29,0.29997402746625,0.57825,0,28.4948115942029,0.0864711847222222,0,119
"461",2018-04-30,0.246989150231125,0.546409722222222,0,28.8711805555556,0.0824634777777778,0,120
"462",2018-05-01,0.230742706986746,0.477343137254902,0,22.7905490196078,0.0659231843137255,0,121
"463",2018-05-02,0.352233674602292,0.481083333333333,0,25.1255277777778,0.0763255604166667,0,122
"464",2018-05-03,0.2787572453575,0.466611111111111,0,25.2104166666667,0.0778568694444444,0,123
"465",2018-05-04,0.250227972362292,0.491069444444444,0,26.9869027777778,0.0662537763888889,0,124
"466",2018-05-05,0.124702968299792,0.524520833333333,0,28.5333611111111,0.0655514291666667,0,125
"467",2018-05-06,0.156077488389583,0.562444444444444,0,31.2770138888889,0.0785110694444444,0,126
"468",2018-05-07,0.237341002975208,0.5808125,0,31.7689722222222,0.0907245388888889,0,127
"469",2018-05-08,0.185084874295625,0.599458333333333,0,32.4960277777778,0.0937003944444444,0,128
"470",2018-05-09,0.185955546829583,0.630083333333333,0,32.6287777777778,0.0895421326388889,0,129
"471",2018-05-10,0.195283205706667,0.873454545454545,0,31.2106666666667,0.0690014537878788,0,130
"472",2018-05-11,0.150333062326042,1.03891666666667,0,31.6437638888889,0.0503362541666667,0,131
"473",2018-05-12,0.153690337478333,0.99,0,30.4546388888889,0.04996403125,0,132
"474",2018-05-13,0.25816362834625,0.909916666666667,0,27.844125,0.0484199708333333,0,133
"475",2018-05-14,0.210130295215625,1.00139583333333,0,30.0899583333333,0.05034715625,0,134
"476",2018-05-15,0.170153213941458,1.01341666666667,0,31.2716944444444,0.0501287854166667,0,135
"477",2018-05-16,0.143785484899375,0.982395833333333,0,32.4356805555556,0.0503775833333333,0,136
"478",2018-05-17,0.259833475538542,0.978583333333333,0,31.7903333333333,0.0490215041666667,0,137
"479",2018-05-18,0.171427116624167,0.938597222222222,0,30.6896388888889,0.0481616875,0,138
"480",2018-05-19,0.135117364986813,0.916583333333333,0,31.1841388888889,0.04813229375,0,139
"481",2018-05-20,0.101339692850208,0.895375,0,31.1614861111111,0.0480161916666667,0,140
"482",2018-05-21,0.0918546866768333,0.897152777777778,0,30.6614027777778,0.0473064333333333,0,141
"483",2018-05-22,0.07937586864375,0.902166666666667,0,30.7599722222222,0.0480429416666667,0,142
"484",2018-05-23,0.133815498678958,0.872076388888889,0,31.4145833333333,0.04863726875,0,143
"485",2018-05-24,0.151748327447187,0.868465277777778,0,32.2664444444444,0.0486894020833333,0,144
"486",2018-05-25,0.103824093534167,0.907541666666667,0,33.2428888888889,0.0487628395833333,0,145
"487",2018-05-26,0.194702752407083,0.880875,0,32.0401666666667,0.0483644291666667,0,146
"488",2018-05-27,0.246420141338333,0.903409722222222,0,32.0523472222222,0.04788851875,0,147
"489",2018-05-28,0.244743501209792,0.898472222222222,0,32.9122638888889,0.0481254104166667,0,148
"490",2018-05-29,0.237940292508958,0.930277777777778,0,33.5469583333333,0.048404525,0,149
"491",2018-05-30,0.164985179677917,0.843416666666667,0,34.1947777777778,0.0484806729166667,0,150
"492",2018-05-31,0.107066554740833,0.739486111111111,0,32.1145,0.0473501833333333,0,151
"493",2018-06-01,0.0920688507786458,0.774548611111111,0,33.7146111111111,0.0480737041666667,0,152
"494",2018-06-02,0.0701800442074583,0.730638888888889,0,34.9474305555556,0.0484849520833333,0,153
"495",2018-06-03,0.09282200449125,0.692833333333333,0,35.4685972222222,0.0485050625,0,154
"496",2018-06-04,0.0875951504402083,0.714479166666667,0,35.6116666666667,0.0481632125,0,155
"497",2018-06-05,0.199950240252708,0.667416666666667,0,34.4892222222222,0.0485914333333333,0,156
"498",2018-06-06,0.239439148396167,0.701520833333333,0,35.4893611111111,0.05035235625,0,157
"499",2018-06-07,0.0842981877564583,0.666145833333333,0,34.5782083333333,0.0493035458333333,0,158
"500",2018-06-08,0.0776065353499583,0.660833333333333,0,34.1326111111111,0.0497944416666667,0,159
"501",2018-06-09,0.0950871888033125,0.640048611111111,0,31.7248055555556,0.0485136416666667,0,160
"502",2018-06-10,0.0767333649577083,0.643354166666667,0,34.3844861111111,0.0501862541666667,0,161
"503",2018-06-11,0.0173009694518292,0.640194444444444,0,35.3422638888889,0.0489980291666667,0,162
"504",2018-06-12,0.0458998295896667,0.607159722222222,0,34.9251944444444,0.04785201875,0,163
"505",2018-06-13,0.103258492468021,0.647520833333333,0,33.9870158730159,0.0488542270833333,0,164
"506",2018-06-14,0.132217222931792,0.668777777777778,0,32.3508333333333,0.0479162818181818,0,165
"507",2018-06-15,0.163174499882083,NA,7.874,30.0703768115942,0.0567717347826087,8,166
"508",2018-06-16,0,NA,22.352,22.7283611111111,0.177279354166667,20,167
"509",2018-06-17,0,5.8,0,24.99425,0.170758583333333,20,168
"510",2018-06-18,0.0385742594172917,NA,0,29.2920277777778,0.151735416666667,20,169
"511",2018-06-19,0.292324096621458,NA,0,31.1765416666667,0.135359029166667,20,170
"512",2018-06-20,0.647341844554167,NA,0,33.3474090909091,0.116370779545455,20,171
"513",2018-06-21,1.00164581523604,NA,0,33.8776666666667,0.0981503673913044,20,172
"514",2018-06-22,1.11455755779871,NA,0,35.4972121212121,0.0845892454545455,20,173
"515",2018-06-23,0.972269723122917,NA,0,35.0472753623188,0.0766035826086957,20,174
"516",2018-06-24,0.910493346491667,NA,0,35.0412222222222,0.0726001854166667,20,175
"517",2018-06-25,0.750064968001625,NA,0,35.4155942028986,0.0694977130434783,20,176
"518",2018-06-26,0.73860185756875,5.4,0,34.7446666666667,0.111236425,20,177
"519",2018-06-27,0.900798684018979,NA,0,35.8289565217391,0.0645791826086956,20,178
"520",2018-06-28,0.651654516817917,NA,0.381,32.0997727272727,0.0614063304347826,20,179
"521",2018-06-29,0.598723593299375,0.922114583333333,0.254,31.3236111111111,0.0739022673611111,20,180
"522",2018-06-30,0.595698885021458,0.750145833333333,0,33.0915277777778,0.0803832541666667,20,181
"523",2018-07-01,0.4147923104,0.69125,0,33.2794444444444,0.0823374638888889,20,182
"524",2018-07-02,0.382432928559583,0.695166666666667,0,34.9075416666667,0.0777594458333333,20,183
"525",2018-07-03,0.2701697934975,0.660666666666667,0,35.6353611111111,0.0767835659722222,20,184
"526",2018-07-04,0.4744967388625,0.640729166666667,0,35.4381388888889,0.0614070972222222,20,185
"527",2018-07-05,0.282911964244583,0.671319444444444,0,35.9099722222222,0.0578485208333333,20,186
"528",2018-07-06,0.0624791283979167,0.674895833333333,0,35.8352638888889,0.0584289666666667,0,187
"529",2018-07-07,0.558878018539583,0.609131944444444,0,36.6419444444444,0.0583911333333333,0,188
"530",2018-07-08,0.66251872294375,0.5975,0,31.0505098039216,0.0581251583333333,0,189
"531",2018-07-09,0.456965341655625,0.553541666666667,0,31.1645166666667,0.0566560041666667,0,190
"532",2018-07-10,0.41719750428125,0.751111111111111,22.098,27.9269722222222,0.0843317041666667,20,191
"533",2018-07-11,0.141383594154583,1.35291666666667,1.397,25.2571944444444,0.163214508333333,20,192
"534",2018-07-12,0.472780825404167,1.08057638888889,13.462,24.4980694444444,0.161531145833333,20,193
"535",2018-07-13,0.510168347014583,1.50630434782609,1.905,25.2456111111111,0.181412708333333,20,194
"536",2018-07-14,0.859638200513958,1.72204861111111,0.254,24.1171111111111,0.159674361111111,20,195
"537",2018-07-15,1.60453795301917,1.47172916666667,2.159,23.3735833333333,0.201745375,20,196
"538",2018-07-16,1.53459667434375,1.35861111111111,8.636,23.7425277777778,0.170756666666667,20,197
"539",2018-07-17,1.97493809047292,1.67343055555556,0,26.0746944444444,0.171541395833333,20,198
"540",2018-07-18,2.56520165400313,2.35722222222222,0,26.0473333333333,0.152116479166667,20,199
"541",2018-07-19,3.03868083259792,2.3954375,0,26.648862745098,0.145130652173913,20,200
"542",2018-07-20,3.0466286718125,2.05640972222222,7.239,29.5078888888889,0.126149609090909,20,201
"543",2018-07-21,3.0541309884125,2.28861111111111,1.143,29.1848611111111,0.167942508333333,20,202
"544",2018-07-22,3.59276327295,2.75808333333333,0,31.6585555555556,0.1394604875,20,203
"545",2018-07-23,3.88258580459375,2.74034027777778,0,33.3135797101449,0.113376370833333,20,204
"546",2018-07-24,3.88645162974479,2.49205555555556,0,35.4273055555556,0.0929985208333333,20,205
"547",2018-07-25,3.70068237056667,2.12805555555556,1.143,34.2765277777778,0.08015936875,20,206
"548",2018-07-26,3.10044928340521,2.0368125,0,30.7127301587302,0.0816392125,20,207
"549",2018-07-27,3.05103875524167,1.73153472222222,0,31.2789848484848,0.0768608479166667,20,208
"550",2018-07-28,2.54904610490625,1.64194444444444,0.508,30.114,0.0749922333333333,20,209
"551",2018-07-29,2.25271287168958,1.41259722222222,2.794,28.0672753623188,0.07235563125,20,210
"552",2018-07-30,2.27794296935417,1.51585507246377,9.271,28.5069333333333,0.127772123913043,8,211
"553",2018-07-31,2.79724544897917,1.80034722222222,0,28.6123888888889,0.145052275,8,212
"554",2018-08-01,2.93897603007917,1.99575694444444,0,29.6446666666667,0.120978352083333,8,213
"555",2018-08-02,2.18980711908146,1.68628205128205,0,28.8868717948718,0.0995253769230769,8,214
"556",2018-09-01,3.02927055478542,1.7275,0,29.384,0.173463316666667,20,244
"557",2018-09-02,2.70072063544375,1.354,8.636,21.435,0.130118083333333,20,245
"558",2018-09-03,3.16225122166667,1.579,6.096,26.305,0.266516666666667,20,246
"559",2018-09-04,3.02104750692292,1.472,0,25.3283333333333,0.2321275,20,247
"560",2018-09-05,2.8811770496625,1.848,0,29.132,0.400136,20,248
"561",2018-09-06,3.21526416688913,1.617,0,22.9,0.232496583333333,20,249
"562",2018-09-07,3.2527719821,1.3425,0,27.35,0.1186854,20,250
"563",2018-09-10,2.65686647846875,1.4,0,22.524,0.1152768,20,253
"564",2018-09-11,2.741556357625,1.55983333333333,0,25.2222222222222,0.131244022222222,20,254
"565",2018-09-13,2.82096176082917,1.59705555555556,0,29.9704666666667,0.148796235555556,0,256
"566",2018-09-14,2.5216547932625,1.54914285714286,0,29.8310952380952,0.151286846031746,0,257
"567",2018-09-15,2.4321216908,1.48142424242424,0,30.7082121212121,0.143176395454545,0,258
"568",2018-09-16,2.15797824285417,1.37680303030303,0,28.3490909090909,0.183274634848485,0,259
"569",2018-09-17,2.47545395584375,1.35624242424242,0,29.1970158730159,0.15696125,0,260
"570",2018-09-18,2.47938294818958,1.38863768115942,0.635,27.3566666666667,0.190534417391304,0,261
"571",2018-09-19,1.31596437016667,1.27834848484848,13.462,23.9337878787879,0.221008672727273,0,262
"572",2018-09-20,2.32665038416437,1.44817391304348,0.254,23.6924347826087,0.172977369565217,14,263
"573",2018-09-21,2.97583923123833,1.49997222222222,0,24.2504583333333,0.204001111111111,14,264
"574",2018-09-22,2.68477576121271,1.42240277777778,0,24.9895,0.172224958333333,14,265
"575",2018-09-23,2.49827795336792,1.3891884057971,0,25.2058550724638,0.172902868115942,14,266
"576",2018-09-24,1.79881095005417,1.43336507936508,0,26.1830333333333,0.175699452380952,14,267
"577",2018-09-25,2.10632158292271,1.30145833333333,0,25.5200303030303,0.162314941666667,14,268
"578",2018-09-26,1.86348670039083,1.2976,0,25.4830925925926,0.151769108333333,14,269
"579",2018-09-27,1.99475973977667,1.22554166666667,0,25.8798181818182,0.140662747222222,14,270
"580",2018-09-28,1.9080105469625,1.16438888888889,0,25.8335454545455,0.155475195138889,14,271
"581",2018-09-29,1.58986970820917,1.08982638888889,0,26.1154090909091,0.148714027777778,14,272
"582",2018-09-30,1.37347797120083,1.00929861111111,0,25.4292063492063,0.132509534722222,14,273
"583",2018-10-01,1.12240253219667,0.856534722222222,4.953,23.1599722222222,0.149570261111111,14,274
"584",2018-10-02,1.54443432763958,0.977291666666667,0,23.4902361111111,0.171266163888889,14,275
"585",2018-10-03,1.67595328179146,0.917208333333333,0,23.9905972222222,0.163370388888889,14,276
"586",2018-10-04,1.74425628622917,0.908013888888889,0,23.5321014492754,0.159137659722222,0,277
"587",2018-10-05,1.61353663895396,0.873638888888889,0,22.9949166666667,0.14789168125,0,278
"588",2018-10-06,1.26582465158937,0.782034722222222,0,20.643,0.115490997916667,0,279
"589",2018-10-07,0.919768661723958,0.748055555555556,0,21.2945362318841,0.126333547916667,0,280
"590",2018-10-08,0.961638504485833,0.586305555555556,0,17.8451111111111,0.120147719444444,0,281
"591",2018-10-09,1.1130371686875,0.566826388888889,0,17.8555833333333,0.119466916666667,0,282
"592",2018-10-10,1.14618819951042,0.562645833333333,0,19.196375,0.0990583986111111,0,283
"593",2018-10-11,0.991059329245833,0.556805555555556,0,19.5968888888889,0.0879273097222222,0,284
"594",2018-10-12,0.48740591959375,0.428388888888889,12.573,16.6702777777778,0.150512471527778,0,285
"595",2018-10-13,0.64627140815625,0.403076388888889,1.397,17.0097222222222,0.173727236111111,14,286
"596",2018-10-14,0.7563005227875,0.568608695652174,0,15.8235362318841,0.176410028985507,14,287
"597",2018-10-15,0.707396698397917,0.511768115942029,12.446,14.5914347826087,0.17320502173913,14,288
"598",2018-10-16,0.706646315983333,0.271409722222222,6.985,12.7119722222222,0.19273325,14,289
"599",2018-10-17,0.814118830302292,0.428013888888889,0,12.1656944444444,0.179984048611111,14,290
"600",2018-10-18,0.805993438704375,0.617222222222222,0,13.9450724637681,0.176624618055556,14,291
"601",2018-10-19,0.94087072775625,0.709902777777778,0,15.5388695652174,0.167312715277778,14,292
"602",2018-10-20,0.702535188581458,0.714958333333333,0,16.8474027777778,0.158202069444444,14,293
"603",2018-10-21,1.01596783401937,0.622275362318841,7.112,16.4030158730159,0.165975208333333,14,294
"604",2018-10-22,1.09542027791958,0.545944444444444,0,16.7867536231884,0.181676055555556,14,295
"605",2018-10-23,0.208884353506417,0.383018518518519,21.971,14.9360724637681,0.187440471014493,20,296
"606",2018-10-24,0.905208262564583,0.363625,0,15.0057916666667,0.189914229166667,20,297
"607",2018-10-25,0.770047264196583,0.58675,0,15.6784583333333,0.199285180555556,20,298
"608",2018-10-26,0.685498614428958,0.695604166666667,0,15.6601527777778,0.181225548611111,20,299
"609",2018-10-27,0.690395563314583,0.742652777777778,0,16.0704027777778,0.169754305555556,20,300
"610",2018-10-28,0.896738558036042,0.778486111111111,0,15.8385873015873,0.170175930555556,20,301
"611",2018-10-29,1.02065943871667,0.818680555555556,0,16.6736666666667,0.163971145833333,20,302
"612",2018-10-30,0.904515017022917,0.780902777777778,0,16.6670138888889,0.155373138888889,20,303
"613",2018-10-31,0.813228953773694,0.738930555555556,0,15.1552222222222,0.179513208333333,20,304
"614",2018-11-01,1.00425181460669,0.664333333333333,0,13.2936388888889,0.150438092361111,20,305
"615",2018-11-02,1.02313964812271,0.661265151515152,0,13.5838939393939,0.138303010606061,20,306
"616",2018-11-03,0.929992491591667,0.701875,0,14.5576666666667,0.1595168625,20,307
"617",2018-11-04,0.961010860229167,0.712666666666667,0,15.0935,0.143500229861111,20,308
"618",2018-11-05,1.07730467608125,0.747166666666667,0,15.8698888888889,0.154741479861111,20,309
"619",2018-11-06,1.04619128237083,0.737,0,15.7375833333333,0.145354270138889,20,310
"620",2018-11-07,1.24292975272292,0.753666666666667,0,15.5731388888889,0.139808801388889,20,311
"621",2018-11-08,1.0977640637875,0.736180555555556,0,14.9632222222222,0.1440835375,20,312
"622",2018-11-09,0.912161830527708,0.708791666666667,0,14.7005972222222,0.107735286111111,20,313
"623",2018-11-10,1.02368540103917,0.663625,0,14.0814722222222,0.11355880625,20,314
"624",2018-11-11,0.930461884571042,0.650152777777778,0,10.9770476190476,0.145462825694444,20,315
"625",2018-11-12,0.456037892373687,0.555152777777778,0,9.15821739130435,0.0979601048611111,0,316
"626",2018-11-13,0.144475274469896,0.473888888888889,0,7.62629166666667,0.0877245368055556,0,317
"627",2018-11-14,0.0923473256645625,0.444569444444444,0,7.71113888888889,0.0915175215277778,0,318
"628",2018-11-15,0.190457613598833,0.459180555555556,0,8.20533333333333,0.0953106493055556,0,319
"629",2018-11-16,0.426138404414187,0.505055555555556,0,9.05393939393939,0.100553615972222,0,320
"630",2018-11-17,0.422068398991667,0.469416666666667,0,9.78663768115942,0.0959787763888889,0,321
"631",2018-11-18,0.44904532775875,0.475916666666667,0,10.0751884057971,0.100829882638889,0,322
"632",2018-11-19,0.494663510831042,0.466277777777778,0,9.90124637681159,0.0933502388888889,0,323
"633",2018-11-20,0.1702969911125,0.482166666666667,0,10.7878787878788,0.0899508347222222,0,324
"634",2018-11-21,0.39540657403125,0.475131944444444,0,10.4934242424242,0.0918679215277778,0,325
"635",2018-11-22,0.19873226796,0.473277777777778,0,11.0382222222222,0.1049452125,0,326
"636",2018-11-23,0.465629029009792,0.440819444444444,0,9.648,0.101923955555556,0,327
"637",2018-11-24,0.311486530156042,0.462597222222222,0,9.54372727272727,0.113607736111111,0,328
"638",2018-11-25,0.431007978621875,0.436527777777778,0,10.1738260869565,0.0979273958333333,0,329
"639",2018-11-26,0.203101943411042,0.416486111111111,0,10.2317361111111,0.0862122555555556,0,330
"640",2018-11-27,0.326363920887292,0.423256944444444,0,9.64530434782609,0.08614763125,0,331
"641",2018-11-28,0.322188832277083,0.428361111111111,0,9.5129696969697,0.0988117381944444,0,332
"642",2018-11-29,0.366624280478542,0.443819444444444,0,10.891875,0.0930754201388889,0,333
"643",2018-11-30,0.148173497050833,0.378395833333333,6.604,10.0533888888889,0.135764272222222,8,334
"644",2018-12-01,0.1579884197225,0.306847222222222,0,8.1695,0.155459558333333,8,335
"645",2018-12-02,0.225849833949604,0.372395833333333,0,7.73647222222222,0.1602020875,8,336
"646",2018-12-03,0.346857372906042,0.3766875,0,7.32686111111111,0.141188028472222,8,337
"647",2018-12-04,0.300841716821875,0.374930555555556,0,7.84305555555556,0.136209855555556,8,338
"648",2018-12-05,0.19877774785375,0.378402777777778,0,9.5685,0.126873231944444,8,339
"649",2018-12-06,0.3242224854966,0.431618055555556,0,10.7071666666667,0.1267843125,8,340
"650",2018-12-07,0.113765788209792,0.279047619047619,17.78,8.92352777777778,0.161189179166667,8,341
"651",2018-12-08,0.183811207304167,0.176611111111111,0,9.26322222222222,0.174091680555556,14,342
"652",2018-12-09,0.345034662277708,0.210444444444444,0,7.67808333333333,0.164937618055556,14,343
"653",2018-12-10,0.246186754120625,0.244106060606061,0,7.78638888888889,0.159943201388889,14,344
"654",2018-12-11,0.276949594253125,0.293888888888889,0,8.91138888888889,0.153058923611111,14,345
"655",2018-12-12,0.38140820340875,0.328923611111111,0,8.63147222222222,0.1677686875,14,346
"656",2018-12-13,0.345480869601479,0.271006944444444,0,6.44191666666667,0.152972923611111,14,347
"657",2018-12-14,0.34019064385,0.246361111111111,0,5.53333333333333,0.141140840277778,14,348
"658",2018-12-15,0.206931133079583,0.256888888888889,0,6.63038888888889,0.136606215277778,14,349
"659",2018-12-16,0.119511910990958,0.293069444444444,0,8.35058333333333,0.135645118055556,14,350
"660",2018-12-17,0.176879327549375,0.335576388888889,0,9.40947222222222,0.146816819444444,14,351
"661",2018-12-18,0.111762057368542,0.328,0,7.93902777777778,0.147493930555556,14,352
"662",2018-12-19,0.187964322544167,0.300260869565217,0,7.15114492753623,0.140710313768116,14,353
"663",2018-12-20,0.189822425873542,0.302708333333333,0,7.72833333333333,0.135105770138889,14,354
"664",2018-12-21,0.177884981420208,0.301256944444444,0,8.34136111111111,0.127703058333333,14,355
"665",2018-12-22,0.24450328308875,0.312541666666667,0,8.53005797101449,0.132245374305556,0,356
"666",2018-12-23,0.278194005891667,0.319541666666667,0,8.17051515151515,0.1261986375,0,357
"667",2018-12-24,0.271267720708333,0.330840277777778,0,8.40345454545455,0.124615655555556,0,358
"668",2018-12-25,0.258814466733333,0.339604166666667,0,9.37955555555556,0.120709070833333,0,359
"669",2018-12-26,0.270609408514167,0.325527777777778,1.905,6.42016666666667,0.132577618055556,0,360
"670",2018-12-27,0.135975034482708,0.271,0,5.16538888888889,0.133795506944444,0,361
"671",2018-12-28,0.15814909037639,0.202962962962963,5.715,3.70352777777778,0.164378814583333,8,362
"672",2018-12-29,0.224083472532917,0.188703703703704,0,1.89588888888889,0.163253561111111,8,363
"673",2018-12-30,0.204382968329375,0.210391304347826,0,3.04602777777778,0.166822004166667,8,364
"674",2018-12-31,0.167509997139021,0.2173125,0,2.71483333333333,0.154587713888889,8,365
"675",2019-01-01,0.329845672252917,0.216424242424242,0.508,4.75918181818182,0.159572333333333,8,1
"676",2019-01-02,0.0954510476443333,0.16725,2.921,2.05977777777778,0.168133618055556,8,2
"677",2019-01-03,0.283543392161875,0.174166666666667,0,2.10672222222222,0.165328840277778,8,3
"678",2019-01-04,0.0762873191535417,0.18866,0,3.46604,0.165777282,8,4
"679",2019-01-05,0.221607412980208,0.225194444444444,0,5.39816666666667,0.166380944444444,0,5
"680",2019-01-06,0.113489041807292,0.198204545454545,9.017,7.08773913043478,0.183770826086957,8,6
"681",2019-01-07,0.254033370874167,0.168722222222222,0,5.60033333333333,0.185341055555556,8,7
"682",2019-01-08,0.165699206427917,0.192354166666667,0,6.296875,0.174652298611111,8,8
"683",2019-01-09,0.225167709367083,0.23725,0,7.65262121212121,0.167477138888889,8,9
"684",2019-01-10,0.291435672225333,0.211458333333333,1.905,7.46858333333333,0.177449861111111,8,10
"685",2019-01-11,0.150594354159583,0.244083333333333,0,7.40238888888889,0.192633638888889,8,11
"686",2019-01-12,0.267747074837083,0.231583333333333,0,6.14652777777778,0.175051027777778,8,12
"687",2019-01-13,0.253866307485417,0.239659722222222,0,7.59327777777778,0.161793201388889,8,13
"688",2019-01-14,0.184899657327083,0.245388888888889,0,7.60497222222222,0.163039770833333,0,14
"689",2019-01-15,0.17801146543625,0.263888888888889,0,7.62025,0.162251041666667,0,15
"690",2019-01-16,0.223335681460796,0.270527777777778,0,7.80263636363636,0.162312125,0,16
"691",2019-01-17,0.204916558931458,0.293375,0,7.6950303030303,0.1720583125,0,17
"692",2019-01-18,0.307866704493333,0.329152777777778,0,8.34002898550725,0.202814854166667,0,18
"693",2019-01-19,0.169593610873125,0.254256944444444,0,7.73143055555556,0.150152034722222,0,19
"694",2019-01-20,0.185251375716896,0.269895833333333,0,7.63173913043478,0.148853854166667,0,20
"695",2019-01-21,0.321102313814792,0.333375,0,8.58014492753623,0.177655215277778,0,21
"696",2019-01-22,0.229540796240854,0.266763888888889,0,6.95172222222222,0.162164620833333,0,22
"697",2019-01-23,0.234119081845833,0.238152777777778,0,5.56891666666667,0.144920584722222,0,23
"698",2019-01-24,0.2711908178875,0.247152777777778,0,6.30483333333333,0.137586622222222,0,24
"699",2019-01-25,0.254112580136667,0.258,0,7.20213888888889,0.133296995833333,0,25
"700",2019-01-26,0.249986848421667,0.505705882352941,0,7.06855072463768,0.124908526811594,0,26
"701",2019-01-27,0.136494637983937,NA,0,8.55508771929825,0.115616702631579,0,27
"702",2019-01-28,0.172116704176542,NA,0,8.91692753623188,0.113834897826087,0,28
"703",2019-01-29,0.2910045609225,NA,0,9.85872222222222,0.110520335416667,0,29
"704",2019-01-30,0.29770977744375,NA,0,10.5409,0.1093192,0,30
"705",2019-01-31,0.275302623614167,NA,0,9.8592,0.105126245833333,0,31
"706",2019-02-01,0.149906299421357,NA,0,10.251375,0.102816220833333,0,32
"707",2019-02-02,0.299515256875,NA,0,10.5653684210526,0.100751602631579,0,33
"708",2019-02-03,0.214086517030583,NA,1.016,10.7006363636364,0.101547127272727,0,34
"709",2019-02-04,0.269713941607923,NA,0,10.9825507246377,0.106736765217391,0,35
"710",2019-02-05,0.261326000913667,NA,0,11.1835294117647,0.109795388235294,0,36
"711",2019-02-06,0.162913034055833,NA,0,8.30009090909091,0.108355840909091,0,37
"712",2019-02-07,0.252548307354583,NA,0,5.92948888888889,0.109281817777778,0,38
"713",2019-02-08,0.1011069707275,NA,0,7.24125333333333,0.107168768,0,39
"714",2019-02-09,0.174628838603125,NA,0,8.38654166666667,0.104063259375,0,40
"715",2019-02-10,0.223414099784792,NA,6.604,7.67056140350877,0.135509844736842,8,41
"716",2019-02-11,0.06095759866,NA,0,7.71866666666667,0.162657289473684,8,42
"717",2019-02-12,0.097749229271875,NA,0,10.0498333333333,0.1515476,8,43
"718",2019-02-13,0.2184229507175,NA,0,9.98055555555556,0.1462381,8,44
"719",2019-02-14,0.22157092699675,NA,1.651,10.4381960784314,0.142959176470588,8,45
"720",2019-02-15,0.237280056167917,NA,1.397,12.0328245614035,0.167054342105263,8,46
"721",2019-02-16,0.27756843953375,NA,0,9.23106666666667,0.1572409,8,47
"722",2019-02-17,0.31383441732375,NA,0,4.31474074074074,0.147998382352941,8,48
"723",2019-02-18,0.212319836483958,NA,0,4.34780555555556,0.142276583333333,0,49
"724",2019-02-19,0.070649734109375,NA,5.842,4.65103921568627,0.170514083333333,8,50
"725",2019-02-20,0.118766041209188,NA,0,2.95891228070175,0.151043667391304,8,51
"726",2019-02-21,0.131106930635333,NA,0,4.55896296296296,0.155159409090909,8,52
"727",2019-02-22,0.172120076772708,NA,12.319,3.4768115942029,0.176994760869565,8,53
"728",2019-02-23,0.246191345280208,NA,0.254,2.81425,0.199536916666667,14,54
"729",2019-02-24,0.143394480792708,NA,0,5.09835087719298,0.190032894736842,14,55
"730",2019-02-25,0.139800202602604,NA,0,7.33579487179487,0.179893230769231,14,56
"731",2019-02-26,0.1066776550995,NA,0,10.0286243386243,0.16627587037037,14,57
"732",2019-02-27,0.0291830157913043,0.277090277777778,0,11.2872619047619,0.162987432539683,14,58
"733",2019-02-28,0.190463117716596,0.299034722222222,0,11.7992757936508,0.176336263888889,14,59
"734",2019-03-01,0.213774922948936,0.314666666666667,0,12.8593095238095,0.168050916666667,14,60
"735",2019-03-02,0.23028813356625,0.361388888888889,0,13.8928373015873,0.177322428571429,14,61
"736",2019-03-03,0.198228784287292,0.386777777777778,0,14.2244803312629,0.181402033730159,14,62
"737",2019-03-04,0.230983259846341,0.370458333333333,0,13.6739233954451,0.175153988095238,14,63
"738",2019-03-05,0.2435382328348,0.364722222222222,0,14.2581614906832,0.148812125,14,64
"739",2019-03-06,0.366492487540208,0.433791666666667,0,14.9632879818594,0.155470049206349,14,65
"740",2019-03-07,0.324065427408333,0.387166666666667,0,14.6993650793651,0.134433910714286,14,66
"741",2019-03-08,0.198142843980208,0.390041666666667,0,12.6930952380952,0.144526418650794,14,67
"742",2019-03-09,0.372022982177083,0.316854166666667,0,10.7058008658009,0.130634623809524,0,68
"743",2019-03-10,0.339838502978542,0.316243055555556,0,12.2456150793651,0.117780126984127,0,69
"744",2019-03-11,0.401208767591042,0.410972222222222,7.112,12.3965413533835,0.124451722222222,8,70
"745",2019-03-12,0.106687818371042,0.146340579710145,26.162,9.82997929606625,0.217556463768116,20,71
"746",2019-03-13,0.462242908981875,0.142145833333333,0,7.79678571428571,0.182088942460317,20,72
"747",2019-03-14,0.516394528431042,0.274513888888889,0,8.23247835497835,0.178870988095238,20,73
"748",2019-03-15,0.106386692607708,0.246430555555556,0,9.89904761904762,0.159506527777778,20,74
"749",2019-03-16,0.222813641241667,0.286083333333333,0,13.1232142857143,0.157565793650794,20,75
"750",2019-03-17,0.273380493803333,0.315118055555556,0,13.9792857142857,0.154785047619048,20,76
"751",2019-03-18,0.262742441513333,0.354166666666667,0,15.3219920634921,0.151849063492064,20,77
"752",2019-03-19,0.399417610228333,0.406805555555556,0,16.1164389233954,0.147909339285714,20,78
"753",2019-03-20,0.428980292630333,0.440347222222222,0,17.3107281746032,0.142229305555556,20,79
"754",2019-03-21,0.458849793220646,0.443666666666667,0,16.4859523809524,0.155593236111111,20,80
"755",2019-03-22,0.484575900630833,0.462194444444444,0,15.8751031746032,0.158392546626984,20,81
"756",2019-03-23,0.525574626866667,0.471444444444444,0,16.172626984127,0.144922927579365,20,82
"757",2019-03-24,0.522409839578917,0.502694444444444,0,17.3714186507937,0.139997057539683,20,83
"758",2019-03-25,0.521720236849708,0.548791666666667,0,18.7019305555556,0.120348572420635,20,84
"759",2019-03-26,0.802501215218354,0.601333333333333,0,19.7610766045549,0.127815219875776,20,85
"760",2019-03-27,0.940388525991667,0.64819696969697,0,19.5049242424242,0.137424587662338,20,86
"761",2019-03-28,0.996199615488958,0.740305555555556,0,19.6247792207792,0.169898670634921,20,87
"762",2019-03-29,1.00742217391667,0.777013888888889,0,19.1454906832298,0.19748421031746,20,88
"763",2019-03-30,1.04805042559896,0.671513888888889,0,19.2598611111111,0.118793676587302,20,89
"764",2019-03-31,1.01899128938333,0.738611111111111,0,18.4109627329193,0.159970217261905,20,90
"765",2019-04-01,1.04954949645833,0.65775,0,18.5989444444444,0.103943223214286,0,91
"766",2019-04-02,1.32964976441771,0.764680555555556,0,20.1505396825397,0.140253580357143,0,92
"767",2019-04-03,1.32407666545417,0.815969696969697,0,19.5673874458874,0.160200274891775,0,93
"768",2019-04-04,1.15797066498812,0.722152777777778,0,19.5327083333333,0.113614731150794,0,94
"769",2019-04-05,1.25543768663229,0.719305555555556,0,18.3609325396825,0.116323215277778,0,95
"770",2019-04-06,1.22325606979042,NA,0,18.8290103519669,0.0697496492753623,0,96
"771",2019-04-07,1.46969316452625,NA,0,19.5318571428571,0.0712539166666667,0,97
"772",2019-04-08,1.70969868618667,NA,0,22.2957777777778,0.0703798555555556,0,98
"773",2019-04-09,1.69977560708125,NA,0,23.2868055555556,0.0689831486111111,0,99
"774",2019-04-10,1.63802175564896,NA,0,20.6422619047619,0.0652775263888889,0,100
"775",2019-04-11,1.19524756129687,NA,0,11.3368095238095,0.05718752,0,101
"776",2019-04-16,1.67079079906729,1.43,3.048,23.1757142857143,0.336186696428571,0,106
"777",2019-04-17,1.29001294367229,1.27536111111111,0.254,17.7968650793651,0.299324461309524,0,107
"778",2019-04-18,1.61492721904583,1.06340277777778,0,20.1089166666667,0.171769350198413,0,108
"779",2019-04-19,1.83101252335833,1.09791666666667,0,22.6152777777778,0.143360108134921,0,109
"780",2019-04-20,2.08844694462917,1.39104166666667,0,23.6802261904762,0.267906405753968,0,110
"781",2019-04-21,1.8445311129,1.34416666666667,0,22.4174458874459,0.266580053571429,0,111
"782",2019-04-22,1.5809436637,1.14645833333333,0,21.7412777777778,0.167398472222222,0,112
"783",2019-04-23,1.39548719367104,1.08340277777778,0,21.4187638888889,0.149029361111111,0,113
"784",2019-04-24,1.53570546175062,1.22741666666667,0,21.0208095238095,0.223184041666667,0,114
"785",2019-04-25,1.71007991648542,1.29286111111111,0,22.4693833333333,0.217537909722222,0,115
"786",2019-04-26,1.45648156274104,1.36270833333333,0,26.1407638888889,0.250252375,0,116
"787",2019-04-27,1.71837107663333,1.44458333333333,0,25.4580454545455,0.309481784722222,0,117
"788",2019-04-28,1.9871609488,1.49395833333333,0,26.087231884058,0.325257083333333,0,118
"789",2019-04-29,1.5093257106594,1.266875,0,22.2820833333333,0.241027493055556,0,119
"790",2019-04-30,1.76051035098479,1.35027777777778,0,24.1259583333333,0.309608555555556,0,120
"791",2019-05-01,2.020096880465,1.33909722222222,0,25.1230694444444,0.297339055555556,0,121
"792",2019-05-02,1.85736124458398,1.22770833333333,0,24.7164444444444,0.232122215277778,0,122
"793",2019-05-03,1.69126207298333,1.36069444444444,0,26.4185833333333,0.305575673611111,0,123
"794",2019-05-04,1.82778377191875,1.36173611111111,0,27.1312638888889,0.286029495833333,0,124
"795",2019-05-05,1.826969094575,1.33694444444444,0,27.6423333333333,0.261612347222222,0,125
"796",2019-05-06,1.71391556480417,1.20993055555556,0,25.4355555555556,0.211754611111111,0,126
"797",2019-05-07,1.86511927439125,1.44145833333333,0,25.5628472222222,0.323427527777778,0,127
"798",2019-05-08,1.69401049757979,1.31215277777778,0,21.602380952381,0.306121145833333,0,128
"799",2019-05-09,1.53500622691042,1.09791666666667,0,22.8799444444444,0.173060073611111,0,129
"800",2019-05-10,1.61677091491625,1.03395833333333,0,23.7263194444444,0.175463423611111,0,130
"801",2019-05-11,1.23786360282292,1.09597222222222,0,21.7618421052632,0.2253169375,0,131
"802",2019-05-12,0.679101824251042,1.03906944444444,4.953,18.6299404761905,0.212941632936508,0,132
"803",2019-05-13,1.28300025130833,1.06673611111111,0,19.6483095238095,0.235504081349206,0,133
"804",2019-05-14,1.33935926965833,1.10430555555556,0,24.0947103174603,0.217751274801587,0,134
"805",2019-05-15,1.46480013435417,1.21194444444444,0,26.8387579365079,0.255152418650794,0,135
"806",2019-05-16,1.62363730144375,1.22340277777778,0,26.4746527777778,0.258359782936508,0,136
"807",2019-05-17,2.09604193159167,1.29833333333333,0,25.3234305555556,0.324634786706349,0,137
"808",2019-05-18,1.75644064083542,1.140625,0,25.2301726190476,0.269265216269841,0,138
"809",2019-05-19,1.38015152697813,0.986180555555556,0,22.1261904761905,0.217500257936508,0,139
"810",2019-05-20,1.60478824352229,1.03368055555556,0,20.9376388888889,0.253574523809524,0,140
"811",2019-05-21,1.671169263795,1.07854166666667,0,22.3681329365079,0.281458618055556,0,141
"812",2019-05-22,1.27654316262833,1.02631944444444,0,24.6374345238095,0.211280743055556,0,142
"813",2019-05-23,1.36479812281125,0.984930555555556,0,25.5364682539683,0.210169091269841,0,143
"814",2019-05-24,1.26852335350833,0.947083333333333,0,26.4447142857143,0.174905027777778,0,144
"815",2019-05-25,1.18724112269375,0.9575,0,27.276003968254,0.172631276785714,0,145
"816",2019-05-26,1.0104220383575,1.01,0,27.3704166666667,0.184913242063492,0,146
"817",2019-05-27,1.54241639526792,1.10493055555556,0,26.687746031746,0.250743794642857,0,147
"818",2019-05-28,1.43430741837083,0.995486111111111,0,26.614119047619,0.230735244047619,0,148
"819",2019-05-29,1.29898250881478,0.879416666666667,0,24.6096404761905,0.177636105952381,0,149
"820",2019-05-30,1.2272578513875,0.887916666666667,0,28.8002083333333,0.137737779761905,0,150
"821",2019-05-31,1.056797692515,0.903680555555556,0,29.6760515873016,0.143010478174603,0,151
"822",2019-06-01,0.937156560754375,0.943958333333333,0,30.5519047619048,0.153071500992063,0,152
"823",2019-06-02,0.8879395587375,0.962152777777778,0,30.9980396825397,0.17226560515873,0,153
"824",2019-06-03,0.80674437252,0.946527777777778,0,30.8542976190476,0.170636466269841,0,154
"825",2019-06-04,0.758387083642792,0.913402777777778,0,31.1521388888889,0.158039305555556,0,155
"826",2019-06-05,1.03307214790625,0.950625,0,31.5768095238095,0.186803435515873,0,156
"827",2019-06-06,1.05764014928187,0.947222222222222,0,32.0365753968254,0.170475733134921,0,157
"828",2019-06-07,0.894682607464583,0.946180555555556,0,32.4911507936508,0.17057935218254,0,158
"829",2019-06-08,1.09230796277292,0.982361111111111,0,32.5148214285714,0.201199642857143,0,159
"830",2019-06-09,0.891211138647917,0.931041666666667,0,33.8247142857143,0.157805350198413,0,160
"831",2019-06-10,0.675078504805208,0.846736111111111,0,31.5269047619048,0.109143392857143,0,161
"832",2019-06-11,0.998604551772708,0.944027777777778,0,33.0825,0.185993034722222,0,162
"833",2019-06-12,0.874100163345833,0.912430555555556,0,33.5444047619048,0.168810151785714,0,163
"834",2019-06-13,0.815221634171667,0.952638888888889,0,33.4895833333333,0.187966570436508,0,164
"835",2019-06-14,0.690458489267083,0.951472222222222,0,33.458876984127,0.179153025793651,0,165
"836",2019-06-15,0.768811885291667,0.887659090909091,0,33.7689502164502,0.165067109307359,0,166
"837",2019-06-24,0.314100669296,0.86075,0,40.9478231292517,0.148648664965986,0,175
"838",2019-06-25,0.316453299138958,0.739347826086956,0,34.1806086956522,0.116667700828157,0,176
"839",2019-06-26,0.4058907726,0.713902777777778,0,34.7892777777778,0.0805036547619048,0,177
"840",2019-06-27,0.402544055964375,0.92925,0,35.5963055555556,0.0637924265873016,0,178
"841",2019-06-28,0.413412708131458,1.10493055555556,0,34.5349404761905,0.0590378367063492,0,179
"842",2019-06-29,0.346370844161458,1.04949275362319,0,34.4689233954451,0.0588622463768116,0,180
"843",2019-06-30,0.64049060485,0.915434782608696,0,34.4435155279503,0.0591166797101449,0,181
"844",2019-07-01,0.666738911229167,0.889710144927536,0,34.1725465838509,0.0585265623188406,0,182
"845",2019-07-02,0.652900487761042,0.895277777777778,0,35.135878968254,0.0587836152777778,0,183
"846",2019-07-03,0.592500794875,0.994710144927536,0,35.7892298136646,0.0588487173913043,0,184
"847",2019-07-04,0.608355552075417,0.960984848484848,0,35.7396825396825,0.0590483515151515,0,185
"848",2019-07-05,0.407613889732292,0.932826086956522,0.762,31.7104099378882,0.0563085826086957,0,186
"849",2019-07-06,0.407760356235417,1.04645833333333,0,32.2200515873016,0.062632383234127,0,187
"850",2019-07-07,0.281488226110417,1.33295833333333,9.017,28.0600714285714,0.0945736733333333,8,188
"851",2019-07-08,0.245553666941667,1.59189393939394,0,28.2722727272727,0.13508713030303,8,189
"852",2019-07-09,0.268834850399167,1.42333333333333,0,24.615,0.114729425,8,190
"853",2019-07-17,1.54655534360556,0.953888888888889,6.096,37.2609920634921,0.0914626527777778,8,198
"854",2019-07-18,0.741750892625,1.46770833333333,0.508,27.9524325396825,0.140507282638889,8,199
"855",2019-07-19,1.16344664935208,1.59190972222222,0,30.7141547619048,0.126428443055556,8,200
"856",2019-07-20,1.38925133136667,0.981388888888889,0,29.8065476190476,0.104884980555556,8,201
"857",2019-07-21,1.06602719072917,0.841145833333333,0,31.5819979296066,0.0899290069444444,8,202
"858",2019-07-22,0.87634094714125,0.773541666666667,0,32.541994047619,0.0791816388888889,8,203
"859",2019-07-23,0.545634070372917,1.00670138888889,0.889,31.5814603174603,0.0763080027777778,8,204
"860",2019-07-24,0.499401967963721,0.748645833333333,0,31.7374409937888,0.0749018375,8,205
"861",2019-07-25,0.744466134512917,0.665144927536232,0,32.1102049689441,0.0700335275362319,0,206
"862",2019-07-26,0.873158068471042,0.707604166666667,0,33.5867023809524,0.069777675,0,207
"863",2019-07-27,0.6190554014425,0.901965277777778,3.302,30.4993888888889,0.0808849486111111,0,208
"864",2019-07-28,0.8144278269875,0.944638888888889,0,30.2023611111111,0.0930363666666667,0,209
"865",2019-07-29,0.871838448068958,0.72594696969697,42.545,29.2897420634921,0.118188944444444,20,210
"866",2019-07-30,0.20421269334375,1.33185606060606,8.255,25.7838447204969,0.203597623188406,20,211
"867",2019-07-31,0.431412237785417,1.17891304347826,8.255,24.4034523809524,0.205534613095238,20,212
"868",2019-08-01,1.23073044426063,1.83371527777778,0,26.0540297619048,0.187365708333333,20,213
"869",2019-08-02,1.18438420867292,2.19131944444444,0,25.6549482401656,0.165194347222222,20,214
"870",2019-08-03,2.25322404067917,2.50145833333333,0,25.7961027568922,0.154617555555556,20,215
"871",2019-08-04,3.50293434613333,2.7146875,0,27.5296616541353,0.139784958333333,20,216
"872",2019-08-05,2.75302121105833,2.59375694444444,0,27.5092481203008,0.120368777777778,20,217
"873",2019-08-06,3.25402409997021,1.84458333333333,10.287,25.4528095238095,0.134841560606061,20,218
"874",2019-08-07,4.10922505433958,2.09614583333333,0,26.410335600907,0.172443611111111,20,219
"875",2019-08-08,3.81763547236667,2.46236111111111,0,26.9884353741497,0.140494301388889,20,220
"876",2019-08-09,3.89561049719375,2.715,1.397,27.1766335403727,0.131582776388889,20,221
"877",2019-08-10,3.05532157406146,2.37306944444444,2.032,24.2670634920635,0.127283073611111,20,222
"878",2019-08-11,4.55188761400833,2.42822916666667,0.254,25.6369563492064,0.177558643849206,20,223
"879",2019-08-12,4.06472106410417,2.28046212121212,0,26.6331818181818,0.172818475974026,20,224
"880",2019-08-13,4.69985907572708,2.51878472222222,0,29.8427579365079,0.115579243055556,20,225
"881",2019-08-14,3.28366894516667,2.5384375,0,30.77025,0.0979292388888889,20,226
"882",2019-08-15,3.34354571849167,2.55791666666667,0,31.0328896103896,0.0884920805555556,20,227
"883",2019-08-16,3.45078869238125,2.20960144927536,0,29.9112619047619,0.166880286542443,20,228
"884",2019-08-17,3.26728328432563,1.94280555555556,0,30.8093786848073,0.210813523809524,20,229
"885",2019-08-18,2.71843939228958,1.67825,0,30.2910432900433,0.190809166666667,14,230
"886",2019-08-19,2.30001014734375,1.57736111111111,0,30.7311541950113,0.193996510912698,14,231
"887",2019-08-20,2.11091670329167,1.48608333333333,0,29.5920651629073,0.183386607142857,14,232
"888",2019-08-21,2.27610552796542,1.07732638888889,21.844,28.1176904761905,0.192562692460317,20,233
"889",2019-08-22,2.92091319425,1.41222463768116,0,27.212198757764,0.310503778467909,20,234
"890",2019-08-23,3.08672663461667,1.39375,8.001,26.221652173913,0.275825138888889,20,235
"891",2019-08-24,3.95925505914542,1.42416666666667,0,26.0378075396825,0.285745744047619,20,236
"892",2019-08-25,4.6889040530625,1.90534722222222,0,27.5319543650794,0.276301746031746,20,237
"893",2019-08-26,4.97579721179375,2.03144444444444,0,28.26079004329,0.298855282738095,20,238
"894",2019-08-27,4.30021711370625,2.11436111111111,0,28.7730204081633,0.249447608134921,20,239
"895",2019-08-28,3.30568239649875,1.65952777777778,12.065,26.7031785714286,0.232074942460317,20,240
"896",2019-08-29,5.02643757992292,1.53183333333333,0.635,25.8495,0.265116666666667,20,241
"897",2019-08-30,4.81536929694167,2.12154166666667,0,26.8229007936508,0.281188928571429,20,242
"898",2019-08-31,5.03594987251667,2.07109722222222,0,28.3675535714286,0.255872282738095,20,243
"899",2019-09-01,3.67328816226729,1.97419444444444,0,29.1080714285714,0.229168448412698,20,244
"900",2019-09-02,2.98588098401667,1.87072222222222,0,28.0923896103896,0.214466725198413,20,245
"901",2019-09-03,2.47902915381875,1.75151388888889,0,28.788149068323,0.207151321428571,20,246
"902",2019-09-04,2.40670651268438,1.54424444444444,0,23.9248761904762,0.17846286031746,20,247
"903",2019-09-24,0.570954433621042,0.797333333333333,37.465,16.6949523809524,0.202329066666667,20,267
"904",2019-09-25,1.16871561507083,0.237284722222222,3.81,17.6887103174603,0.197318146825397,20,268
"905",2019-09-26,1.94105179281875,0.648977272727273,0,19.3573623188406,0.220837972049689,20,269
"906",2019-09-27,2.2046861396875,0.931291666666667,0,19.8250062111801,0.223333472222222,20,270
"907",2019-09-28,2.62925960226458,1.00574305555556,0,19.9661688311688,0.211723224206349,20,271
"908",2019-09-29,2.9570179160125,1.08154861111111,0,20.1520861678005,0.210299265873016,20,272
"909",2019-09-30,3.09018329426667,1.13568055555556,0,22.0768154761905,0.211234722222222,20,273
"910",2019-10-01,2.66644411429583,1.17163888888889,0,22.1607817460317,0.204587588293651,20,274
"911",2019-10-02,1.40275580793711,1.19379166666667,0,22.6998432539683,0.203410097222222,20,275
"912",2019-10-03,2.74988828841042,1.21390277777778,0,23.5194206349206,0.206147871031746,20,276
"913",2019-10-04,2.78324136426042,1.27468055555556,0.254,23.5993888888889,0.217323399801587,20,277
"914",2019-10-05,3.10840926832917,1.23820833333333,0,23.8182936507937,0.215194823412698,20,278
"915",2019-10-06,2.75004201778542,1.30453472222222,0,23.6982698412698,0.205486628968254,20,279
"916",2019-10-07,2.38180570874271,1.29565942028986,0,23.50616563147,0.202520259834369,20,280
"917",2019-10-08,2.49147102452813,1.36827083333333,0,24.410003968254,0.232837700396825,20,281
"918",2019-10-09,2.42763170556875,1.28125,0,22.7017896825397,0.205516876984127,20,282
"919",2019-10-10,2.29168045262917,1.22173611111111,0,21.6456111111111,0.20683995734127,20,283
"920",2019-10-11,1.86363366776875,1.12384027777778,0,21.0642301587302,0.182790982142857,20,284
"921",2019-10-12,1.86824193398333,1.10102777777778,0,21.4219761904762,0.196261387896825,20,285
"922",2019-10-13,1.78067822739375,1.09251388888889,0,21.2116170634921,0.171580067460317,20,286
"923",2019-10-14,1.5205481465375,1.08177777777778,0,20.9561428571429,0.169296295634921,0,287
"924",2019-10-15,1.65572651632108,1.02286111111111,0,21.7487400793651,0.156958754960317,0,288
"925",2019-10-16,1.37176098703292,1.02910416666667,0,21.9805833333333,0.157609574404762,0,289
"926",2019-10-17,1.43996338855271,1.05914583333333,0,22.4790972222222,0.177822993055556,0,290
"927",2019-10-18,1.4848287946775,1.04868055555556,0,21.0820535714286,0.187491096230159,0,291
"928",2019-10-19,1.1894124611075,0.909069444444444,0,19.863878968254,0.158793922619048,0,292
"929",2019-10-20,1.11877124759813,0.902506944444444,0,19.0972301587302,0.169487491071429,0,293
"930",2019-10-21,1.10937714397143,0.792269841269841,0,16.9397551020408,0.141903943310658,0,294
"931",2019-10-22,0.8664937829125,0.7663125,0,18.9388333333333,0.124974983134921,0,295
"932",2019-10-23,0.79375574485625,0.757777777777778,0,19.2749107142857,0.136131939484127,0,296
"933",2019-10-24,0.847728020711667,0.7276875,0,18.8074682539683,0.140746439484127,0,297
"934",2019-10-25,0.501732450039583,0.593111111111111,0,16.3094742063492,0.107413931150794,0,298
"935",2019-10-26,0.591887868571875,0.611625,0,16.1898293650794,0.111901771428571,0,299
"936",2019-10-27,0.603558735945167,0.631743055555556,0,17.3277281746032,0.108816049206349,0,300
"937",2019-10-28,0.722222018303125,0.600555555555556,0,17.6770138888889,0.127060410515873,0,301
"938",2019-10-29,0.674196857795833,0.541493055555556,0,16.1301349206349,0.120063335515873,0,302
"939",2019-10-30,0.393836566943958,0.475083333333333,0,14.5219484126984,0.0957040490079365,0,303
"940",2019-10-31,0.268756043801458,0.451090277777778,0,13.5730674603175,0.0855965192460317,0,304
"941",2019-11-01,0.311965036913958,0.4806875,0,14.4735300207039,0.094517519047619,0,305
"942",2019-11-02,0.28830862916125,0.499847222222222,0,16.2618988095238,0.0895873390873016,0,306
"943",2019-11-03,0.255801502453125,0.493256944444444,0,16.7105921325052,0.104391287698413,0,307
"944",2019-11-04,0.277653673998542,0.512424242424242,0,16.05175,0.101600167965368,0,308
"945",2019-11-05,0.154056548103542,0.5285,0,18.1286542443064,0.10785612202381,0,309
"946",2019-11-06,0.234449108983542,0.545097222222222,0,17.1889880952381,0.10502910218254,0,310
"947",2019-11-07,0.392341285428542,0.466270833333333,0,16.6953075396825,0.0916314799603175,0,311
"948",2019-11-08,0.272336179786667,0.482069444444444,0,17.0768511904762,0.0883637962301587,0,312
"949",2019-11-09,0.316368119563729,0.474472222222222,0,17.0742236024845,0.101285589087302,0,313
"950",2019-11-10,0.419678529194854,0.468986111111111,0,17.9112400793651,0.0952291109126984,0,314
"951",2019-11-11,0.485629509992333,0.429826388888889,0,17.7405952380952,0.0956772648809524,0,315
"952",2019-11-12,0.178274791487083,0.399,0,16.0158055555556,0.0968332134920635,0,316
"953",2019-11-13,0.381161009122917,0.380430555555556,0,14.0848492063492,0.0980955674603175,0,317
"954",2019-11-14,0.182304120475208,0.376125,0,14.8659861111111,0.0878346369047619,0,318
"955",2019-11-15,0.205079835820812,0.373375,0,15.1023333333333,0.0895188670634921,0,319
"956",2019-11-16,0.260367846533604,0.403951388888889,0,15.9130277777778,0.0873573099206349,0,320
"957",2019-11-17,0.241179179520833,0.361763888888889,0,15.2455555555556,0.0824742150793651,0,321
"958",2019-11-18,0.44766144954375,0.3666875,0,13.3350285714286,0.0870409589285714,0,322
"959",2019-11-19,0.3608149885375,0.540361111111111,12.573,15.136544973545,0.10097442962963,0,323
"960",2019-12-10,0.39000664958,0.15625,0,9.84666666666667,0.191947489177489,20,344
"961",2019-12-11,0.246791708401875,0.226866666666667,0,7.23503105590062,0.189890579710145,20,345
"962",2019-12-12,0.384431905389375,0.24856862745098,0,7.39892857142857,0.189633392857143,20,346
"963",2019-12-13,0.457028861123958,0.25581884057971,0,8.41293650793651,0.18667935515873,20,347
"964",2019-12-14,0.374419454854417,0.288222222222222,0,9.12950793650794,0.18203880952381,20,348
"965",2019-12-15,0.33450841077625,0.296381944444444,0,8.81039285714286,0.179104896825397,20,349
"966",2019-12-16,0.225851447807917,0.250625,0,6.06978174603175,0.167293325396825,20,350
"967",2019-12-17,0.208071355638104,0.231909090909091,0,4.04944444444444,0.155116086111111,20,351
"968",2019-12-18,0.100280452826021,0.240333333333333,0,3.78086956521739,0.158783249482402,20,352
"969",2019-12-19,0.423012826048458,0.248651515151515,0,4.91486111111111,0.158997392857143,20,353
"970",2019-12-20,0.363286123256042,0.245858333333333,0,5.07872463768116,0.150162010351967,20,354
"971",2019-12-21,0.162309830093208,0.261818181818182,0,5.34296428571429,0.154491851190476,20,355
"972",2019-12-22,0.089248179039375,0.2596875,0,6.38380158730159,0.148077420634921,20,356
"973",2019-12-23,0.186424610379792,0.266048611111111,0,6.82380952380952,0.146513581349206,20,357
"974",2019-12-24,0.0733300727520833,0.253269230769231,6.096,6.93366459627329,0.172831598343685,20,358
"975",2019-12-25,0.198283108487708,0.178597222222222,0,6.75238095238095,0.183201549603175,20,359
"976",2019-12-26,0.033832281525625,0.2572,0,5.7492996031746,0.185102472222222,20,360
"977",2019-12-27,0.0936371000227083,0.224333333333333,7.239,4.79414682539683,0.198218916666667,20,361
"978",2019-12-28,0.225433037294375,0.19,0.508,3.68428968253968,0.193035902777778,20,362
"979",2019-12-29,0.135561008251458,0.205350877192982,0.254,2.78154761904762,0.182030922619048,8,363
"980",2019-12-30,0.186544136568729,0.235673611111111,0,3.64710317460317,0.183736527777778,8,364
"981",2019-12-31,0.157136068164542,0.254743055555556,0,5.34672619047619,0.184066045634921,8,365
"982",2020-01-01,0.205717039819583,0.220166666666667,0,5.4097619047619,0.179715887445887,8,1
"983",2020-01-02,0.210620593167188,0.206020833333333,0.762,4.8389246031746,0.171933492063492,8,2
"984",2020-01-03,0.292426309892977,0.173128787878788,0,3.44643939393939,0.165960149350649,8,3
"985",2020-01-04,0.133315761215,0.213972222222222,0,5.32438492063492,0.168909751984127,0,4
"986",2020-01-05,0.141841902680833,0.247215277777778,0,5.9565670995671,0.169038095238095,0,5
"987",2020-01-06,0.0704999425615833,0.232819444444444,0,6.23109126984127,0.165162976190476,0,6
"988",2020-01-07,0.0921367099036875,0.214388888888889,0,5.12329192546584,0.160197770833333,0,7
"989",2020-01-08,0.0952783355514167,0.228347222222222,0,4.98253246753247,0.158146865079365,0,8
"990",2020-01-09,0.0868533107458333,0.232478260869565,4.445,5.48323376623377,0.161789534161491,0,9
"991",2020-01-10,0.02417449584925,0.202486111111111,0.762,4.97184523809524,0.19015378968254,0,10
"992",2020-01-11,0.0789039825039583,0.194597222222222,0,4.13253373015873,0.179285785714286,0,11
"993",2020-01-12,0.146525905212104,0.216895833333333,0,4.52329192546584,0.175122638888889,0,12
"994",2020-01-13,0.0660045953389583,0.225590277777778,0,5.65496031746032,0.178031567460317,0,13
"995",2020-01-14,0.109319800269423,0.244652173913043,0,6.70521739130435,0.1700383126294,0,14
"996",2020-01-15,0.109562254073625,0.263472222222222,0,8.46047619047619,0.166044702380952,0,15
"997",2020-01-16,0.087070509205,0.434253623188406,2.032,8.70037267080745,0.192310310559006,0,16
"998",2020-01-17,0.0600080876099167,0.282347222222222,0,8.04384126984127,0.193634831349206,0,17
"999",2020-01-18,0.0751397650739583,0.414256944444444,0,7.53404761904762,0.197192886904762,0,18
"1000",2020-01-19,0.04487059946,0.275895833333333,0,8.74982608695652,0.174298555555556,0,19
"1001",2020-01-20,0.042073657646875,0.312041666666667,0,9.93563888888889,0.180965527777778,0,20
"1002",2020-01-21,0.115226245158958,0.418642857142857,4.572,9.14619047619048,0.173349880952381,0,21
"1003",2020-02-18,0.190995304139583,0.360777777777778,0,12.403,0.140668916666667,0,49
"1004",2020-02-19,0.4093448112,0.377875,0,10.6652592592593,0.142188006944444,0,50
"1005",2020-02-20,0.388228584227083,0.392,0,10.7063333333333,0.136449597222222,0,51
"1006",2020-02-21,0.2720824416625,0.530347222222222,1.651,11.7240277777778,0.124313333333333,0,52
"1007",2020-02-22,0.506843768347917,0.542333333333333,2.159,11.1562777777778,0.149235680555556,0,53
"1008",2020-02-23,0.283191406924167,0.410094202898551,0,10.2159275362319,0.165820224637681,0,54
"1009",2020-02-24,0.41361293956375,0.37175,0,9.86752777777778,0.177415715277778,0,55
"1010",2020-02-25,0.308017655002083,0.330944444444444,0,9.67422222222222,0.156004375,0,56
"1011",2020-02-26,0.251801845906687,0.263277777777778,0,8.40451388888889,0.139124381944444,0,57
"1012",2020-02-27,0.3687118839765,0.296972222222222,0,9.64022222222222,0.142837666666667,0,58
"1013",2020-02-28,0.203195801082083,0.343236111111111,0,11.1875694444444,0.134500444444444,0,59
"1014",2020-02-29,0.454834239235417,0.409319444444444,0,11.2126333333333,0.135175979166667,0,60
"1015",2020-03-01,0.36403045935375,0.379541666666667,0,11.6457222222222,0.126974270833333,0,61
"1016",2020-03-02,0.29639737193725,0.418791666666667,0.635,11.4404833333333,0.119486291666667,0,62
"1017",2020-03-03,0.348432852079583,0.395854166666667,9.906,9.73219444444444,0.133007340277778,8,63
"1018",2020-03-04,0.30481131669125,0.337055555555556,0,9.9431746031746,0.173124847222222,8,64
"1019",2020-03-05,0.213614133121042,0.370902777777778,0,12.3143472222222,0.159701555555556,8,65
"1020",2020-03-06,0.304645961113854,0.43,0,13.2810869565217,0.149032194444444,8,66
"1021",2020-03-07,0.507834647187065,0.514486111111111,0,13.6584666666667,0.149656270833333,8,67
"1022",2020-03-08,0.071521330335,0.260913043478261,19.812,12.2479710144928,0.176431347826087,8,68
"1023",2020-03-09,0.15117925321125,0.32675,0,12.1822272727273,0.173834597222222,14,69
"1024",2020-03-10,0.161564729854083,0.477708333333333,1.27,13.4329166666667,0.164189333333333,14,70
"1025",2020-03-11,0.127034079162222,0.590625,0.254,15.2287083333333,0.166760430555556,14,71
"1026",2020-03-12,0.173570576561688,0.559097222222222,6.096,13.6798333333333,0.161400944444444,14,72
"1027",2020-03-13,0.335039584960417,0.336388888888889,0,13.2635277777778,0.170780791666667,14,73
"1028",2020-03-14,0.316141334680417,0.404833333333333,0,12.6632463768116,0.169245152777778,14,74
"1029",2020-03-15,0.475791708860208,0.434930555555556,0,13.2844848484848,0.159654583333333,14,75
"1030",2020-03-16,0.395703895047729,0.522536231884058,0,13.1972698412698,0.157400492753623,14,76
"1031",2020-03-17,0.540064119084792,0.518208333333333,0,14.4799090909091,0.147594666666667,14,77
"1032",2020-03-18,0.161859719661875,0.483355072463768,16.129,10.5351884057971,0.169031275362319,14,78
"1033",2020-03-19,0.5101451387375,0.25975,0,10.9611944444444,0.177684972222222,14,79
"1034",2020-03-20,0.457297353941667,0.371875,0,11.4027272727273,0.178842541666667,14,80
"1035",2020-03-21,0.668665996096042,0.468319444444444,0,13.1113968253968,0.171901777777778,14,81
"1036",2020-03-22,0.653842428559375,0.489166666666667,0,13.2398,0.166846791666667,14,82
"1037",2020-03-23,0.704339935647917,0.599236111111111,0,14.9561428571429,0.182213875,14,83
"1038",2020-03-24,0.71273373081875,0.617291666666667,0,16.4267361111111,0.1551915,14,84
"1039",2020-03-25,0.871399586415833,0.740833333333333,0,17.4996811594203,0.155050041666667,14,85
"1040",2020-03-26,0.688895026890625,0.754097222222222,0,17.4080694444444,0.144050847222222,14,86
"1041",2020-03-27,0.607895295504792,0.686722222222222,0,14.5890555555556,0.141276541666667,14,87
"1042",2020-03-28,0.697964318375,0.622930555555556,0,13.9957777777778,0.135470138888889,14,88
"1043",2020-03-29,1.07547041840146,0.693333333333333,0,15.7321111111111,0.135936263194444,14,89
"1044",2020-03-30,0.701371483252083,0.753125,0,16.3100555555556,0.126857556944444,14,90
"1045",2020-03-31,0.94575707168125,0.846805555555556,0,17.2106111111111,0.139605583333333,14,91
"1046",2020-04-01,1.17220166102729,0.973263888888889,0,19.3911388888889,0.124627008333333,14,92
"1047",2020-04-02,1.31492447976229,0.975069444444444,0,19.1868888888889,0.130463563888889,0,93
"1048",2020-04-03,1.47148082561083,1.08315277777778,0,19.4818055555556,0.133640854166667,0,94
"1049",2020-04-04,1.54140301113479,1.23016666666667,0,18.8768985507246,0.0988441680555556,0,95
"1050",2020-04-05,1.64169629844812,1.22680555555556,0,20.1635,0.0946351951388889,0,96
"1051",2020-04-06,1.71575722054833,1.30830555555556,0,20.1018611111111,0.0838768888888889,0,97
"1052",2020-04-07,1.75951659880625,1.31920138888889,0,20.1360138888889,0.0970790291666667,0,98
"1053",2020-04-08,1.40836360881927,1.44488194444444,0,20.0541388888889,0.120607189583333,0,99
"1054",2020-04-09,1.77890609793896,1.48586111111111,0,20.6353888888889,0.0813542465277778,0,100
"1055",2020-04-10,1.76855488033482,1.38741666666667,0,19.6439583333333,0.0798673770833333,0,101
"1056",2020-04-11,1.28279571400417,1.31422222222222,5.334,15.4628472222222,0.0857082340277778,8,102
"1057",2020-04-12,1.1818746224125,1.42420833333333,0,15.7439583333333,0.137772436111111,8,103
"1058",2020-04-13,1.79935465101604,1.30423611111111,0,16.9314583333333,0.119790213194444,8,104
"1059",2020-04-14,1.65827895745604,1.344125,0,18.2638055555556,0.113720513194444,8,105
"1060",2020-04-15,1.91144437775083,1.34081944444444,0,17.699303030303,0.110315123611111,8,106
"1061",2020-04-16,1.88198733585833,1.46797222222222,0,18.9759393939394,0.102870797916667,8,107
"1062",2020-04-17,2.05621332262104,1.43403472222222,0,19.7393333333333,0.0900437652777778,8,108
"1063",2020-04-18,1.89823125463354,1.59415277777778,0,20.2428611111111,0.0831829395833333,8,109
"1064",2020-04-19,1.99119316870208,1.68643055555556,0,20.8567083333333,0.0874476972222222,0,110
"1065",2020-04-20,2.0608398240625,1.85339583333333,0,22.1838055555556,0.144807975694444,0,111
"1066",2020-04-21,2.20123188278542,1.895875,0,22.3248611111111,0.0763871375,0,112
"1067",2020-04-22,1.75017436914896,1.807,0,22.0233333333333,0.0830900326388889,0,113
"1068",2020-04-23,2.50033121233542,1.9763125,0,23.3141388888889,0.0859604,0,114
"1069",2020-04-24,2.23055796550792,2.13174305555556,0,24.8969444444444,0.157500447916667,0,115
"1070",2020-04-25,2.25692679727917,2.2693125,0,26.1614166666667,0.0724006694444444,0,116
"1071",2020-04-26,2.52421318125833,2.407875,0,26.9699166666667,0.0898079423611111,0,117
"1072",2020-04-27,2.41992625329375,2.78122222222222,0,24.4094666666667,0.0664517844444445,0,118
