"","as.numeric(DOY_S)","meanAT2","meanAT6","sum_R","rain_events","meanRH2","meanRH6","meanSWC5","meanSWC15","meanSWC30","meanST5","meanST15","meanST30","meanNEE","meanGPP","meanRECO","meanday","CumulFlux","DayFlux","Pulse"
"1",7,8.73885416666667,9.7115,0,0,46.150777923125,44.1168365022917,15.3333333333333,17.6458333333333,-9999,6.85,8.15,9.3375,0.151893203625625,0.061333400800625,0.213226604427083,-7,0.0184227786225,0.0184227786225,1
"2",8,13.6062291666667,14.8297916666667,0,0,38.6303971570833,35.6625460870833,15.2916666666667,17.4375,-9999,8.55416666666667,9.4375,9.51041666666667,0.0801730683658333,0.167391022050229,0.247564090422917,-6,0.03981231603504,0.02138953741254,1
"3",9,14.7527083333333,15.9352083333333,0,0,36.9465189322917,34.2742828947917,15.25,17.2291666666667,-9999,9.825,10.5541666666667,10.2979166666667,0.277690355156875,0.0858998397075,0.3635901948625,-5,0.07122650887116,0.03141419283612,1
"4",10,12.2459166666667,13.4183333333333,0,0,30.1194743245833,27.78991355,14.875,17,-9999,9.0375,10.40625,10.5916666666667,0.139156469861375,0.0638907839645833,0.203047253825,-4,0.08876979160164,0.01754328273048,1
"5",11,11.4568541666667,12.4996666666667,0,0,28.440181909375,26.6146065172917,14.3958333333333,16.7708333333333,-9999,8.34166666666667,9.89375,10.34375,0.131256567118833,0.0700740912840104,0.201330658402083,-3,0.10616476048758,0.01739496888594,1
"6",12,11.6691041666667,12.7717708333333,0,0,24.58145416,22.9320925833333,14.125,16.3333333333333,-9999,7.99583333333333,9.45208333333333,10.1354166666667,0.199091842557804,0.0845688944341667,0.2836607369875,-2,0.1306730481633,0.02450828767572,1
"7",13,11.65725,12.8489583333333,0,0,26.3664930395833,24.5060703983333,13.9583333333333,16,-9999,7.95416666666667,9.21666666666667,9.9,0.177307465778521,0.213874203048333,0.391181668822917,-1,0.1644711443496,0.0337980961863,1
"8",14,10.9273958333333,11.5215416666667,9.271,4,54.4647450022917,53.5573074004167,16.9166666666667,16.0208333333333,-9999,9.475,10.4645833333333,10.2354166666667,0.355086571816104,0.158186574368125,0.513273146189583,0,0.20881794418038,0.04434679983078,1
"9",15,3.33216666666667,3.79227083333333,5.969,15,96.2525700560417,94.5646848054167,25.4166666666667,22.6666666666667,-9790.33333333333,7.51666666666667,8.89166666666667,10.1666666666667,0.261894796245833,0.0248615527708333,0.286756349016667,1,0.23359369273542,0.02477574855504,1
"10",16,4.79954166666667,5.50954166666667,0,0,80.317735019375,78.932327396875,21.6041666666667,22.8333333333333,15.9375,6.90625,7.9875,9.25208333333333,0.214236452536208,0.201491271194021,0.415727723745833,2,0.26951256806706,0.03591887533164,1
"11",17,6.427875,6.98475,0,0,67.8696834958333,67.574802885,19.7083333333333,21.5625,15.0208333333333,6.87916666666667,7.91666666666667,9.03333333333333,0.284234555317292,0.175544171603958,0.459778726914583,3,0.30923745007248,0.03972488200542,1
"12",18,6.5945,7.66085416666667,0,0,65.3873550170833,63.3119792747917,18.5833333333333,20.6041666666667,14,6.58125,7.72708333333333,9.03125,0.250418782071458,0.249676168643958,0.50009495070625,4,0.3524456538135,0.04320820374102,1
"13",19,5.50925,6.36235416666667,0,0,60.1011152589583,58.7081771627083,17.7916666666667,19.9791666666667,13.2291666666667,5.89375,6.84791666666667,8.61875,0.219680455776875,0.276866001295417,0.496546457075,5,0.39534726770478,0.04290161389128,1
"14",20,4.77229166666667,5.33866666666667,1.778,4,71.34974252,71.7458070110417,17.0625,19.0208333333333,12.5625,5.75625,6.78333333333333,8.32708333333333,0.432369492315771,0.142977480255,0.575346972566667,6,0.44505724613454,0.04970997842976,1
"15",21,3.63020833333333,4.16022916666667,7.239,7,69.813891015,70.06026380125,22.7708333333333,23.875,14.3333333333333,5.64375,6.475,8.15833333333333,0.215717190537083,0.255717889971875,0.47143508051875,7,0.48578923709136,0.04073199095682,1
"16",22,5.2043125,6.28441666666667,0,0,55.0996674247917,52.9768284225,20.2708333333333,22.5208333333333,15.9166666666667,4.98333333333333,5.85416666666667,7.60208333333333,0.213046888267396,0.336314737670833,0.549361625927083,8,0.53325408157146,0.0474648444801,1
"17",23,9.86810416666667,10.5373333333333,0.254,1,43.2161161254167,42.2011009052083,19.2083333333333,21.5625,15.4583333333333,6.33958333333333,7.01458333333333,7.77083333333333,0.618125094855417,0.19658877316875,0.814713868020833,9,0.60364535976846,0.070391278197,1
"18",24,2.45077083333333,2.88354166666667,0.762,3,68.1670793410417,68.3631721170833,18.6458333333333,20.9583333333333,14.9375,6.19375,7.29791666666667,8.3,0.190007886487292,0.204633192874729,0.394641079354167,10,0.63774234902466,0.0340969892562,1
"19",25,0.128604166666667,1.02310416666667,0,0,62.1063618579167,61.6154405195833,17.5625,20,14.2291666666667,4.2,5.66458333333333,7.725,0.088852864135,0.124769002915625,0.213621867052083,11,0.65619927833796,0.0184569293133,1
"20",26,2.00270833333333,3.0254375,0,0,46.511160888125,45.2530867814583,16.9375,19.375,13.5833333333333,3.50416666666667,5.09166666666667,7.0125,-0.0121066822657917,0.114122350466667,0.10201566821275,12,0.665013432071542,0.0088141537335816,1
"21",27,1.16833333333333,1.92735416666667,0,0,49.744020306875,49.6422639870833,16.3125,19,13.2291666666667,3.04583333333333,4.80416666666667,6.55416666666667,0.0919938692715323,0.0427850102377083,0.134778879513057,13,0.67665832726147,0.0116448951899281,1
"22",28,4.05829166666667,4.75127083333333,0,0,23.8353862810417,23.449027568125,16.1666666666667,18.7708333333333,12.6875,3.41875,4.8875,6.24375,0.02567667812395,0.0514991163284792,0.0771757944546937,14,0.683326315902355,0.00666798864088554,1
"23",8,13.6062291666667,14.8297916666667,0,0,38.6303971570833,35.6625460870833,15.2916666666667,17.4375,-9999,8.55416666666667,9.4375,9.51041666666667,0.0801730683658333,0.167391022050229,0.247564090422917,-7,0.02138953741254,0.02138953741254,2
"24",9,14.7527083333333,15.9352083333333,0,0,36.9465189322917,34.2742828947917,15.25,17.2291666666667,-9999,9.825,10.5541666666667,10.2979166666667,0.277690355156875,0.0858998397075,0.3635901948625,-6,0.05280373024866,0.03141419283612,2
"25",10,12.2459166666667,13.4183333333333,0,0,30.1194743245833,27.78991355,14.875,17,-9999,9.0375,10.40625,10.5916666666667,0.139156469861375,0.0638907839645833,0.203047253825,-5,0.07034701297914,0.01754328273048,2
"26",11,11.4568541666667,12.4996666666667,0,0,28.440181909375,26.6146065172917,14.3958333333333,16.7708333333333,-9999,8.34166666666667,9.89375,10.34375,0.131256567118833,0.0700740912840104,0.201330658402083,-4,0.08774198186508,0.01739496888594,2
"27",12,11.6691041666667,12.7717708333333,0,0,24.58145416,22.9320925833333,14.125,16.3333333333333,-9999,7.99583333333333,9.45208333333333,10.1354166666667,0.199091842557804,0.0845688944341667,0.2836607369875,-3,0.1122502695408,0.02450828767572,2
"28",13,11.65725,12.8489583333333,0,0,26.3664930395833,24.5060703983333,13.9583333333333,16,-9999,7.95416666666667,9.21666666666667,9.9,0.177307465778521,0.213874203048333,0.391181668822917,-2,0.1460483657271,0.0337980961863,2
"29",14,10.9273958333333,11.5215416666667,9.271,4,54.4647450022917,53.5573074004167,16.9166666666667,16.0208333333333,-9999,9.475,10.4645833333333,10.2354166666667,0.355086571816104,0.158186574368125,0.513273146189583,-1,0.19039516555788,0.04434679983078,2
"30",15,3.33216666666667,3.79227083333333,5.969,15,96.2525700560417,94.5646848054167,25.4166666666667,22.6666666666667,-9790.33333333333,7.51666666666667,8.89166666666667,10.1666666666667,0.261894796245833,0.0248615527708333,0.286756349016667,0,0.21517091411292,0.02477574855504,2
"31",16,4.79954166666667,5.50954166666667,0,0,80.317735019375,78.932327396875,21.6041666666667,22.8333333333333,15.9375,6.90625,7.9875,9.25208333333333,0.214236452536208,0.201491271194021,0.415727723745833,1,0.25108978944456,0.03591887533164,2
"32",17,6.427875,6.98475,0,0,67.8696834958333,67.574802885,19.7083333333333,21.5625,15.0208333333333,6.87916666666667,7.91666666666667,9.03333333333333,0.284234555317292,0.175544171603958,0.459778726914583,2,0.29081467144998,0.03972488200542,2
"33",18,6.5945,7.66085416666667,0,0,65.3873550170833,63.3119792747917,18.5833333333333,20.6041666666667,14,6.58125,7.72708333333333,9.03125,0.250418782071458,0.249676168643958,0.50009495070625,3,0.334022875191,0.04320820374102,2
"34",19,5.50925,6.36235416666667,0,0,60.1011152589583,58.7081771627083,17.7916666666667,19.9791666666667,13.2291666666667,5.89375,6.84791666666667,8.61875,0.219680455776875,0.276866001295417,0.496546457075,4,0.37692448908228,0.04290161389128,2
"35",20,4.77229166666667,5.33866666666667,1.778,4,71.34974252,71.7458070110417,17.0625,19.0208333333333,12.5625,5.75625,6.78333333333333,8.32708333333333,0.432369492315771,0.142977480255,0.575346972566667,5,0.42663446751204,0.04970997842976,2
"36",21,3.63020833333333,4.16022916666667,7.239,7,69.813891015,70.06026380125,22.7708333333333,23.875,14.3333333333333,5.64375,6.475,8.15833333333333,0.215717190537083,0.255717889971875,0.47143508051875,6,0.46736645846886,0.04073199095682,2
"37",22,5.2043125,6.28441666666667,0,0,55.0996674247917,52.9768284225,20.2708333333333,22.5208333333333,15.9166666666667,4.98333333333333,5.85416666666667,7.60208333333333,0.213046888267396,0.336314737670833,0.549361625927083,7,0.51483130294896,0.0474648444801,2
"38",23,9.86810416666667,10.5373333333333,0.254,1,43.2161161254167,42.2011009052083,19.2083333333333,21.5625,15.4583333333333,6.33958333333333,7.01458333333333,7.77083333333333,0.618125094855417,0.19658877316875,0.814713868020833,8,0.58522258114596,0.070391278197,2
"39",24,2.45077083333333,2.88354166666667,0.762,3,68.1670793410417,68.3631721170833,18.6458333333333,20.9583333333333,14.9375,6.19375,7.29791666666667,8.3,0.190007886487292,0.204633192874729,0.394641079354167,9,0.61931957040216,0.0340969892562,2
"40",25,0.128604166666667,1.02310416666667,0,0,62.1063618579167,61.6154405195833,17.5625,20,14.2291666666667,4.2,5.66458333333333,7.725,0.088852864135,0.124769002915625,0.213621867052083,10,0.63777649971546,0.0184569293133,2
"41",26,2.00270833333333,3.0254375,0,0,46.511160888125,45.2530867814583,16.9375,19.375,13.5833333333333,3.50416666666667,5.09166666666667,7.0125,-0.0121066822657917,0.114122350466667,0.10201566821275,11,0.646590653449042,0.0088141537335816,2
"42",27,1.16833333333333,1.92735416666667,0,0,49.744020306875,49.6422639870833,16.3125,19,13.2291666666667,3.04583333333333,4.80416666666667,6.55416666666667,0.0919938692715323,0.0427850102377083,0.134778879513057,12,0.65823554863897,0.0116448951899281,2
"43",28,4.05829166666667,4.75127083333333,0,0,23.8353862810417,23.449027568125,16.1666666666667,18.7708333333333,12.6875,3.41875,4.8875,6.24375,0.02567667812395,0.0514991163284792,0.0771757944546937,13,0.664903537279855,0.00666798864088554,2
"44",29,7.3065,8.02435416666667,0,0,20.728140010625,20.1339918958333,16.125,18.5833333333333,12.5208333333333,4.52291666666667,5.67916666666667,6.375,0.0531964014160979,0.033502174415,0.0866985758320563,14,0.672394294231745,0.00749075695188966,2
"45",14,10.9273958333333,11.5215416666667,9.271,4,54.4647450022917,53.5573074004167,16.9166666666667,16.0208333333333,-9999,9.475,10.4645833333333,10.2354166666667,0.355086571816104,0.158186574368125,0.513273146189583,-7,0.04434679983078,0.04434679983078,3
"46",15,3.33216666666667,3.79227083333333,5.969,15,96.2525700560417,94.5646848054167,25.4166666666667,22.6666666666667,-9790.33333333333,7.51666666666667,8.89166666666667,10.1666666666667,0.261894796245833,0.0248615527708333,0.286756349016667,-6,0.06912254838582,0.02477574855504,3
"47",16,4.79954166666667,5.50954166666667,0,0,80.317735019375,78.932327396875,21.6041666666667,22.8333333333333,15.9375,6.90625,7.9875,9.25208333333333,0.214236452536208,0.201491271194021,0.415727723745833,-5,0.10504142371746,0.03591887533164,3
"48",17,6.427875,6.98475,0,0,67.8696834958333,67.574802885,19.7083333333333,21.5625,15.0208333333333,6.87916666666667,7.91666666666667,9.03333333333333,0.284234555317292,0.175544171603958,0.459778726914583,-4,0.14476630572288,0.03972488200542,3
"49",18,6.5945,7.66085416666667,0,0,65.3873550170833,63.3119792747917,18.5833333333333,20.6041666666667,14,6.58125,7.72708333333333,9.03125,0.250418782071458,0.249676168643958,0.50009495070625,-3,0.1879745094639,0.04320820374102,3
"50",19,5.50925,6.36235416666667,0,0,60.1011152589583,58.7081771627083,17.7916666666667,19.9791666666667,13.2291666666667,5.89375,6.84791666666667,8.61875,0.219680455776875,0.276866001295417,0.496546457075,-2,0.23087612335518,0.04290161389128,3
"51",20,4.77229166666667,5.33866666666667,1.778,4,71.34974252,71.7458070110417,17.0625,19.0208333333333,12.5625,5.75625,6.78333333333333,8.32708333333333,0.432369492315771,0.142977480255,0.575346972566667,-1,0.28058610178494,0.04970997842976,3
"52",21,3.63020833333333,4.16022916666667,7.239,7,69.813891015,70.06026380125,22.7708333333333,23.875,14.3333333333333,5.64375,6.475,8.15833333333333,0.215717190537083,0.255717889971875,0.47143508051875,0,0.32131809274176,0.04073199095682,3
"53",22,5.2043125,6.28441666666667,0,0,55.0996674247917,52.9768284225,20.2708333333333,22.5208333333333,15.9166666666667,4.98333333333333,5.85416666666667,7.60208333333333,0.213046888267396,0.336314737670833,0.549361625927083,1,0.36878293722186,0.0474648444801,3
"54",23,9.86810416666667,10.5373333333333,0.254,1,43.2161161254167,42.2011009052083,19.2083333333333,21.5625,15.4583333333333,6.33958333333333,7.01458333333333,7.77083333333333,0.618125094855417,0.19658877316875,0.814713868020833,2,0.43917421541886,0.070391278197,3
"55",24,2.45077083333333,2.88354166666667,0.762,3,68.1670793410417,68.3631721170833,18.6458333333333,20.9583333333333,14.9375,6.19375,7.29791666666667,8.3,0.190007886487292,0.204633192874729,0.394641079354167,3,0.47327120467506,0.0340969892562,3
"56",25,0.128604166666667,1.02310416666667,0,0,62.1063618579167,61.6154405195833,17.5625,20,14.2291666666667,4.2,5.66458333333333,7.725,0.088852864135,0.124769002915625,0.213621867052083,4,0.49172813398836,0.0184569293133,3
"57",26,2.00270833333333,3.0254375,0,0,46.511160888125,45.2530867814583,16.9375,19.375,13.5833333333333,3.50416666666667,5.09166666666667,7.0125,-0.0121066822657917,0.114122350466667,0.10201566821275,5,0.500542287721942,0.0088141537335816,3
"58",27,1.16833333333333,1.92735416666667,0,0,49.744020306875,49.6422639870833,16.3125,19,13.2291666666667,3.04583333333333,4.80416666666667,6.55416666666667,0.0919938692715323,0.0427850102377083,0.134778879513057,6,0.51218718291187,0.0116448951899281,3
"59",28,4.05829166666667,4.75127083333333,0,0,23.8353862810417,23.449027568125,16.1666666666667,18.7708333333333,12.6875,3.41875,4.8875,6.24375,0.02567667812395,0.0514991163284792,0.0771757944546937,7,0.518855171552755,0.00666798864088554,3
"60",29,7.3065,8.02435416666667,0,0,20.728140010625,20.1339918958333,16.125,18.5833333333333,12.5208333333333,4.52291666666667,5.67916666666667,6.375,0.0531964014160979,0.033502174415,0.0866985758320563,8,0.526345928504645,0.00749075695188966,3
"61",30,9.48829166666667,10.7384791666667,0,0,20.8243944349167,19.2723738,15.8958333333333,18.4583333333333,12.3333333333333,5.26666666666667,6.38125,6.76666666666667,0.0707964360554375,0.0230256376914583,0.0938220737459375,9,0.534452155676294,0.008106227171649,3
"62",31,11.7518541666667,12.9589583333333,0,0,20.1042017474792,18.5096221260417,15.8958333333333,18.3541666666667,12.0416666666667,6.45833333333333,7.2875,7.27916666666667,0.0920283847553125,0.013104690233125,0.105133074987313,10,0.543535653355198,0.0090834976789038,3
"63",32,11.8500833333333,13.2786458333333,0,0,20.1260581082292,18.3146123273542,15.8125,18.2916666666667,11.7291666666667,7.15416666666667,8.07708333333333,7.85416666666667,0.0340545165285417,0.0546635967620833,0.0887181132827083,11,0.551200898342824,0.007665244987626,3
"64",33,13.1385416666667,14.6010416666667,0,0,21.1854369241667,19.28092927375,15.5833333333333,18.1666666666667,11.6666666666667,7.62083333333333,8.60833333333333,8.27916666666667,0.053314374537625,0.00926929634604167,0.0625836708830833,12,0.556608127507122,0.0054072291642984,3
"65",34,13.6502083333333,14.869375,0,0,20.65591489,19.0699406961042,15.5625,18.0625,11.5625,8.21875,9.23333333333333,8.66875,0.0492331437167125,0.02352485327625,0.0727579969948167,13,0.562894418447474,0.00628629094035216,3
"66",35,13.7127083333333,15.1972916666667,0,0,14.7997733479375,13.3208064422708,15.4791666666667,18.0208333333333,11.375,8.64166666666667,9.75,9.10208333333333,0.0930068306854792,0.00904331205020833,0.102050142736265,14,0.571711550779888,0.00881713233241326,3
"67",165,25.8864583333333,26.7175,0,0,6.04357633591667,6.54334737164583,9.41666666666667,9.52083333333333,9.04166666666667,31.5020833333333,30.2145833333333,28.2916666666667,0.484685448922292,0.04088174363125,0.52556719255625,-7,0.04540900543686,0.04540900543686,4
"68",166,27.503125,28.5141666666667,0,0,3.85047080960417,4.51350590583333,9.45833333333333,9.52083333333333,9.02083333333333,32.1291666666667,30.9354166666667,28.55625,0.306509651448556,0.116467463114375,0.42297711455625,-6,0.08195422813452,0.03654522269766,4
"69",167,26.6972916666667,27.5689583333333,0,0,5.49413922514583,6.01944009027083,9.4375,9.47916666666667,9.02083333333333,32.6333333333333,31.2291666666667,28.8791666666667,0.354828084374125,0.05200056729375,0.406828651670833,-5,0.11710422363888,0.03514999550436,4
"70",168,26.5629166666667,27.2785416666667,0,0,8.79587241,8.77064213491667,9.4375,9.52083333333333,9,33.2041666666667,31.4270833333333,29.1979166666667,0.322031391813125,0.0457755039329167,0.367806895747917,-4,0.1488827394315,0.03177851579262,4
"71",169,28.4227083333333,29.0204166666667,0,0,10.2955938631667,10.1509350493125,9.47916666666667,9.47916666666667,9.04166666666667,34.2729166666667,32.1333333333333,29.6,0.360764864394167,0.0822716931072917,0.443036557497917,-3,0.18716109799932,0.03827835856782,4
"72",170,31.1616666666667,31.7860416666667,0,0,10.8019423407708,10.3449808074375,9.58333333333333,9.47916666666667,9.1875,35.55,33.0291666666667,30.1479166666667,0.355564486731667,0.0831895756604167,0.43875406239375,-2,0.22506944899014,0.03790835099082,4
"73",171,32.1595833333333,32.4895833333333,0,0,16.47978575475,15.2993676526042,9.64583333333333,9.66666666666667,9.6875,37.5020833333333,34.575,31.1479166666667,0.441591618018125,0.135344867342292,0.57693648535625,-1,0.27491676132492,0.04984731233478,4
"74",172,30.1022916666667,30.95625,6.35,2,22.0156161508333,19.3329769095833,9.39583333333333,9.33333333333333,9.79166666666667,33.0895833333333,32.69375,31.39375,0.390277567969167,0.432773140456667,0.82305070841875,0,0.3460283425323,0.07111158120738,4
"75",173,29.1889583333333,29.658125,0,0,28.1714879152083,25.9016279733333,9.97916666666667,9.04166666666667,9.125,31.7020833333333,29.6229166666667,29.6395833333333,1.02197168486917,0.0701391414729167,1.09211082633542,1,0.44038671792768,0.09435837539538,4
"76",174,29.2264583333333,29.66875,0,0,27.2329649595833,25.65930436,10.75,9.33333333333333,9.10416666666667,33.1333333333333,30.9833333333333,29.8479166666667,0.670389885905979,0.3627410765925,1.03313096245417,2,0.52964923308372,0.08926251515604,4
"77",175,30.6154166666667,31.0754166666667,0,0,19.9168613590208,18.5921845915625,10.7291666666667,9.41666666666667,9.22916666666667,34.1708333333333,32.1625,30.21875,0.841159299408333,0.618899063301042,1.460058362625,3,0.65579827561452,0.1261490425308,4
"78",176,26.5022916666667,27.0235416666667,25.654,2,36.5915993472917,34.429162389375,16.2708333333333,9.54166666666667,9.3125,31.1104166666667,31.0270833333333,30.5541666666667,1.07698990546458,0.632367271842083,1.7093571773125,4,0.80348673573432,0.1476884601198,4
"79",177,25.710625,26.3970833333333,1.651,1,39.2225425827083,36.6968901170833,23.125,15,9,26.025,26.08125,28.2083333333333,2.20722611385833,0.145342542008187,2.35256865585417,5,1.00674866760012,0.2032619318658,4
"80",178,27.5004166666667,28.161875,0,0,25.2079798533333,22.8240022979167,21.1666666666667,16.2708333333333,9.04166666666667,27.88125,26.7895833333333,27.425,1.4361089690625,0.271991581058333,1.70810055016667,6,1.15432855513452,0.1475798875344,4
"81",179,26.73125,27.2120833333333,0,0,29.0564934958333,27.4461539770833,19.6458333333333,15.5416666666667,9.33333333333333,28.8958333333333,28.2395833333333,28.075,1.10436245535522,0.297490533607292,1.401852989,7,1.27544865338412,0.1211200982496,4
"82",180,26.5141666666667,27.1372916666667,0,0,25.3132466523542,23.6758401925833,18.6875,14.75,10,30.05625,29.6208333333333,28.7125,0.708218095604792,0.4507872375125,1.1590053331625,8,1.37558671416936,0.10013806078524,4
"83",181,27.250625,28.2775,0,0,9.65002634485417,8.90616807352083,17.5833333333333,13.875,10.25,30.0875,30.1541666666667,29.0333333333333,0.325340286929167,0.57386437095,0.899204657847917,9,1.45327799660742,0.07769128243806,4
"84",182,29.0854166666667,29.9391666666667,0,0,7.81937327275,7.7574423583125,16.6458333333333,13.25,10.7291666666667,30.6020833333333,30.80625,29.2395833333333,0.437762830933188,0.4375014599,0.87526429081875,10,1.52890083133416,0.07562283472674,4
"85",183,25.9927083333333,26.8191666666667,0,0,25.1661503697917,23.3687606397917,15.625,12.6458333333333,10.9791666666667,29.775,30.4604166666667,29.525,0.186445355507938,0.633375226777292,0.819820582354167,11,1.59973332964956,0.0708324983154,4
"86",184,23.9095833333333,24.6739583333333,59.944,8,42.3695251897917,39.1370632714583,19.7916666666667,16.625,13.125,28.4083333333333,28.6104166666667,28.9395833333333,0.250794065914583,0.713105076380833,0.963899142254167,12,1.68301421554032,0.08328088589076,4
"87",185,25.8291666666667,26.3554166666667,0,0,39.8791099441667,37.2497872202083,25.375,26.8541666666667,22.2708333333333,26.16875,25.6395833333333,27,1.20051411942152,0.320532446412396,1.52104656583333,13,1.81443263882832,0.131418423288,4
"88",186,26.9335416666667,27.5227083333333,0,0,32.5038172964583,29.7368530891667,22.1875,23.1666666666667,20.375,27.2979166666667,26.74375,26.8270833333333,0.571663620448333,1.09628963761458,1.6679532580625,14,1.95854380032492,0.1441111614966,4
"89",169,28.4227083333333,29.0204166666667,0,0,10.2955938631667,10.1509350493125,9.47916666666667,9.47916666666667,9.04166666666667,34.2729166666667,32.1333333333333,29.6,0.360764864394167,0.0822716931072917,0.443036557497917,-7,0.03827835856782,0.03827835856782,5
"90",170,31.1616666666667,31.7860416666667,0,0,10.8019423407708,10.3449808074375,9.58333333333333,9.47916666666667,9.1875,35.55,33.0291666666667,30.1479166666667,0.355564486731667,0.0831895756604167,0.43875406239375,-6,0.07618670955864,0.03790835099082,5
"91",171,32.1595833333333,32.4895833333333,0,0,16.47978575475,15.2993676526042,9.64583333333333,9.66666666666667,9.6875,37.5020833333333,34.575,31.1479166666667,0.441591618018125,0.135344867342292,0.57693648535625,-5,0.12603402189342,0.04984731233478,5
"92",172,30.1022916666667,30.95625,6.35,2,22.0156161508333,19.3329769095833,9.39583333333333,9.33333333333333,9.79166666666667,33.0895833333333,32.69375,31.39375,0.390277567969167,0.432773140456667,0.82305070841875,-4,0.1971456031008,0.07111158120738,5
"93",173,29.1889583333333,29.658125,0,0,28.1714879152083,25.9016279733333,9.97916666666667,9.04166666666667,9.125,31.7020833333333,29.6229166666667,29.6395833333333,1.02197168486917,0.0701391414729167,1.09211082633542,-3,0.29150397849618,0.09435837539538,5
"94",174,29.2264583333333,29.66875,0,0,27.2329649595833,25.65930436,10.75,9.33333333333333,9.10416666666667,33.1333333333333,30.9833333333333,29.8479166666667,0.670389885905979,0.3627410765925,1.03313096245417,-2,0.38076649365222,0.08926251515604,5
"95",175,30.6154166666667,31.0754166666667,0,0,19.9168613590208,18.5921845915625,10.7291666666667,9.41666666666667,9.22916666666667,34.1708333333333,32.1625,30.21875,0.841159299408333,0.618899063301042,1.460058362625,-1,0.50691553618302,0.1261490425308,5
"96",176,26.5022916666667,27.0235416666667,25.654,2,36.5915993472917,34.429162389375,16.2708333333333,9.54166666666667,9.3125,31.1104166666667,31.0270833333333,30.5541666666667,1.07698990546458,0.632367271842083,1.7093571773125,0,0.65460399630282,0.1476884601198,5
"97",177,25.710625,26.3970833333333,1.651,1,39.2225425827083,36.6968901170833,23.125,15,9,26.025,26.08125,28.2083333333333,2.20722611385833,0.145342542008187,2.35256865585417,1,0.85786592816862,0.2032619318658,5
"98",178,27.5004166666667,28.161875,0,0,25.2079798533333,22.8240022979167,21.1666666666667,16.2708333333333,9.04166666666667,27.88125,26.7895833333333,27.425,1.4361089690625,0.271991581058333,1.70810055016667,2,1.00544581570302,0.1475798875344,5
"99",179,26.73125,27.2120833333333,0,0,29.0564934958333,27.4461539770833,19.6458333333333,15.5416666666667,9.33333333333333,28.8958333333333,28.2395833333333,28.075,1.10436245535522,0.297490533607292,1.401852989,3,1.12656591395262,0.1211200982496,5
"100",180,26.5141666666667,27.1372916666667,0,0,25.3132466523542,23.6758401925833,18.6875,14.75,10,30.05625,29.6208333333333,28.7125,0.708218095604792,0.4507872375125,1.1590053331625,4,1.22670397473786,0.10013806078524,5
"101",181,27.250625,28.2775,0,0,9.65002634485417,8.90616807352083,17.5833333333333,13.875,10.25,30.0875,30.1541666666667,29.0333333333333,0.325340286929167,0.57386437095,0.899204657847917,5,1.30439525717592,0.07769128243806,5
"102",182,29.0854166666667,29.9391666666667,0,0,7.81937327275,7.7574423583125,16.6458333333333,13.25,10.7291666666667,30.6020833333333,30.80625,29.2395833333333,0.437762830933188,0.4375014599,0.87526429081875,6,1.38001809190266,0.07562283472674,5
"103",183,25.9927083333333,26.8191666666667,0,0,25.1661503697917,23.3687606397917,15.625,12.6458333333333,10.9791666666667,29.775,30.4604166666667,29.525,0.186445355507938,0.633375226777292,0.819820582354167,7,1.45085059021806,0.0708324983154,5
"104",184,23.9095833333333,24.6739583333333,59.944,8,42.3695251897917,39.1370632714583,19.7916666666667,16.625,13.125,28.4083333333333,28.6104166666667,28.9395833333333,0.250794065914583,0.713105076380833,0.963899142254167,8,1.53413147610882,0.08328088589076,5
"105",185,25.8291666666667,26.3554166666667,0,0,39.8791099441667,37.2497872202083,25.375,26.8541666666667,22.2708333333333,26.16875,25.6395833333333,27,1.20051411942152,0.320532446412396,1.52104656583333,9,1.66554989939682,0.131418423288,5
"106",186,26.9335416666667,27.5227083333333,0,0,32.5038172964583,29.7368530891667,22.1875,23.1666666666667,20.375,27.2979166666667,26.74375,26.8270833333333,0.571663620448333,1.09628963761458,1.6679532580625,10,1.80966106089342,0.1441111614966,5
"107",187,28.0495833333333,28.953125,0,0,31.0038752110417,27.7246296725,20.625,21.1875,19.7916666666667,29.5229166666667,28.4083333333333,27.79375,0.167981889011458,1.72660513723333,1.89458702627083,11,1.97335337996322,0.1636923190698,5
"108",188,28.1727083333333,28.7341666666667,0,0,25.648646215,23.4062983329167,19.2916666666667,19.25,19.0208333333333,30.4916666666667,29.5020833333333,28.66875,0.105086737842292,2.19087779655625,2.2959645344375,12,2.17172471573862,0.1983713357754,5
"109",189,27.1047916666667,27.5689583333333,0,0,34.5989582854167,32.5342814633333,18.25,17.3958333333333,18.375,30.8270833333333,30.0458333333333,29.18125,-0.0257812863104167,2.55221646186875,2.5264351755625,13,2.39000871490722,0.2182839991686,5
"110",190,23.9995833333333,24.91375,8.509,2,50.2329106391667,46.4783423389583,20.1666666666667,17.7916666666667,18,27.8395833333333,28.2729166666667,28.9979166666667,0.49037738437125,2.09784036321271,2.58821774758333,14,2.61363072829842,0.2236220133912,5
"111",177,25.710625,26.3970833333333,1.651,1,39.2225425827083,36.6968901170833,23.125,15,9,26.025,26.08125,28.2083333333333,2.20722611385833,0.145342542008187,2.35256865585417,-7,0.2032619318658,0.2032619318658,6
"112",178,27.5004166666667,28.161875,0,0,25.2079798533333,22.8240022979167,21.1666666666667,16.2708333333333,9.04166666666667,27.88125,26.7895833333333,27.425,1.4361089690625,0.271991581058333,1.70810055016667,-6,0.3508418194002,0.1475798875344,6
"113",179,26.73125,27.2120833333333,0,0,29.0564934958333,27.4461539770833,19.6458333333333,15.5416666666667,9.33333333333333,28.8958333333333,28.2395833333333,28.075,1.10436245535522,0.297490533607292,1.401852989,-5,0.4719619176498,0.1211200982496,6
"114",180,26.5141666666667,27.1372916666667,0,0,25.3132466523542,23.6758401925833,18.6875,14.75,10,30.05625,29.6208333333333,28.7125,0.708218095604792,0.4507872375125,1.1590053331625,-4,0.57209997843504,0.10013806078524,6
"115",181,27.250625,28.2775,0,0,9.65002634485417,8.90616807352083,17.5833333333333,13.875,10.25,30.0875,30.1541666666667,29.0333333333333,0.325340286929167,0.57386437095,0.899204657847917,-3,0.6497912608731,0.07769128243806,6
"116",182,29.0854166666667,29.9391666666667,0,0,7.81937327275,7.7574423583125,16.6458333333333,13.25,10.7291666666667,30.6020833333333,30.80625,29.2395833333333,0.437762830933188,0.4375014599,0.87526429081875,-2,0.72541409559984,0.07562283472674,6
"117",183,25.9927083333333,26.8191666666667,0,0,25.1661503697917,23.3687606397917,15.625,12.6458333333333,10.9791666666667,29.775,30.4604166666667,29.525,0.186445355507938,0.633375226777292,0.819820582354167,-1,0.79624659391524,0.0708324983154,6
"118",184,23.9095833333333,24.6739583333333,59.944,8,42.3695251897917,39.1370632714583,19.7916666666667,16.625,13.125,28.4083333333333,28.6104166666667,28.9395833333333,0.250794065914583,0.713105076380833,0.963899142254167,0,0.879527479806,0.08328088589076,6
"119",185,25.8291666666667,26.3554166666667,0,0,39.8791099441667,37.2497872202083,25.375,26.8541666666667,22.2708333333333,26.16875,25.6395833333333,27,1.20051411942152,0.320532446412396,1.52104656583333,1,1.010945903094,0.131418423288,6
"120",186,26.9335416666667,27.5227083333333,0,0,32.5038172964583,29.7368530891667,22.1875,23.1666666666667,20.375,27.2979166666667,26.74375,26.8270833333333,0.571663620448333,1.09628963761458,1.6679532580625,2,1.1550570645906,0.1441111614966,6
"121",187,28.0495833333333,28.953125,0,0,31.0038752110417,27.7246296725,20.625,21.1875,19.7916666666667,29.5229166666667,28.4083333333333,27.79375,0.167981889011458,1.72660513723333,1.89458702627083,3,1.3187493836604,0.1636923190698,6
"122",188,28.1727083333333,28.7341666666667,0,0,25.648646215,23.4062983329167,19.2916666666667,19.25,19.0208333333333,30.4916666666667,29.5020833333333,28.66875,0.105086737842292,2.19087779655625,2.2959645344375,4,1.5171207194358,0.1983713357754,6
"123",189,27.1047916666667,27.5689583333333,0,0,34.5989582854167,32.5342814633333,18.25,17.3958333333333,18.375,30.8270833333333,30.0458333333333,29.18125,-0.0257812863104167,2.55221646186875,2.5264351755625,5,1.7354047186044,0.2182839991686,6
"124",190,23.9995833333333,24.91375,8.509,2,50.2329106391667,46.4783423389583,20.1666666666667,17.7916666666667,18,27.8395833333333,28.2729166666667,28.9979166666667,0.49037738437125,2.09784036321271,2.58821774758333,6,1.9590267319956,0.2236220133912,6
"125",191,22.0429166666667,22.7904166666667,2.159,5,63.2817508027083,59.246413746875,21.8333333333333,20.4583333333333,17.4166666666667,25.9770833333333,25.5979166666667,27.1916666666667,0.212766649385417,2.42190855136875,2.63467520075,7,2.1866626693404,0.2276359373448,6
"126",192,22.4879166666667,22.853125,0,0,62.1299196454167,60.2692697466667,21.0625,18.8125,17.5625,27.6291666666667,25.5625,26.7354166666667,-0.313106248927083,3.17683167024979,2.86372542135417,8,2.4340885457454,0.247425876405,6
"127",193,21.2547916666667,21.8889583333333,14.732,4,71.926970745625,69.290322439375,23.4375,22.5,18.8541666666667,25.2041666666667,25.3333333333333,26.8916666666667,0.36164575676875,2.279728936325,2.64137469308333,9,2.6623033192278,0.2282147734824,6
"128",194,21.8177083333333,22.49125,39.751,7,66.5930848489583,62.9939740370833,26.125,28.7291666666667,22.4375,25.0479166666667,24.0604166666667,25.6729166666667,-0.973376234066667,3.59742215455,2.62404592047917,10,2.8890208867572,0.2267175675294,6
"129",195,23.936875,24.5264583333333,0,0,55.70677154625,53.0444827441667,25.9583333333333,29.5625,25.3541666666667,25.2979166666667,23.9791666666667,25.3354166666667,-0.793170190775,3.72018189790625,2.92701170716667,11,3.1419146982564,0.2528938114992,6
"130",196,23.8197916666667,24.3279166666667,0.635,1,60.3462146841667,57.8352000395833,23.25,25.1875,23.2708333333333,26.4020833333333,25.0895833333333,25.70625,-0.927159537672917,3.81738883300417,2.89022929554167,12,3.3916305093912,0.2497158111348,6
"131",197,20.6335416666667,21.081875,2.286,2,79.5183730547917,76.8067443422917,21.75,23.375,22.1458333333333,25.45625,25.0708333333333,26.0229166666667,-0.4168792699125,2.84108667104854,2.42420740110417,13,3.6010820288466,0.2094515194554,6
"132",198,20.2277083333333,20.8241666666667,8.128,3,78.173007745,75.2869686597917,23.6875,25.5208333333333,21.8333333333333,24.1208333333333,24.0541666666667,25.3041666666667,-1.04192594926458,3.23439635702708,2.19247040760417,14,3.7905114720636,0.189429443217,6
"133",183,25.9927083333333,26.8191666666667,0,0,25.1661503697917,23.3687606397917,15.625,12.6458333333333,10.9791666666667,29.775,30.4604166666667,29.525,0.186445355507938,0.633375226777292,0.819820582354167,-7,0.0708324983154,0.0708324983154,7
"134",184,23.9095833333333,24.6739583333333,59.944,8,42.3695251897917,39.1370632714583,19.7916666666667,16.625,13.125,28.4083333333333,28.6104166666667,28.9395833333333,0.250794065914583,0.713105076380833,0.963899142254167,-6,0.15411338420616,0.08328088589076,7
"135",185,25.8291666666667,26.3554166666667,0,0,39.8791099441667,37.2497872202083,25.375,26.8541666666667,22.2708333333333,26.16875,25.6395833333333,27,1.20051411942152,0.320532446412396,1.52104656583333,-5,0.28553180749416,0.131418423288,7
"136",186,26.9335416666667,27.5227083333333,0,0,32.5038172964583,29.7368530891667,22.1875,23.1666666666667,20.375,27.2979166666667,26.74375,26.8270833333333,0.571663620448333,1.09628963761458,1.6679532580625,-4,0.42964296899076,0.1441111614966,7
"137",187,28.0495833333333,28.953125,0,0,31.0038752110417,27.7246296725,20.625,21.1875,19.7916666666667,29.5229166666667,28.4083333333333,27.79375,0.167981889011458,1.72660513723333,1.89458702627083,-3,0.59333528806056,0.1636923190698,7
"138",188,28.1727083333333,28.7341666666667,0,0,25.648646215,23.4062983329167,19.2916666666667,19.25,19.0208333333333,30.4916666666667,29.5020833333333,28.66875,0.105086737842292,2.19087779655625,2.2959645344375,-2,0.79170662383596,0.1983713357754,7
"139",189,27.1047916666667,27.5689583333333,0,0,34.5989582854167,32.5342814633333,18.25,17.3958333333333,18.375,30.8270833333333,30.0458333333333,29.18125,-0.0257812863104167,2.55221646186875,2.5264351755625,-1,1.00999062300456,0.2182839991686,7
"140",190,23.9995833333333,24.91375,8.509,2,50.2329106391667,46.4783423389583,20.1666666666667,17.7916666666667,18,27.8395833333333,28.2729166666667,28.9979166666667,0.49037738437125,2.09784036321271,2.58821774758333,0,1.23361263639576,0.2236220133912,7
"141",191,22.0429166666667,22.7904166666667,2.159,5,63.2817508027083,59.246413746875,21.8333333333333,20.4583333333333,17.4166666666667,25.9770833333333,25.5979166666667,27.1916666666667,0.212766649385417,2.42190855136875,2.63467520075,1,1.46124857374056,0.2276359373448,7
"142",192,22.4879166666667,22.853125,0,0,62.1299196454167,60.2692697466667,21.0625,18.8125,17.5625,27.6291666666667,25.5625,26.7354166666667,-0.313106248927083,3.17683167024979,2.86372542135417,2,1.70867445014556,0.247425876405,7
"143",193,21.2547916666667,21.8889583333333,14.732,4,71.926970745625,69.290322439375,23.4375,22.5,18.8541666666667,25.2041666666667,25.3333333333333,26.8916666666667,0.36164575676875,2.279728936325,2.64137469308333,3,1.93688922362796,0.2282147734824,7
"144",194,21.8177083333333,22.49125,39.751,7,66.5930848489583,62.9939740370833,26.125,28.7291666666667,22.4375,25.0479166666667,24.0604166666667,25.6729166666667,-0.973376234066667,3.59742215455,2.62404592047917,4,2.16360679115736,0.2267175675294,7
"145",195,23.936875,24.5264583333333,0,0,55.70677154625,53.0444827441667,25.9583333333333,29.5625,25.3541666666667,25.2979166666667,23.9791666666667,25.3354166666667,-0.793170190775,3.72018189790625,2.92701170716667,5,2.41650060265656,0.2528938114992,7
"146",196,23.8197916666667,24.3279166666667,0.635,1,60.3462146841667,57.8352000395833,23.25,25.1875,23.2708333333333,26.4020833333333,25.0895833333333,25.70625,-0.927159537672917,3.81738883300417,2.89022929554167,6,2.66621641379136,0.2497158111348,7
"147",197,20.6335416666667,21.081875,2.286,2,79.5183730547917,76.8067443422917,21.75,23.375,22.1458333333333,25.45625,25.0708333333333,26.0229166666667,-0.4168792699125,2.84108667104854,2.42420740110417,7,2.87566793324676,0.2094515194554,7
"148",198,20.2277083333333,20.8241666666667,8.128,3,78.173007745,75.2869686597917,23.6875,25.5208333333333,21.8333333333333,24.1208333333333,24.0541666666667,25.3041666666667,-1.04192594926458,3.23439635702708,2.19247040760417,8,3.06509737646376,0.189429443217,7
"149",199,22.3802083333333,22.795,0,0,66.1684545039583,64.0088586683333,24.4166666666667,26.3333333333333,23,24.95,23.9541666666667,24.8520833333333,-1.44902242411458,3.80431301798688,2.3552905938125,9,3.26859448376916,0.2034971073054,7
"150",200,21.5383333333333,22.0847916666667,0,0,67.6304650383333,65.4552764827083,22.125,23.75,22.125,24.3104166666667,24.175,25.1041666666667,-1.39397738713,3.59234171781667,2.198364330875,10,3.45853316195676,0.1899386781876,7
"151",201,21.1127083333333,21.5160416666667,0,0,70.3892176522917,68.8714530414583,20.9583333333333,22.3958333333333,21.2708333333333,25.6770833333333,24.4020833333333,25.01875,-1.71682008774792,3.84899592568542,2.132175838125,11,3.64275315437076,0.184219992414,7
"152",202,20.6447916666667,21.2377083333333,0.508,1,77.6941340895833,75.177924930625,19.875,21.2083333333333,21,24.7729166666667,24.525,25.2729166666667,-1.67356772968333,3.49148012930563,1.81791239972917,12,3.79982078570736,0.1570676313366,7
"153",203,20.3933333333333,21.041875,2.413,4,81.2615335066667,78.26991295125,19.0416666666667,20.3333333333333,20.2083333333333,23.5354166666667,23.7541666666667,24.6770833333333,-1.37859000486812,3.09203920387708,1.71344919902083,13,3.94786279650276,0.1480420107954,7
"154",204,20.38125,20.8404166666667,2.032,2,82.3615337402083,80.0525084954167,19.8125,20,20,24.1270833333333,23.4479166666667,24.3395833333333,-1.9762648974125,3.6952046248875,1.71893972779167,14,4.09637918898396,0.1485163924812,7
"155",186,26.9335416666667,27.5227083333333,0,0,32.5038172964583,29.7368530891667,22.1875,23.1666666666667,20.375,27.2979166666667,26.74375,26.8270833333333,0.571663620448333,1.09628963761458,1.6679532580625,-7,0.1441111614966,0.1441111614966,8
"156",187,28.0495833333333,28.953125,0,0,31.0038752110417,27.7246296725,20.625,21.1875,19.7916666666667,29.5229166666667,28.4083333333333,27.79375,0.167981889011458,1.72660513723333,1.89458702627083,-6,0.3078034805664,0.1636923190698,8
"157",188,28.1727083333333,28.7341666666667,0,0,25.648646215,23.4062983329167,19.2916666666667,19.25,19.0208333333333,30.4916666666667,29.5020833333333,28.66875,0.105086737842292,2.19087779655625,2.2959645344375,-5,0.5061748163418,0.1983713357754,8
"158",189,27.1047916666667,27.5689583333333,0,0,34.5989582854167,32.5342814633333,18.25,17.3958333333333,18.375,30.8270833333333,30.0458333333333,29.18125,-0.0257812863104167,2.55221646186875,2.5264351755625,-4,0.7244588155104,0.2182839991686,8
"159",190,23.9995833333333,24.91375,8.509,2,50.2329106391667,46.4783423389583,20.1666666666667,17.7916666666667,18,27.8395833333333,28.2729166666667,28.9979166666667,0.49037738437125,2.09784036321271,2.58821774758333,-3,0.9480808289016,0.2236220133912,8
"160",191,22.0429166666667,22.7904166666667,2.159,5,63.2817508027083,59.246413746875,21.8333333333333,20.4583333333333,17.4166666666667,25.9770833333333,25.5979166666667,27.1916666666667,0.212766649385417,2.42190855136875,2.63467520075,-2,1.1757167662464,0.2276359373448,8
"161",192,22.4879166666667,22.853125,0,0,62.1299196454167,60.2692697466667,21.0625,18.8125,17.5625,27.6291666666667,25.5625,26.7354166666667,-0.313106248927083,3.17683167024979,2.86372542135417,-1,1.4231426426514,0.247425876405,8
"162",193,21.2547916666667,21.8889583333333,14.732,4,71.926970745625,69.290322439375,23.4375,22.5,18.8541666666667,25.2041666666667,25.3333333333333,26.8916666666667,0.36164575676875,2.279728936325,2.64137469308333,0,1.6513574161338,0.2282147734824,8
"163",194,21.8177083333333,22.49125,39.751,7,66.5930848489583,62.9939740370833,26.125,28.7291666666667,22.4375,25.0479166666667,24.0604166666667,25.6729166666667,-0.973376234066667,3.59742215455,2.62404592047917,1,1.8780749836632,0.2267175675294,8
"164",195,23.936875,24.5264583333333,0,0,55.70677154625,53.0444827441667,25.9583333333333,29.5625,25.3541666666667,25.2979166666667,23.9791666666667,25.3354166666667,-0.793170190775,3.72018189790625,2.92701170716667,2,2.1309687951624,0.2528938114992,8
"165",196,23.8197916666667,24.3279166666667,0.635,1,60.3462146841667,57.8352000395833,23.25,25.1875,23.2708333333333,26.4020833333333,25.0895833333333,25.70625,-0.927159537672917,3.81738883300417,2.89022929554167,3,2.3806846062972,0.2497158111348,8
"166",197,20.6335416666667,21.081875,2.286,2,79.5183730547917,76.8067443422917,21.75,23.375,22.1458333333333,25.45625,25.0708333333333,26.0229166666667,-0.4168792699125,2.84108667104854,2.42420740110417,4,2.5901361257526,0.2094515194554,8
"167",198,20.2277083333333,20.8241666666667,8.128,3,78.173007745,75.2869686597917,23.6875,25.5208333333333,21.8333333333333,24.1208333333333,24.0541666666667,25.3041666666667,-1.04192594926458,3.23439635702708,2.19247040760417,5,2.7795655689696,0.189429443217,8
"168",199,22.3802083333333,22.795,0,0,66.1684545039583,64.0088586683333,24.4166666666667,26.3333333333333,23,24.95,23.9541666666667,24.8520833333333,-1.44902242411458,3.80431301798688,2.3552905938125,6,2.983062676275,0.2034971073054,8
"169",200,21.5383333333333,22.0847916666667,0,0,67.6304650383333,65.4552764827083,22.125,23.75,22.125,24.3104166666667,24.175,25.1041666666667,-1.39397738713,3.59234171781667,2.198364330875,7,3.1730013544626,0.1899386781876,8
"170",201,21.1127083333333,21.5160416666667,0,0,70.3892176522917,68.8714530414583,20.9583333333333,22.3958333333333,21.2708333333333,25.6770833333333,24.4020833333333,25.01875,-1.71682008774792,3.84899592568542,2.132175838125,8,3.3572213468766,0.184219992414,8
"171",202,20.6447916666667,21.2377083333333,0.508,1,77.6941340895833,75.177924930625,19.875,21.2083333333333,21,24.7729166666667,24.525,25.2729166666667,-1.67356772968333,3.49148012930563,1.81791239972917,9,3.5142889782132,0.1570676313366,8
"172",203,20.3933333333333,21.041875,2.413,4,81.2615335066667,78.26991295125,19.0416666666667,20.3333333333333,20.2083333333333,23.5354166666667,23.7541666666667,24.6770833333333,-1.37859000486812,3.09203920387708,1.71344919902083,10,3.6623309890086,0.1480420107954,8
"173",204,20.38125,20.8404166666667,2.032,2,82.3615337402083,80.0525084954167,19.8125,20,20,24.1270833333333,23.4479166666667,24.3395833333333,-1.9762648974125,3.6952046248875,1.71893972779167,11,3.8108473814898,0.1485163924812,8
"174",205,20.9827083333333,21.575,0,0,77.973570289375,75.400448584375,19.7916666666667,19.3541666666667,19.6875,24.33125,23.56875,24.3916666666667,-2.4485021263775,4.21181212185317,1.7633099954375,12,3.9631973650956,0.1523499836058,8
"175",206,23.5691666666667,24.3064583333333,0,0,62.3483186227083,59.0242897720833,19,18.5416666666667,19.0625,25.9958333333333,24.3270833333333,24.7104166666667,-3.58013728140208,5.43878002270208,1.858642741375,13,4.1237840979504,0.1605867328548,8
"176",207,23.055625,23.900625,11.684,3,66.9906808625,62.476051520625,21.4166666666667,21.4375,19.2083333333333,26.0625,25.0604166666667,25.5354166666667,-1.86635524985153,3.71783284363125,1.85147759404167,14,4.2837517620756,0.1599676641252,8
"177",187,28.0495833333333,28.953125,0,0,31.0038752110417,27.7246296725,20.625,21.1875,19.7916666666667,29.5229166666667,28.4083333333333,27.79375,0.167981889011458,1.72660513723333,1.89458702627083,-7,0.1636923190698,0.1636923190698,9
"178",188,28.1727083333333,28.7341666666667,0,0,25.648646215,23.4062983329167,19.2916666666667,19.25,19.0208333333333,30.4916666666667,29.5020833333333,28.66875,0.105086737842292,2.19087779655625,2.2959645344375,-6,0.3620636548452,0.1983713357754,9
"179",189,27.1047916666667,27.5689583333333,0,0,34.5989582854167,32.5342814633333,18.25,17.3958333333333,18.375,30.8270833333333,30.0458333333333,29.18125,-0.0257812863104167,2.55221646186875,2.5264351755625,-5,0.5803476540138,0.2182839991686,9
"180",190,23.9995833333333,24.91375,8.509,2,50.2329106391667,46.4783423389583,20.1666666666667,17.7916666666667,18,27.8395833333333,28.2729166666667,28.9979166666667,0.49037738437125,2.09784036321271,2.58821774758333,-4,0.803969667405,0.2236220133912,9
"181",191,22.0429166666667,22.7904166666667,2.159,5,63.2817508027083,59.246413746875,21.8333333333333,20.4583333333333,17.4166666666667,25.9770833333333,25.5979166666667,27.1916666666667,0.212766649385417,2.42190855136875,2.63467520075,-3,1.0316056047498,0.2276359373448,9
"182",192,22.4879166666667,22.853125,0,0,62.1299196454167,60.2692697466667,21.0625,18.8125,17.5625,27.6291666666667,25.5625,26.7354166666667,-0.313106248927083,3.17683167024979,2.86372542135417,-2,1.2790314811548,0.247425876405,9
"183",193,21.2547916666667,21.8889583333333,14.732,4,71.926970745625,69.290322439375,23.4375,22.5,18.8541666666667,25.2041666666667,25.3333333333333,26.8916666666667,0.36164575676875,2.279728936325,2.64137469308333,-1,1.5072462546372,0.2282147734824,9
"184",194,21.8177083333333,22.49125,39.751,7,66.5930848489583,62.9939740370833,26.125,28.7291666666667,22.4375,25.0479166666667,24.0604166666667,25.6729166666667,-0.973376234066667,3.59742215455,2.62404592047917,0,1.7339638221666,0.2267175675294,9
"185",195,23.936875,24.5264583333333,0,0,55.70677154625,53.0444827441667,25.9583333333333,29.5625,25.3541666666667,25.2979166666667,23.9791666666667,25.3354166666667,-0.793170190775,3.72018189790625,2.92701170716667,1,1.9868576336658,0.2528938114992,9
"186",196,23.8197916666667,24.3279166666667,0.635,1,60.3462146841667,57.8352000395833,23.25,25.1875,23.2708333333333,26.4020833333333,25.0895833333333,25.70625,-0.927159537672917,3.81738883300417,2.89022929554167,2,2.2365734448006,0.2497158111348,9
"187",197,20.6335416666667,21.081875,2.286,2,79.5183730547917,76.8067443422917,21.75,23.375,22.1458333333333,25.45625,25.0708333333333,26.0229166666667,-0.4168792699125,2.84108667104854,2.42420740110417,3,2.446024964256,0.2094515194554,9
"188",198,20.2277083333333,20.8241666666667,8.128,3,78.173007745,75.2869686597917,23.6875,25.5208333333333,21.8333333333333,24.1208333333333,24.0541666666667,25.3041666666667,-1.04192594926458,3.23439635702708,2.19247040760417,4,2.635454407473,0.189429443217,9
"189",199,22.3802083333333,22.795,0,0,66.1684545039583,64.0088586683333,24.4166666666667,26.3333333333333,23,24.95,23.9541666666667,24.8520833333333,-1.44902242411458,3.80431301798688,2.3552905938125,5,2.8389515147784,0.2034971073054,9
"190",200,21.5383333333333,22.0847916666667,0,0,67.6304650383333,65.4552764827083,22.125,23.75,22.125,24.3104166666667,24.175,25.1041666666667,-1.39397738713,3.59234171781667,2.198364330875,6,3.028890192966,0.1899386781876,9
"191",201,21.1127083333333,21.5160416666667,0,0,70.3892176522917,68.8714530414583,20.9583333333333,22.3958333333333,21.2708333333333,25.6770833333333,24.4020833333333,25.01875,-1.71682008774792,3.84899592568542,2.132175838125,7,3.21311018538,0.184219992414,9
"192",202,20.6447916666667,21.2377083333333,0.508,1,77.6941340895833,75.177924930625,19.875,21.2083333333333,21,24.7729166666667,24.525,25.2729166666667,-1.67356772968333,3.49148012930563,1.81791239972917,8,3.3701778167166,0.1570676313366,9
"193",203,20.3933333333333,21.041875,2.413,4,81.2615335066667,78.26991295125,19.0416666666667,20.3333333333333,20.2083333333333,23.5354166666667,23.7541666666667,24.6770833333333,-1.37859000486812,3.09203920387708,1.71344919902083,9,3.518219827512,0.1480420107954,9
"194",204,20.38125,20.8404166666667,2.032,2,82.3615337402083,80.0525084954167,19.8125,20,20,24.1270833333333,23.4479166666667,24.3395833333333,-1.9762648974125,3.6952046248875,1.71893972779167,10,3.6667362199932,0.1485163924812,9
"195",205,20.9827083333333,21.575,0,0,77.973570289375,75.400448584375,19.7916666666667,19.3541666666667,19.6875,24.33125,23.56875,24.3916666666667,-2.4485021263775,4.21181212185317,1.7633099954375,11,3.819086203599,0.1523499836058,9
"196",206,23.5691666666667,24.3064583333333,0,0,62.3483186227083,59.0242897720833,19,18.5416666666667,19.0625,25.9958333333333,24.3270833333333,24.7104166666667,-3.58013728140208,5.43878002270208,1.858642741375,12,3.9796729364538,0.1605867328548,9
"197",207,23.055625,23.900625,11.684,3,66.9906808625,62.476051520625,21.4166666666667,21.4375,19.2083333333333,26.0625,25.0604166666667,25.5354166666667,-1.86635524985153,3.71783284363125,1.85147759404167,13,4.139640600579,0.1599676641252,9
"198",208,22.7545833333333,23.4835416666667,8.382,6,67.013542151875,63.126098234375,24.9166666666667,26.6458333333333,21,25.1458333333333,24.35,25.1270833333333,-2.46474414494375,4.38665053621875,1.92190639127083,14,4.3056933127848,0.1660527122058,9
"199",191,22.0429166666667,22.7904166666667,2.159,5,63.2817508027083,59.246413746875,21.8333333333333,20.4583333333333,17.4166666666667,25.9770833333333,25.5979166666667,27.1916666666667,0.212766649385417,2.42190855136875,2.63467520075,-7,0.2276359373448,0.2276359373448,10
"200",192,22.4879166666667,22.853125,0,0,62.1299196454167,60.2692697466667,21.0625,18.8125,17.5625,27.6291666666667,25.5625,26.7354166666667,-0.313106248927083,3.17683167024979,2.86372542135417,-6,0.4750618137498,0.247425876405,10
"201",193,21.2547916666667,21.8889583333333,14.732,4,71.926970745625,69.290322439375,23.4375,22.5,18.8541666666667,25.2041666666667,25.3333333333333,26.8916666666667,0.36164575676875,2.279728936325,2.64137469308333,-5,0.7032765872322,0.2282147734824,10
"202",194,21.8177083333333,22.49125,39.751,7,66.5930848489583,62.9939740370833,26.125,28.7291666666667,22.4375,25.0479166666667,24.0604166666667,25.6729166666667,-0.973376234066667,3.59742215455,2.62404592047917,-4,0.9299941547616,0.2267175675294,10
"203",195,23.936875,24.5264583333333,0,0,55.70677154625,53.0444827441667,25.9583333333333,29.5625,25.3541666666667,25.2979166666667,23.9791666666667,25.3354166666667,-0.793170190775,3.72018189790625,2.92701170716667,-3,1.1828879662608,0.2528938114992,10
"204",196,23.8197916666667,24.3279166666667,0.635,1,60.3462146841667,57.8352000395833,23.25,25.1875,23.2708333333333,26.4020833333333,25.0895833333333,25.70625,-0.927159537672917,3.81738883300417,2.89022929554167,-2,1.4326037773956,0.2497158111348,10
"205",197,20.6335416666667,21.081875,2.286,2,79.5183730547917,76.8067443422917,21.75,23.375,22.1458333333333,25.45625,25.0708333333333,26.0229166666667,-0.4168792699125,2.84108667104854,2.42420740110417,-1,1.642055296851,0.2094515194554,10
"206",198,20.2277083333333,20.8241666666667,8.128,3,78.173007745,75.2869686597917,23.6875,25.5208333333333,21.8333333333333,24.1208333333333,24.0541666666667,25.3041666666667,-1.04192594926458,3.23439635702708,2.19247040760417,0,1.831484740068,0.189429443217,10
"207",199,22.3802083333333,22.795,0,0,66.1684545039583,64.0088586683333,24.4166666666667,26.3333333333333,23,24.95,23.9541666666667,24.8520833333333,-1.44902242411458,3.80431301798688,2.3552905938125,1,2.0349818473734,0.2034971073054,10
"208",200,21.5383333333333,22.0847916666667,0,0,67.6304650383333,65.4552764827083,22.125,23.75,22.125,24.3104166666667,24.175,25.1041666666667,-1.39397738713,3.59234171781667,2.198364330875,2,2.224920525561,0.1899386781876,10
"209",201,21.1127083333333,21.5160416666667,0,0,70.3892176522917,68.8714530414583,20.9583333333333,22.3958333333333,21.2708333333333,25.6770833333333,24.4020833333333,25.01875,-1.71682008774792,3.84899592568542,2.132175838125,3,2.409140517975,0.184219992414,10
"210",202,20.6447916666667,21.2377083333333,0.508,1,77.6941340895833,75.177924930625,19.875,21.2083333333333,21,24.7729166666667,24.525,25.2729166666667,-1.67356772968333,3.49148012930563,1.81791239972917,4,2.5662081493116,0.1570676313366,10
"211",203,20.3933333333333,21.041875,2.413,4,81.2615335066667,78.26991295125,19.0416666666667,20.3333333333333,20.2083333333333,23.5354166666667,23.7541666666667,24.6770833333333,-1.37859000486812,3.09203920387708,1.71344919902083,5,2.714250160107,0.1480420107954,10
"212",204,20.38125,20.8404166666667,2.032,2,82.3615337402083,80.0525084954167,19.8125,20,20,24.1270833333333,23.4479166666667,24.3395833333333,-1.9762648974125,3.6952046248875,1.71893972779167,6,2.8627665525882,0.1485163924812,10
"213",205,20.9827083333333,21.575,0,0,77.973570289375,75.400448584375,19.7916666666667,19.3541666666667,19.6875,24.33125,23.56875,24.3916666666667,-2.4485021263775,4.21181212185317,1.7633099954375,7,3.015116536194,0.1523499836058,10
"214",206,23.5691666666667,24.3064583333333,0,0,62.3483186227083,59.0242897720833,19,18.5416666666667,19.0625,25.9958333333333,24.3270833333333,24.7104166666667,-3.58013728140208,5.43878002270208,1.858642741375,8,3.1757032690488,0.1605867328548,10
"215",207,23.055625,23.900625,11.684,3,66.9906808625,62.476051520625,21.4166666666667,21.4375,19.2083333333333,26.0625,25.0604166666667,25.5354166666667,-1.86635524985153,3.71783284363125,1.85147759404167,9,3.335670933174,0.1599676641252,10
"216",208,22.7545833333333,23.4835416666667,8.382,6,67.013542151875,63.126098234375,24.9166666666667,26.6458333333333,21,25.1458333333333,24.35,25.1270833333333,-2.46474414494375,4.38665053621875,1.92190639127083,10,3.5017236453798,0.1660527122058,10
"217",209,20.7145833333333,21.3602083333333,29.464,8,72.5979811577083,69.07245713375,26.875,30.3541666666667,23.1041666666667,24.6,23.53125,24.78125,-3.03989309475,4.77322589996667,1.73333280535417,11,3.6514835997624,0.1497599543826,10
"218",210,19.9339583333333,20.5435416666667,3.683,6,79.4664008845833,76.05836777875,26.9791666666667,30.7291666666667,25.5416666666667,24.0833333333333,23.1625,24.4895833333333,-2.34527186525833,4.11912566535417,1.77385380022917,12,3.8047445681022,0.1532609683398,10
"219",211,21.039375,21.5210416666667,2.286,3,79.476964475,76.9618571927083,25.7083333333333,28.9583333333333,24.8958333333333,24.8375,23.6520833333333,24.4604166666667,-2.37271358946875,4.1299934866875,1.75727989729167,13,3.9565735512282,0.151828983126,10
"220",212,23.4802083333333,24.1295833333333,0,0,65.711691341875,62.0346921270833,23.75,26.5,23.5833333333333,25.2166666666667,24.09375,24.6395833333333,-2.06253952205417,4.319382233425,2.256842711375,14,4.151564761491,0.1949912102628,10
"221",200,21.5383333333333,22.0847916666667,0,0,67.6304650383333,65.4552764827083,22.125,23.75,22.125,24.3104166666667,24.175,25.1041666666667,-1.39397738713,3.59234171781667,2.198364330875,-7,0.1899386781876,0.1899386781876,11
"222",201,21.1127083333333,21.5160416666667,0,0,70.3892176522917,68.8714530414583,20.9583333333333,22.3958333333333,21.2708333333333,25.6770833333333,24.4020833333333,25.01875,-1.71682008774792,3.84899592568542,2.132175838125,-6,0.3741586706016,0.184219992414,11
"223",202,20.6447916666667,21.2377083333333,0.508,1,77.6941340895833,75.177924930625,19.875,21.2083333333333,21,24.7729166666667,24.525,25.2729166666667,-1.67356772968333,3.49148012930563,1.81791239972917,-5,0.5312263019382,0.1570676313366,11
"224",203,20.3933333333333,21.041875,2.413,4,81.2615335066667,78.26991295125,19.0416666666667,20.3333333333333,20.2083333333333,23.5354166666667,23.7541666666667,24.6770833333333,-1.37859000486812,3.09203920387708,1.71344919902083,-4,0.6792683127336,0.1480420107954,11
"225",204,20.38125,20.8404166666667,2.032,2,82.3615337402083,80.0525084954167,19.8125,20,20,24.1270833333333,23.4479166666667,24.3395833333333,-1.9762648974125,3.6952046248875,1.71893972779167,-3,0.8277847052148,0.1485163924812,11
"226",205,20.9827083333333,21.575,0,0,77.973570289375,75.400448584375,19.7916666666667,19.3541666666667,19.6875,24.33125,23.56875,24.3916666666667,-2.4485021263775,4.21181212185317,1.7633099954375,-2,0.9801346888206,0.1523499836058,11
"227",206,23.5691666666667,24.3064583333333,0,0,62.3483186227083,59.0242897720833,19,18.5416666666667,19.0625,25.9958333333333,24.3270833333333,24.7104166666667,-3.58013728140208,5.43878002270208,1.858642741375,-1,1.1407214216754,0.1605867328548,11
"228",207,23.055625,23.900625,11.684,3,66.9906808625,62.476051520625,21.4166666666667,21.4375,19.2083333333333,26.0625,25.0604166666667,25.5354166666667,-1.86635524985153,3.71783284363125,1.85147759404167,0,1.3006890858006,0.1599676641252,11
"229",208,22.7545833333333,23.4835416666667,8.382,6,67.013542151875,63.126098234375,24.9166666666667,26.6458333333333,21,25.1458333333333,24.35,25.1270833333333,-2.46474414494375,4.38665053621875,1.92190639127083,1,1.4667417980064,0.1660527122058,11
"230",209,20.7145833333333,21.3602083333333,29.464,8,72.5979811577083,69.07245713375,26.875,30.3541666666667,23.1041666666667,24.6,23.53125,24.78125,-3.03989309475,4.77322589996667,1.73333280535417,2,1.616501752389,0.1497599543826,11
"231",210,19.9339583333333,20.5435416666667,3.683,6,79.4664008845833,76.05836777875,26.9791666666667,30.7291666666667,25.5416666666667,24.0833333333333,23.1625,24.4895833333333,-2.34527186525833,4.11912566535417,1.77385380022917,3,1.7697627207288,0.1532609683398,11
"232",211,21.039375,21.5210416666667,2.286,3,79.476964475,76.9618571927083,25.7083333333333,28.9583333333333,24.8958333333333,24.8375,23.6520833333333,24.4604166666667,-2.37271358946875,4.1299934866875,1.75727989729167,4,1.9215917038548,0.151828983126,11
"233",212,23.4802083333333,24.1295833333333,0,0,65.711691341875,62.0346921270833,23.75,26.5,23.5833333333333,25.2166666666667,24.09375,24.6395833333333,-2.06253952205417,4.319382233425,2.256842711375,5,2.1165829141176,0.1949912102628,11
"234",213,21.0054166666667,21.3591666666667,11.684,6,77.7512394354167,75.931740345625,27.0416666666667,31.4791666666667,25.0208333333333,24.8104166666667,23.96875,24.7875,-2.57530118709167,4.45920638847917,1.88390520177083,6,2.2793523235506,0.162769409433,11
"235",214,21.2904166666667,21.8972916666667,23.368,3,73.6389662620833,70.867074694375,26.7708333333333,30.9375,25.1666666666667,24.1895833333333,23.5520833333333,24.5645833333333,-1.95641694283125,4.07440036244958,2.11798341939583,7,2.4623460909864,0.1829937674358,11
"236",215,23.1141666666667,23.79,0,0,62.6794470320833,58.8361840395833,26.5625,30.7708333333333,25.9166666666667,24.8416666666667,23.6229166666667,24.3645833333333,-2.73716276137292,4.91523368708333,2.17807092591667,8,2.6505314189856,0.1881853279992,11
"237",216,23.15875,23.9995833333333,0,0,64.5600011514583,60.4651740339583,24.4166666666667,27.3541666666667,24.3541666666667,25.0541666666667,24.1916666666667,24.6708333333333,-3.21653371792027,5.3971507481875,2.18061703020833,9,2.8389367303956,0.18840531141,11
"238",217,23.379375,24.06875,0,0,59.9604524258333,56.4730164670833,22.75,25.4583333333333,23.2916666666667,26.1479166666667,24.7458333333333,25,-3.54003860877708,5.74483932937292,2.20480072035417,10,3.0294315126342,0.1904947822386,11
"239",218,23.2266666666667,24.0708333333333,0,0,55.011324309375,50.8778626052083,21.1666666666667,23.625,22.3958333333333,26.6020833333333,25.1625,25.4708333333333,-3.7635790359875,5.9653008338375,2.20172179839583,11,3.2196602760156,0.1902287633814,11
"240",219,24.300625,25.4077083333333,0,0,40.7210838929167,35.8508063335417,19.4791666666667,21.8125,21.7083333333333,26.6645833333333,25.3020833333333,25.6458333333333,-3.80044633012521,6.1363390459375,2.33589271625,12,3.4214814066996,0.201821130684,11
"241",220,26.059375,27.401875,0,0,32.7899583191667,27.6509976266667,17.9583333333333,19.6875,21.0208333333333,27.2604166666667,25.8625,25.96875,-2.92837294617917,5.5021509914375,2.57377804558333,13,3.643855829838,0.2223744231384,11
"242",221,24.9210416666667,25.993125,0,0,47.5192806027083,43.3572060916667,17.0208333333333,18.1666666666667,20.3333333333333,26.825,26.1291666666667,26.1541666666667,-1.47443340387083,4.12169082254167,2.64725741858333,14,3.8725788708036,0.2287230409656,11
"243",201,21.1127083333333,21.5160416666667,0,0,70.3892176522917,68.8714530414583,20.9583333333333,22.3958333333333,21.2708333333333,25.6770833333333,24.4020833333333,25.01875,-1.71682008774792,3.84899592568542,2.132175838125,-7,0.184219992414,0.184219992414,12
"244",202,20.6447916666667,21.2377083333333,0.508,1,77.6941340895833,75.177924930625,19.875,21.2083333333333,21,24.7729166666667,24.525,25.2729166666667,-1.67356772968333,3.49148012930563,1.81791239972917,-6,0.3412876237506,0.1570676313366,12
"245",203,20.3933333333333,21.041875,2.413,4,81.2615335066667,78.26991295125,19.0416666666667,20.3333333333333,20.2083333333333,23.5354166666667,23.7541666666667,24.6770833333333,-1.37859000486812,3.09203920387708,1.71344919902083,-5,0.489329634546,0.1480420107954,12
"246",204,20.38125,20.8404166666667,2.032,2,82.3615337402083,80.0525084954167,19.8125,20,20,24.1270833333333,23.4479166666667,24.3395833333333,-1.9762648974125,3.6952046248875,1.71893972779167,-4,0.6378460270272,0.1485163924812,12
"247",205,20.9827083333333,21.575,0,0,77.973570289375,75.400448584375,19.7916666666667,19.3541666666667,19.6875,24.33125,23.56875,24.3916666666667,-2.4485021263775,4.21181212185317,1.7633099954375,-3,0.790196010633,0.1523499836058,12
"248",206,23.5691666666667,24.3064583333333,0,0,62.3483186227083,59.0242897720833,19,18.5416666666667,19.0625,25.9958333333333,24.3270833333333,24.7104166666667,-3.58013728140208,5.43878002270208,1.858642741375,-2,0.9507827434878,0.1605867328548,12
"249",207,23.055625,23.900625,11.684,3,66.9906808625,62.476051520625,21.4166666666667,21.4375,19.2083333333333,26.0625,25.0604166666667,25.5354166666667,-1.86635524985153,3.71783284363125,1.85147759404167,-1,1.110750407613,0.1599676641252,12
"250",208,22.7545833333333,23.4835416666667,8.382,6,67.013542151875,63.126098234375,24.9166666666667,26.6458333333333,21,25.1458333333333,24.35,25.1270833333333,-2.46474414494375,4.38665053621875,1.92190639127083,0,1.2768031198188,0.1660527122058,12
"251",209,20.7145833333333,21.3602083333333,29.464,8,72.5979811577083,69.07245713375,26.875,30.3541666666667,23.1041666666667,24.6,23.53125,24.78125,-3.03989309475,4.77322589996667,1.73333280535417,1,1.4265630742014,0.1497599543826,12
"252",210,19.9339583333333,20.5435416666667,3.683,6,79.4664008845833,76.05836777875,26.9791666666667,30.7291666666667,25.5416666666667,24.0833333333333,23.1625,24.4895833333333,-2.34527186525833,4.11912566535417,1.77385380022917,2,1.5798240425412,0.1532609683398,12
"253",211,21.039375,21.5210416666667,2.286,3,79.476964475,76.9618571927083,25.7083333333333,28.9583333333333,24.8958333333333,24.8375,23.6520833333333,24.4604166666667,-2.37271358946875,4.1299934866875,1.75727989729167,3,1.7316530256672,0.151828983126,12
"254",212,23.4802083333333,24.1295833333333,0,0,65.711691341875,62.0346921270833,23.75,26.5,23.5833333333333,25.2166666666667,24.09375,24.6395833333333,-2.06253952205417,4.319382233425,2.256842711375,4,1.92664423593,0.1949912102628,12
"255",213,21.0054166666667,21.3591666666667,11.684,6,77.7512394354167,75.931740345625,27.0416666666667,31.4791666666667,25.0208333333333,24.8104166666667,23.96875,24.7875,-2.57530118709167,4.45920638847917,1.88390520177083,5,2.089413645363,0.162769409433,12
"256",214,21.2904166666667,21.8972916666667,23.368,3,73.6389662620833,70.867074694375,26.7708333333333,30.9375,25.1666666666667,24.1895833333333,23.5520833333333,24.5645833333333,-1.95641694283125,4.07440036244958,2.11798341939583,6,2.2724074127988,0.1829937674358,12
"257",215,23.1141666666667,23.79,0,0,62.6794470320833,58.8361840395833,26.5625,30.7708333333333,25.9166666666667,24.8416666666667,23.6229166666667,24.3645833333333,-2.73716276137292,4.91523368708333,2.17807092591667,7,2.460592740798,0.1881853279992,12
"258",216,23.15875,23.9995833333333,0,0,64.5600011514583,60.4651740339583,24.4166666666667,27.3541666666667,24.3541666666667,25.0541666666667,24.1916666666667,24.6708333333333,-3.21653371792027,5.3971507481875,2.18061703020833,8,2.648998052208,0.18840531141,12
"259",217,23.379375,24.06875,0,0,59.9604524258333,56.4730164670833,22.75,25.4583333333333,23.2916666666667,26.1479166666667,24.7458333333333,25,-3.54003860877708,5.74483932937292,2.20480072035417,9,2.8394928344466,0.1904947822386,12
"260",218,23.2266666666667,24.0708333333333,0,0,55.011324309375,50.8778626052083,21.1666666666667,23.625,22.3958333333333,26.6020833333333,25.1625,25.4708333333333,-3.7635790359875,5.9653008338375,2.20172179839583,10,3.029721597828,0.1902287633814,12
"261",219,24.300625,25.4077083333333,0,0,40.7210838929167,35.8508063335417,19.4791666666667,21.8125,21.7083333333333,26.6645833333333,25.3020833333333,25.6458333333333,-3.80044633012521,6.1363390459375,2.33589271625,11,3.231542728512,0.201821130684,12
"262",220,26.059375,27.401875,0,0,32.7899583191667,27.6509976266667,17.9583333333333,19.6875,21.0208333333333,27.2604166666667,25.8625,25.96875,-2.92837294617917,5.5021509914375,2.57377804558333,12,3.4539171516504,0.2223744231384,12
"263",221,24.9210416666667,25.993125,0,0,47.5192806027083,43.3572060916667,17.0208333333333,18.1666666666667,20.3333333333333,26.825,26.1291666666667,26.1541666666667,-1.47443340387083,4.12169082254167,2.64725741858333,13,3.682640192616,0.2287230409656,12
"264",222,22.8591666666667,23.739375,9.779,8,60.973499356875,56.3300676589583,18.0208333333333,17.875,19.8541666666667,26.1916666666667,25.825,26.0375,-1.73369467469875,4.19622427375,2.4625295994375,14,3.8954027500074,0.2127625573914,12
"265",202,20.6447916666667,21.2377083333333,0.508,1,77.6941340895833,75.177924930625,19.875,21.2083333333333,21,24.7729166666667,24.525,25.2729166666667,-1.67356772968333,3.49148012930563,1.81791239972917,-7,0.1570676313366,0.1570676313366,13
"266",203,20.3933333333333,21.041875,2.413,4,81.2615335066667,78.26991295125,19.0416666666667,20.3333333333333,20.2083333333333,23.5354166666667,23.7541666666667,24.6770833333333,-1.37859000486812,3.09203920387708,1.71344919902083,-6,0.305109642132,0.1480420107954,13
"267",204,20.38125,20.8404166666667,2.032,2,82.3615337402083,80.0525084954167,19.8125,20,20,24.1270833333333,23.4479166666667,24.3395833333333,-1.9762648974125,3.6952046248875,1.71893972779167,-5,0.4536260346132,0.1485163924812,13
"268",205,20.9827083333333,21.575,0,0,77.973570289375,75.400448584375,19.7916666666667,19.3541666666667,19.6875,24.33125,23.56875,24.3916666666667,-2.4485021263775,4.21181212185317,1.7633099954375,-4,0.605976018219,0.1523499836058,13
"269",206,23.5691666666667,24.3064583333333,0,0,62.3483186227083,59.0242897720833,19,18.5416666666667,19.0625,25.9958333333333,24.3270833333333,24.7104166666667,-3.58013728140208,5.43878002270208,1.858642741375,-3,0.7665627510738,0.1605867328548,13
"270",207,23.055625,23.900625,11.684,3,66.9906808625,62.476051520625,21.4166666666667,21.4375,19.2083333333333,26.0625,25.0604166666667,25.5354166666667,-1.86635524985153,3.71783284363125,1.85147759404167,-2,0.926530415199,0.1599676641252,13
"271",208,22.7545833333333,23.4835416666667,8.382,6,67.013542151875,63.126098234375,24.9166666666667,26.6458333333333,21,25.1458333333333,24.35,25.1270833333333,-2.46474414494375,4.38665053621875,1.92190639127083,-1,1.0925831274048,0.1660527122058,13
"272",209,20.7145833333333,21.3602083333333,29.464,8,72.5979811577083,69.07245713375,26.875,30.3541666666667,23.1041666666667,24.6,23.53125,24.78125,-3.03989309475,4.77322589996667,1.73333280535417,0,1.2423430817874,0.1497599543826,13
"273",210,19.9339583333333,20.5435416666667,3.683,6,79.4664008845833,76.05836777875,26.9791666666667,30.7291666666667,25.5416666666667,24.0833333333333,23.1625,24.4895833333333,-2.34527186525833,4.11912566535417,1.77385380022917,1,1.3956040501272,0.1532609683398,13
"274",211,21.039375,21.5210416666667,2.286,3,79.476964475,76.9618571927083,25.7083333333333,28.9583333333333,24.8958333333333,24.8375,23.6520833333333,24.4604166666667,-2.37271358946875,4.1299934866875,1.75727989729167,2,1.5474330332532,0.151828983126,13
"275",212,23.4802083333333,24.1295833333333,0,0,65.711691341875,62.0346921270833,23.75,26.5,23.5833333333333,25.2166666666667,24.09375,24.6395833333333,-2.06253952205417,4.319382233425,2.256842711375,3,1.742424243516,0.1949912102628,13
"276",213,21.0054166666667,21.3591666666667,11.684,6,77.7512394354167,75.931740345625,27.0416666666667,31.4791666666667,25.0208333333333,24.8104166666667,23.96875,24.7875,-2.57530118709167,4.45920638847917,1.88390520177083,4,1.905193652949,0.162769409433,13
"277",214,21.2904166666667,21.8972916666667,23.368,3,73.6389662620833,70.867074694375,26.7708333333333,30.9375,25.1666666666667,24.1895833333333,23.5520833333333,24.5645833333333,-1.95641694283125,4.07440036244958,2.11798341939583,5,2.0881874203848,0.1829937674358,13
"278",215,23.1141666666667,23.79,0,0,62.6794470320833,58.8361840395833,26.5625,30.7708333333333,25.9166666666667,24.8416666666667,23.6229166666667,24.3645833333333,-2.73716276137292,4.91523368708333,2.17807092591667,6,2.276372748384,0.1881853279992,13
"279",216,23.15875,23.9995833333333,0,0,64.5600011514583,60.4651740339583,24.4166666666667,27.3541666666667,24.3541666666667,25.0541666666667,24.1916666666667,24.6708333333333,-3.21653371792027,5.3971507481875,2.18061703020833,7,2.464778059794,0.18840531141,13
"280",217,23.379375,24.06875,0,0,59.9604524258333,56.4730164670833,22.75,25.4583333333333,23.2916666666667,26.1479166666667,24.7458333333333,25,-3.54003860877708,5.74483932937292,2.20480072035417,8,2.6552728420326,0.1904947822386,13
"281",218,23.2266666666667,24.0708333333333,0,0,55.011324309375,50.8778626052083,21.1666666666667,23.625,22.3958333333333,26.6020833333333,25.1625,25.4708333333333,-3.7635790359875,5.9653008338375,2.20172179839583,9,2.845501605414,0.1902287633814,13
"282",219,24.300625,25.4077083333333,0,0,40.7210838929167,35.8508063335417,19.4791666666667,21.8125,21.7083333333333,26.6645833333333,25.3020833333333,25.6458333333333,-3.80044633012521,6.1363390459375,2.33589271625,10,3.047322736098,0.201821130684,13
"283",220,26.059375,27.401875,0,0,32.7899583191667,27.6509976266667,17.9583333333333,19.6875,21.0208333333333,27.2604166666667,25.8625,25.96875,-2.92837294617917,5.5021509914375,2.57377804558333,11,3.2696971592364,0.2223744231384,13
"284",221,24.9210416666667,25.993125,0,0,47.5192806027083,43.3572060916667,17.0208333333333,18.1666666666667,20.3333333333333,26.825,26.1291666666667,26.1541666666667,-1.47443340387083,4.12169082254167,2.64725741858333,12,3.498420200202,0.2287230409656,13
"285",222,22.8591666666667,23.739375,9.779,8,60.973499356875,56.3300676589583,18.0208333333333,17.875,19.8541666666667,26.1916666666667,25.825,26.0375,-1.73369467469875,4.19622427375,2.4625295994375,13,3.7111827575934,0.2127625573914,13
"286",223,24.128125,24.8329166666667,0,0,57.1375156022917,53.4103635585417,22,22.875,19.0833333333333,25.1041666666667,24.6291666666667,25.325,-2.35286282584208,4.93447182058333,2.58160899485417,14,3.9342337747488,0.2230510171554,13
"287",206,23.5691666666667,24.3064583333333,0,0,62.3483186227083,59.0242897720833,19,18.5416666666667,19.0625,25.9958333333333,24.3270833333333,24.7104166666667,-3.58013728140208,5.43878002270208,1.858642741375,-7,0.1605867328548,0.1605867328548,14
"288",207,23.055625,23.900625,11.684,3,66.9906808625,62.476051520625,21.4166666666667,21.4375,19.2083333333333,26.0625,25.0604166666667,25.5354166666667,-1.86635524985153,3.71783284363125,1.85147759404167,-6,0.32055439698,0.1599676641252,14
"289",208,22.7545833333333,23.4835416666667,8.382,6,67.013542151875,63.126098234375,24.9166666666667,26.6458333333333,21,25.1458333333333,24.35,25.1270833333333,-2.46474414494375,4.38665053621875,1.92190639127083,-5,0.4866071091858,0.1660527122058,14
"290",209,20.7145833333333,21.3602083333333,29.464,8,72.5979811577083,69.07245713375,26.875,30.3541666666667,23.1041666666667,24.6,23.53125,24.78125,-3.03989309475,4.77322589996667,1.73333280535417,-4,0.6363670635684,0.1497599543826,14
"291",210,19.9339583333333,20.5435416666667,3.683,6,79.4664008845833,76.05836777875,26.9791666666667,30.7291666666667,25.5416666666667,24.0833333333333,23.1625,24.4895833333333,-2.34527186525833,4.11912566535417,1.77385380022917,-3,0.7896280319082,0.1532609683398,14
"292",211,21.039375,21.5210416666667,2.286,3,79.476964475,76.9618571927083,25.7083333333333,28.9583333333333,24.8958333333333,24.8375,23.6520833333333,24.4604166666667,-2.37271358946875,4.1299934866875,1.75727989729167,-2,0.9414570150342,0.151828983126,14
"293",212,23.4802083333333,24.1295833333333,0,0,65.711691341875,62.0346921270833,23.75,26.5,23.5833333333333,25.2166666666667,24.09375,24.6395833333333,-2.06253952205417,4.319382233425,2.256842711375,-1,1.136448225297,0.1949912102628,14
"294",213,21.0054166666667,21.3591666666667,11.684,6,77.7512394354167,75.931740345625,27.0416666666667,31.4791666666667,25.0208333333333,24.8104166666667,23.96875,24.7875,-2.57530118709167,4.45920638847917,1.88390520177083,0,1.29921763473,0.162769409433,14
"295",214,21.2904166666667,21.8972916666667,23.368,3,73.6389662620833,70.867074694375,26.7708333333333,30.9375,25.1666666666667,24.1895833333333,23.5520833333333,24.5645833333333,-1.95641694283125,4.07440036244958,2.11798341939583,1,1.4822114021658,0.1829937674358,14
"296",215,23.1141666666667,23.79,0,0,62.6794470320833,58.8361840395833,26.5625,30.7708333333333,25.9166666666667,24.8416666666667,23.6229166666667,24.3645833333333,-2.73716276137292,4.91523368708333,2.17807092591667,2,1.670396730165,0.1881853279992,14
"297",216,23.15875,23.9995833333333,0,0,64.5600011514583,60.4651740339583,24.4166666666667,27.3541666666667,24.3541666666667,25.0541666666667,24.1916666666667,24.6708333333333,-3.21653371792027,5.3971507481875,2.18061703020833,3,1.858802041575,0.18840531141,14
"298",217,23.379375,24.06875,0,0,59.9604524258333,56.4730164670833,22.75,25.4583333333333,23.2916666666667,26.1479166666667,24.7458333333333,25,-3.54003860877708,5.74483932937292,2.20480072035417,4,2.0492968238136,0.1904947822386,14
"299",218,23.2266666666667,24.0708333333333,0,0,55.011324309375,50.8778626052083,21.1666666666667,23.625,22.3958333333333,26.6020833333333,25.1625,25.4708333333333,-3.7635790359875,5.9653008338375,2.20172179839583,5,2.239525587195,0.1902287633814,14
"300",219,24.300625,25.4077083333333,0,0,40.7210838929167,35.8508063335417,19.4791666666667,21.8125,21.7083333333333,26.6645833333333,25.3020833333333,25.6458333333333,-3.80044633012521,6.1363390459375,2.33589271625,6,2.441346717879,0.201821130684,14
"301",220,26.059375,27.401875,0,0,32.7899583191667,27.6509976266667,17.9583333333333,19.6875,21.0208333333333,27.2604166666667,25.8625,25.96875,-2.92837294617917,5.5021509914375,2.57377804558333,7,2.6637211410174,0.2223744231384,14
"302",221,24.9210416666667,25.993125,0,0,47.5192806027083,43.3572060916667,17.0208333333333,18.1666666666667,20.3333333333333,26.825,26.1291666666667,26.1541666666667,-1.47443340387083,4.12169082254167,2.64725741858333,8,2.892444181983,0.2287230409656,14
"303",222,22.8591666666667,23.739375,9.779,8,60.973499356875,56.3300676589583,18.0208333333333,17.875,19.8541666666667,26.1916666666667,25.825,26.0375,-1.73369467469875,4.19622427375,2.4625295994375,9,3.1052067393744,0.2127625573914,14
"304",223,24.128125,24.8329166666667,0,0,57.1375156022917,53.4103635585417,22,22.875,19.0833333333333,25.1041666666667,24.6291666666667,25.325,-2.35286282584208,4.93447182058333,2.58160899485417,10,3.3282577565298,0.2230510171554,14
"305",224,22.8364583333333,23.475625,25.654,6,64.2460412789583,61.3165253647917,22.1875,23.2916666666667,19.4583333333333,25.5729166666667,24.95,25.41875,-2.30746626183542,4.85830061889583,2.55083435766667,11,3.5486498450322,0.2203920885024,14
"306",225,21.1529166666667,21.83875,0,0,71.2275132535417,68.0087506704167,26.7916666666667,31.125,24.8958333333333,23.8520833333333,23.7229166666667,24.8770833333333,-2.47744633178958,4.85891259780625,2.38146626585417,12,3.754408530402,0.2057586853698,14
"307",226,21.274375,22.0302083333333,0,0,70.860745696875,67.40812930875,23.8958333333333,26.875,23.5625,23.84375,23.7645833333333,24.4395833333333,-1.76860544545417,4.18974436889583,2.42113892383333,13,3.9635949334212,0.2091864030192,14
"308",227,22.4470833333333,23.30875,0,0,57.826108699375,54.2533675535417,22.5625,24.9166666666667,22.5833333333333,23.7916666666667,23.8166666666667,24.2229166666667,-2.9132643005625,5.51264074808333,2.599376447625,14,4.188181058496,0.2245861250748,14
"309",207,23.055625,23.900625,11.684,3,66.9906808625,62.476051520625,21.4166666666667,21.4375,19.2083333333333,26.0625,25.0604166666667,25.5354166666667,-1.86635524985153,3.71783284363125,1.85147759404167,-7,0.1599676641252,0.1599676641252,15
"310",208,22.7545833333333,23.4835416666667,8.382,6,67.013542151875,63.126098234375,24.9166666666667,26.6458333333333,21,25.1458333333333,24.35,25.1270833333333,-2.46474414494375,4.38665053621875,1.92190639127083,-6,0.326020376331,0.1660527122058,15
"311",209,20.7145833333333,21.3602083333333,29.464,8,72.5979811577083,69.07245713375,26.875,30.3541666666667,23.1041666666667,24.6,23.53125,24.78125,-3.03989309475,4.77322589996667,1.73333280535417,-5,0.4757803307136,0.1497599543826,15
"312",210,19.9339583333333,20.5435416666667,3.683,6,79.4664008845833,76.05836777875,26.9791666666667,30.7291666666667,25.5416666666667,24.0833333333333,23.1625,24.4895833333333,-2.34527186525833,4.11912566535417,1.77385380022917,-4,0.6290412990534,0.1532609683398,15
"313",211,21.039375,21.5210416666667,2.286,3,79.476964475,76.9618571927083,25.7083333333333,28.9583333333333,24.8958333333333,24.8375,23.6520833333333,24.4604166666667,-2.37271358946875,4.1299934866875,1.75727989729167,-3,0.7808702821794,0.151828983126,15
"314",212,23.4802083333333,24.1295833333333,0,0,65.711691341875,62.0346921270833,23.75,26.5,23.5833333333333,25.2166666666667,24.09375,24.6395833333333,-2.06253952205417,4.319382233425,2.256842711375,-2,0.9758614924422,0.1949912102628,15
"315",213,21.0054166666667,21.3591666666667,11.684,6,77.7512394354167,75.931740345625,27.0416666666667,31.4791666666667,25.0208333333333,24.8104166666667,23.96875,24.7875,-2.57530118709167,4.45920638847917,1.88390520177083,-1,1.1386309018752,0.162769409433,15
"316",214,21.2904166666667,21.8972916666667,23.368,3,73.6389662620833,70.867074694375,26.7708333333333,30.9375,25.1666666666667,24.1895833333333,23.5520833333333,24.5645833333333,-1.95641694283125,4.07440036244958,2.11798341939583,0,1.321624669311,0.1829937674358,15
"317",215,23.1141666666667,23.79,0,0,62.6794470320833,58.8361840395833,26.5625,30.7708333333333,25.9166666666667,24.8416666666667,23.6229166666667,24.3645833333333,-2.73716276137292,4.91523368708333,2.17807092591667,1,1.5098099973102,0.1881853279992,15
"318",216,23.15875,23.9995833333333,0,0,64.5600011514583,60.4651740339583,24.4166666666667,27.3541666666667,24.3541666666667,25.0541666666667,24.1916666666667,24.6708333333333,-3.21653371792027,5.3971507481875,2.18061703020833,2,1.6982153087202,0.18840531141,15
"319",217,23.379375,24.06875,0,0,59.9604524258333,56.4730164670833,22.75,25.4583333333333,23.2916666666667,26.1479166666667,24.7458333333333,25,-3.54003860877708,5.74483932937292,2.20480072035417,3,1.8887100909588,0.1904947822386,15
"320",218,23.2266666666667,24.0708333333333,0,0,55.011324309375,50.8778626052083,21.1666666666667,23.625,22.3958333333333,26.6020833333333,25.1625,25.4708333333333,-3.7635790359875,5.9653008338375,2.20172179839583,4,2.0789388543402,0.1902287633814,15
"321",219,24.300625,25.4077083333333,0,0,40.7210838929167,35.8508063335417,19.4791666666667,21.8125,21.7083333333333,26.6645833333333,25.3020833333333,25.6458333333333,-3.80044633012521,6.1363390459375,2.33589271625,5,2.2807599850242,0.201821130684,15
"322",220,26.059375,27.401875,0,0,32.7899583191667,27.6509976266667,17.9583333333333,19.6875,21.0208333333333,27.2604166666667,25.8625,25.96875,-2.92837294617917,5.5021509914375,2.57377804558333,6,2.5031344081626,0.2223744231384,15
"323",221,24.9210416666667,25.993125,0,0,47.5192806027083,43.3572060916667,17.0208333333333,18.1666666666667,20.3333333333333,26.825,26.1291666666667,26.1541666666667,-1.47443340387083,4.12169082254167,2.64725741858333,7,2.7318574491282,0.2287230409656,15
"324",222,22.8591666666667,23.739375,9.779,8,60.973499356875,56.3300676589583,18.0208333333333,17.875,19.8541666666667,26.1916666666667,25.825,26.0375,-1.73369467469875,4.19622427375,2.4625295994375,8,2.9446200065196,0.2127625573914,15
"325",223,24.128125,24.8329166666667,0,0,57.1375156022917,53.4103635585417,22,22.875,19.0833333333333,25.1041666666667,24.6291666666667,25.325,-2.35286282584208,4.93447182058333,2.58160899485417,9,3.167671023675,0.2230510171554,15
"326",224,22.8364583333333,23.475625,25.654,6,64.2460412789583,61.3165253647917,22.1875,23.2916666666667,19.4583333333333,25.5729166666667,24.95,25.41875,-2.30746626183542,4.85830061889583,2.55083435766667,10,3.3880631121774,0.2203920885024,15
"327",225,21.1529166666667,21.83875,0,0,71.2275132535417,68.0087506704167,26.7916666666667,31.125,24.8958333333333,23.8520833333333,23.7229166666667,24.8770833333333,-2.47744633178958,4.85891259780625,2.38146626585417,11,3.5938217975472,0.2057586853698,15
"328",226,21.274375,22.0302083333333,0,0,70.860745696875,67.40812930875,23.8958333333333,26.875,23.5625,23.84375,23.7645833333333,24.4395833333333,-1.76860544545417,4.18974436889583,2.42113892383333,12,3.8030082005664,0.2091864030192,15
"329",227,22.4470833333333,23.30875,0,0,57.826108699375,54.2533675535417,22.5625,24.9166666666667,22.5833333333333,23.7916666666667,23.8166666666667,24.2229166666667,-2.9132643005625,5.51264074808333,2.599376447625,13,4.0275943256412,0.2245861250748,15
"330",228,22.2639583333333,23.3772916666667,0,0,40.767257305625,35.9801225991667,20.7708333333333,23.2291666666667,21.9375,24.1270833333333,23.6645833333333,24.2166666666667,-2.61867276797917,5.31887923449792,2.70020646610417,14,4.2608921643126,0.2332978386714,15
"331",215,23.1141666666667,23.79,0,0,62.6794470320833,58.8361840395833,26.5625,30.7708333333333,25.9166666666667,24.8416666666667,23.6229166666667,24.3645833333333,-2.73716276137292,4.91523368708333,2.17807092591667,-7,0.1881853279992,0.1881853279992,16
"332",216,23.15875,23.9995833333333,0,0,64.5600011514583,60.4651740339583,24.4166666666667,27.3541666666667,24.3541666666667,25.0541666666667,24.1916666666667,24.6708333333333,-3.21653371792027,5.3971507481875,2.18061703020833,-6,0.3765906394092,0.18840531141,16
"333",217,23.379375,24.06875,0,0,59.9604524258333,56.4730164670833,22.75,25.4583333333333,23.2916666666667,26.1479166666667,24.7458333333333,25,-3.54003860877708,5.74483932937292,2.20480072035417,-5,0.5670854216478,0.1904947822386,16
"334",218,23.2266666666667,24.0708333333333,0,0,55.011324309375,50.8778626052083,21.1666666666667,23.625,22.3958333333333,26.6020833333333,25.1625,25.4708333333333,-3.7635790359875,5.9653008338375,2.20172179839583,-4,0.7573141850292,0.1902287633814,16
"335",219,24.300625,25.4077083333333,0,0,40.7210838929167,35.8508063335417,19.4791666666667,21.8125,21.7083333333333,26.6645833333333,25.3020833333333,25.6458333333333,-3.80044633012521,6.1363390459375,2.33589271625,-3,0.9591353157132,0.201821130684,16
"336",220,26.059375,27.401875,0,0,32.7899583191667,27.6509976266667,17.9583333333333,19.6875,21.0208333333333,27.2604166666667,25.8625,25.96875,-2.92837294617917,5.5021509914375,2.57377804558333,-2,1.1815097388516,0.2223744231384,16
"337",221,24.9210416666667,25.993125,0,0,47.5192806027083,43.3572060916667,17.0208333333333,18.1666666666667,20.3333333333333,26.825,26.1291666666667,26.1541666666667,-1.47443340387083,4.12169082254167,2.64725741858333,-1,1.4102327798172,0.2287230409656,16
"338",222,22.8591666666667,23.739375,9.779,8,60.973499356875,56.3300676589583,18.0208333333333,17.875,19.8541666666667,26.1916666666667,25.825,26.0375,-1.73369467469875,4.19622427375,2.4625295994375,0,1.6229953372086,0.2127625573914,16
"339",223,24.128125,24.8329166666667,0,0,57.1375156022917,53.4103635585417,22,22.875,19.0833333333333,25.1041666666667,24.6291666666667,25.325,-2.35286282584208,4.93447182058333,2.58160899485417,1,1.846046354364,0.2230510171554,16
"340",224,22.8364583333333,23.475625,25.654,6,64.2460412789583,61.3165253647917,22.1875,23.2916666666667,19.4583333333333,25.5729166666667,24.95,25.41875,-2.30746626183542,4.85830061889583,2.55083435766667,2,2.0664384428664,0.2203920885024,16
"341",225,21.1529166666667,21.83875,0,0,71.2275132535417,68.0087506704167,26.7916666666667,31.125,24.8958333333333,23.8520833333333,23.7229166666667,24.8770833333333,-2.47744633178958,4.85891259780625,2.38146626585417,3,2.2721971282362,0.2057586853698,16
"342",226,21.274375,22.0302083333333,0,0,70.860745696875,67.40812930875,23.8958333333333,26.875,23.5625,23.84375,23.7645833333333,24.4395833333333,-1.76860544545417,4.18974436889583,2.42113892383333,4,2.4813835312554,0.2091864030192,16
"343",227,22.4470833333333,23.30875,0,0,57.826108699375,54.2533675535417,22.5625,24.9166666666667,22.5833333333333,23.7916666666667,23.8166666666667,24.2229166666667,-2.9132643005625,5.51264074808333,2.599376447625,5,2.7059696563302,0.2245861250748,16
"344",228,22.2639583333333,23.3772916666667,0,0,40.767257305625,35.9801225991667,20.7708333333333,23.2291666666667,21.9375,24.1270833333333,23.6645833333333,24.2166666666667,-2.61867276797917,5.31887923449792,2.70020646610417,6,2.9392674950016,0.2332978386714,16
"345",229,23.8910416666667,-810.459583333333,0,0,31.6458622777083,-808.161866410833,19.375,21.4583333333333,21.0416666666667,25.1520833333333,24.05,24.5375,-2.76575716797979,5.22120872790909,2.96073769570455,7,3.19507523191047,0.255807736908873,16
"346",230,24.2010416666667,25.4564583333333,0,0,29.0195816027083,24.5835209375,18.0833333333333,19.6458333333333,20.375,25.5958333333333,24.4,24.8104166666667,-2.59056610605417,5.73647521735417,3.14590911147917,8,3.46688177914227,0.2718065472318,16
"347",231,22.0954166666667,22.8408333333333,0,0,55.7421165177083,52.8691582358333,17.125,18.3958333333333,20,25.1541666666667,24.775,25.0916666666667,-1.31428873989583,4.39734622640874,3.0830574865625,9,3.73325794598127,0.266376166839,16
"348",232,20.7716666666667,21.4191666666667,0.254,1,60.8933625429167,58.4267256216667,16.6458333333333,18,19.1666666666667,24.4291666666667,24.4145833333333,24.6625,-1.28415474037083,4.18893468838125,2.90477994825,10,3.98423093351007,0.2509729875288,16
"349",233,23.2397916666667,24.221875,0,0,47.509172133125,43.776596613125,16.3541666666667,17.1666666666667,18.9791666666667,24.99375,24.4958333333333,24.50625,-2.06451852992804,5.49288175289583,3.42836322283333,11,4.28044151596287,0.2962105824528,16
"350",234,25.2635416666667,26.17,0,0,44.6084676983333,41.0443324677083,16.2708333333333,16.3958333333333,18.3541666666667,26.3229166666667,25.2479166666667,25.0270833333333,-1.26322409268542,5.218785127,3.95556103420833,12,4.62220198931847,0.3417604733556,16
"351",235,21.6022916666667,22.52875,2.794,6,63.27975527875,59.5392112016667,15.8541666666667,16,18,24.93125,25.1583333333333,25.29375,-0.362457407838958,3.90895038727083,3.54649297966667,13,4.92861898276167,0.3064169934432,16
"352",236,21.4610416666667,22.0072916666667,0,0,59.166332765625,56.8881202885417,15.4791666666667,15.9583333333333,17.3541666666667,24.1708333333333,23.9166666666667,24.43125,-0.819249308025,4.47908666572917,3.6598373576875,14,5.24482893046587,0.3162099477042,16
"353",217,23.379375,24.06875,0,0,59.9604524258333,56.4730164670833,22.75,25.4583333333333,23.2916666666667,26.1479166666667,24.7458333333333,25,-3.54003860877708,5.74483932937292,2.20480072035417,-7,0.1904947822386,0.1904947822386,17
"354",218,23.2266666666667,24.0708333333333,0,0,55.011324309375,50.8778626052083,21.1666666666667,23.625,22.3958333333333,26.6020833333333,25.1625,25.4708333333333,-3.7635790359875,5.9653008338375,2.20172179839583,-6,0.38072354562,0.1902287633814,17
"355",219,24.300625,25.4077083333333,0,0,40.7210838929167,35.8508063335417,19.4791666666667,21.8125,21.7083333333333,26.6645833333333,25.3020833333333,25.6458333333333,-3.80044633012521,6.1363390459375,2.33589271625,-5,0.582544676304,0.201821130684,17
"356",220,26.059375,27.401875,0,0,32.7899583191667,27.6509976266667,17.9583333333333,19.6875,21.0208333333333,27.2604166666667,25.8625,25.96875,-2.92837294617917,5.5021509914375,2.57377804558333,-4,0.8049190994424,0.2223744231384,17
"357",221,24.9210416666667,25.993125,0,0,47.5192806027083,43.3572060916667,17.0208333333333,18.1666666666667,20.3333333333333,26.825,26.1291666666667,26.1541666666667,-1.47443340387083,4.12169082254167,2.64725741858333,-3,1.033642140408,0.2287230409656,17
"358",222,22.8591666666667,23.739375,9.779,8,60.973499356875,56.3300676589583,18.0208333333333,17.875,19.8541666666667,26.1916666666667,25.825,26.0375,-1.73369467469875,4.19622427375,2.4625295994375,-2,1.2464046977994,0.2127625573914,17
"359",223,24.128125,24.8329166666667,0,0,57.1375156022917,53.4103635585417,22,22.875,19.0833333333333,25.1041666666667,24.6291666666667,25.325,-2.35286282584208,4.93447182058333,2.58160899485417,-1,1.4694557149548,0.2230510171554,17
"360",224,22.8364583333333,23.475625,25.654,6,64.2460412789583,61.3165253647917,22.1875,23.2916666666667,19.4583333333333,25.5729166666667,24.95,25.41875,-2.30746626183542,4.85830061889583,2.55083435766667,0,1.6898478034572,0.2203920885024,17
"361",225,21.1529166666667,21.83875,0,0,71.2275132535417,68.0087506704167,26.7916666666667,31.125,24.8958333333333,23.8520833333333,23.7229166666667,24.8770833333333,-2.47744633178958,4.85891259780625,2.38146626585417,1,1.895606488827,0.2057586853698,17
"362",226,21.274375,22.0302083333333,0,0,70.860745696875,67.40812930875,23.8958333333333,26.875,23.5625,23.84375,23.7645833333333,24.4395833333333,-1.76860544545417,4.18974436889583,2.42113892383333,2,2.1047928918462,0.2091864030192,17
"363",227,22.4470833333333,23.30875,0,0,57.826108699375,54.2533675535417,22.5625,24.9166666666667,22.5833333333333,23.7916666666667,23.8166666666667,24.2229166666667,-2.9132643005625,5.51264074808333,2.599376447625,3,2.329379016921,0.2245861250748,17
"364",228,22.2639583333333,23.3772916666667,0,0,40.767257305625,35.9801225991667,20.7708333333333,23.2291666666667,21.9375,24.1270833333333,23.6645833333333,24.2166666666667,-2.61867276797917,5.31887923449792,2.70020646610417,4,2.5626768555924,0.2332978386714,17
"365",229,23.8910416666667,-810.459583333333,0,0,31.6458622777083,-808.161866410833,19.375,21.4583333333333,21.0416666666667,25.1520833333333,24.05,24.5375,-2.76575716797979,5.22120872790909,2.96073769570455,5,2.81848459250127,0.255807736908873,17
"366",230,24.2010416666667,25.4564583333333,0,0,29.0195816027083,24.5835209375,18.0833333333333,19.6458333333333,20.375,25.5958333333333,24.4,24.8104166666667,-2.59056610605417,5.73647521735417,3.14590911147917,6,3.09029113973307,0.2718065472318,17
"367",231,22.0954166666667,22.8408333333333,0,0,55.7421165177083,52.8691582358333,17.125,18.3958333333333,20,25.1541666666667,24.775,25.0916666666667,-1.31428873989583,4.39734622640874,3.0830574865625,7,3.35666730657207,0.266376166839,17
"368",232,20.7716666666667,21.4191666666667,0.254,1,60.8933625429167,58.4267256216667,16.6458333333333,18,19.1666666666667,24.4291666666667,24.4145833333333,24.6625,-1.28415474037083,4.18893468838125,2.90477994825,8,3.60764029410087,0.2509729875288,17
"369",233,23.2397916666667,24.221875,0,0,47.509172133125,43.776596613125,16.3541666666667,17.1666666666667,18.9791666666667,24.99375,24.4958333333333,24.50625,-2.06451852992804,5.49288175289583,3.42836322283333,9,3.90385087655367,0.2962105824528,17
"370",234,25.2635416666667,26.17,0,0,44.6084676983333,41.0443324677083,16.2708333333333,16.3958333333333,18.3541666666667,26.3229166666667,25.2479166666667,25.0270833333333,-1.26322409268542,5.218785127,3.95556103420833,10,4.24561134990927,0.3417604733556,17
"371",235,21.6022916666667,22.52875,2.794,6,63.27975527875,59.5392112016667,15.8541666666667,16,18,24.93125,25.1583333333333,25.29375,-0.362457407838958,3.90895038727083,3.54649297966667,11,4.55202834335247,0.3064169934432,17
"372",236,21.4610416666667,22.0072916666667,0,0,59.166332765625,56.8881202885417,15.4791666666667,15.9583333333333,17.3541666666667,24.1708333333333,23.9166666666667,24.43125,-0.819249308025,4.47908666572917,3.6598373576875,12,4.86823829105667,0.3162099477042,17
"373",237,22.8539583333333,24.07875,4.191,2,55.8294718472917,50.3687491579167,15.3125,15.6041666666667,17,24.13125,24.0604166666667,24.475,-0.491000409213125,4.149968442375,3.65896803335417,13,5.18437312913847,0.3161348380818,17
"374",238,23.978125,24.786875,0,0,50.0681897029167,46.3140256870833,15.375,15.2916666666667,16.4791666666667,23.9479166666667,23.66875,24.16875,-0.951179799345833,4.5385743211875,3.5873945218125,14,5.49432401582307,0.3099508866846,17
"375",344,10.4401458333333,11.208125,0,0,17.8903385925,17.8951301360417,9,8,7.5625,11.5291666666667,11.5729166666667,13.1020833333333,0.0915989825285,0.104966348425458,0.196565330952083,-7,0.01698324459426,0.01698324459426,18
"376",345,9.38379166666667,10.339125,0,0,25.4101561464583,25.2422384372917,9,8,7.70833333333333,11.0041666666667,11.6541666666667,13.1958333333333,0.0221003513385417,0.16472621501625,0.186826566352083,-6,0.03312505992708,0.01614181533282,18
"377",346,9.82429166666667,10.7607291666667,0,0,20.5945800923125,20.269196184375,9.02083333333333,8,7.54166666666667,11.7125,11.69375,13.0625,0.0675095643560417,0.118741150489583,0.186250714847917,-5,0.04921712168994,0.01609206176286,18
"378",347,10.8907083333333,12.0882083333333,0,0,28.6986085785417,27.6034726291667,9,8,7.58333333333333,11.7520833333333,11.6729166666667,13.175,-0.0806569566914167,0.217329611024396,0.136672654345417,-4,0.061025639025384,0.011808517335444,18
"379",348,10.3901875,11.7133333333333,0,0,34.0838472066667,32.4713531285417,9.02083333333333,8,7.64583333333333,11.8125,11.65625,13.1854166666667,-0.05881408895405,0.158966329214667,0.100152240267083,-3,0.06967879258446,0.008653153559076,18
"380",349,6.46991666666667,7.416625,0,0,35.3458864160417,35.2435936729167,8.97916666666667,8,7.39583333333333,10.7145833333333,10.9916666666667,12.9708333333333,-0.121322126968125,0.206995840890625,0.085673713921875,-2,0.07708100146731,0.00740220888285,18
"381",350,6.26579166666667,7.19845833333333,0,0,34.5160212441667,34.407673156875,8.83333333333333,7.64583333333333,7.08333333333333,8.88541666666667,9.94583333333333,12.2333333333333,0.0504081019195771,0.14490125917375,0.195309361083542,-1,0.093955730264928,0.016874728797618,18
"382",351,3.7824375,4.436125,5.588,5,89.1532909502083,88.4230175989583,8.97916666666667,7.52083333333333,7,8.62916666666667,9.75416666666667,11.9395833333333,0.665787879331042,0.030039336391125,0.695827215722917,0,0.154075201703388,0.06011947143846,18
"383",352,3.85302083333333,4.81116666666667,1.397,4,85.8439319527083,83.8071734429167,9.5,7.02083333333333,7,7.7125,8.78333333333333,11.2833333333333,0.311285753090417,0.066572206560625,0.37785795965,1,0.186722129417148,0.03264692771376,18
"384",353,5.98635416666667,7.363375,0,0,61.7641087572917,59.356078705625,10.6666666666667,7.02083333333333,7,7.25416666666667,7.97083333333333,10.6520833333333,0.180876878576646,0.139346933573542,0.3202238121375,2,0.214389466785828,0.02766733736868,18
"385",354,9.0085625,-198.402208333333,0,0,46.8699843975,-163.916750799792,11.4375,7.20833333333333,7,7.71458333333333,8.1875,10.5104166666667,0.247806481512083,0.0975728974938298,0.344763106668085,3,0.244176999201951,0.0297875324161226,18
"386",355,4.77852083333333,5.6424375,0,0,40.121990106875,40.0427018520833,11.4375,7,7,7.18333333333333,7.9,10.4520833333333,0.226876540350979,0.0443597522227083,0.271236292576458,4,0.267611814880557,0.023434815678606,18
"387",356,0.7035625,1.8206875,0,0,34.756457905,33.7157534439583,11.2916666666667,7,7,4.80416666666667,5.77708333333333,9.60416666666667,-0.06800724332375,0.117752525238125,0.0497452819147917,5,0.271909807237995,0.004297992357438,18
"388",357,8.42770833333333,9.78410416666667,0,0,21.5590745836458,20.0307210341667,11.4583333333333,7,7,5.81666666666667,6.11458333333333,8.93541666666667,-0.0609184864747917,0.131927726074417,0.0710092395933333,6,0.278045005538859,0.006135198300864,18
"389",358,13.106,14.6735416666667,0,0,13.6620954663542,12.771045175875,11.6458333333333,7.29166666666667,7,8.38958333333333,7.99583333333333,9.40208333333333,-0.047028971009375,0.114132970843958,0.0671039998322917,7,0.283842791124369,0.00579778558551,18
"390",359,14.14625,15.5991666666667,0,0,11.4082520729375,11.0090994342292,12,7.45833333333333,7,9.43958333333333,8.99583333333333,10.1,0.04738408283375,0.0355092166992646,0.08289329953375,8,0.291004772204085,0.007161981079716,18
"391",360,13.4647916666667,14.9704166666667,0,0,8.61170662083333,8.63476271883333,11.8333333333333,7.5,7,9.03333333333333,9.13125,10.3895833333333,0.0134231386817292,0.0472231677120833,0.0606463063951875,9,0.296244613076629,0.0052398408725442,18
"392",361,13.2058333333333,14.96125,0,0,15.1716779151042,13.9497740942708,11.9375,7.875,7,9.84375,9.93125,10.65625,-0.039757418860375,0.0839945470954167,0.0442371282350833,10,0.30006670095614,0.0038220878795112,18
"393",362,14.2841666666667,15.9441666666667,0,0,18.06931412625,16.6405044191667,11.9583333333333,7.9375,7,10.6354166666667,10.3520833333333,10.8979166666667,-0.0689271792537917,0.0948117912304167,0.0258846119750208,12,0.302303131430782,0.0022364304746418,18
"394",363,14.8672708333333,16.586875,0,0,15.1721460559583,14.1399536727917,11.9583333333333,8,7,10.9395833333333,10.61875,11.3125,-0.0516018995170833,0.101199455869375,0.0495975563531667,NA,0.306588360299695,0.0042852288689136,18
"395",364,15.92625,17.5829166666667,0,0,14.4008516248958,13.3434948295,11.875,7.97916666666667,7.02083333333333,11.1083333333333,10.7854166666667,11.4604166666667,-0.0388159444537083,0.106866418283958,0.0680504738461875,13,0.312467921240006,0.0058795609403106,18
"396",365,14.2885106382979,15.7659574468085,0,0,16.6987097780213,15.6430415095745,11.6595744680851,8,7.02127659574468,11.268085106383,11.0489361702128,11.6574468085106,-0.0416347676615319,0.0827820289353191,0.0411472612755745,14,0.316023044614216,0.00355512337420963,18
