"","as.numeric(DOY)","meanSR1","meanSR2","meanSR3","meanSR4","meanST1","meanST2","meanST3","meanST4","meanSM1","meanSM2","meanSM3","meanSM4"
"1",1,0.138181818181818,0.14,0.18,0.0866666666666667,7.4766,8.13492,7.9658,7.90850666668,NA,0.088916006,0.07096935,0.075148566
"2",2,0.153636363636364,0.167272727272727,0.193333333333333,0.21,5.773125,5.71354166666667,5.86283333333333,5.78316666658333,NA,NA,NA,NA
"3",3,0.265333333333333,0.248666666666667,0.280526315789474,0.227142857142857,6.88782608695652,6.8194347826087,6.78430434782609,6.83052173891304,NA,NA,NA,NA
"4",4,0.325833333333333,0.327916666666667,0.382083333333333,0.3,8.68458333333333,8.52420833333333,8.28091666666667,8.49656944475,NA,NA,NA,NA
"5",5,0.339583333333333,0.352083333333333,0.389166666666667,0.319,8.13316666666667,8.039,7.72170833333333,7.96462500004167,NA,NA,NA,NA
"6",6,0.316666666666667,0.344166666666667,0.3725,0.293333333333333,8.12229166666667,7.93475,7.459375,7.83880555545833,NA,NA,NA,NA
"7",7,0.270833333333333,0.304166666666667,0.32625,0.344444444444444,7.305625,7.16908333333333,6.7365,7.070402777875,NA,NA,NA,NA
"8",8,0.33875,0.3675,0.39,0.347333333333333,9.52504166666667,9.01954166666667,8.621875,9.05548611133333,NA,NA,NA,NA
"9",9,0.386666666666667,0.389583333333333,0.442916666666667,0.27,10.765,10.3759583333333,9.96254166666667,10.3678333331667,NA,NA,NA,NA
"10",10,0.360833333333333,0.360833333333333,0.398333333333333,0.368,9.9105,9.43795833333333,9.086125,9.47819444458333,NA,NA,NA,NA
"11",11,0.341666666666667,0.349166666666667,0.370833333333333,0.395,9.30925,8.75945833333333,8.32516666666667,8.79795833320833,NA,NA,NA,NA
"12",12,0.326666666666667,0.316666666666667,0.347916666666667,0.359,8.97645833333333,8.5505,8.11525,8.5474027775,NA,NA,NA,NA
"13",13,0.325416666666667,0.3,0.347083333333333,0.244375,9.01354166666667,8.67858333333333,8.26483333333333,8.65231944429167,NA,NA,NA,NA
"14",14,0.370952380952381,0.333333333333333,0.401363636363636,0.205,10.6565416666667,10.1552916666667,9.783125,10.19831944425,NA,NA,NA,NA
"15",15,NA,0.1,0.137,NA,7.818,8.064625,7.99833333333333,7.96031944441667,NA,NA,NA,NA
"16",16,0.114,0.141428571428571,0.188461538461538,0.13,7.63720833333333,7.49120833333333,7.60041666666667,7.57627777745833,NA,NA,NA,NA
"17",17,0.192307692307692,0.213076923076923,0.236666666666667,0.215,7.26483333333333,7.13783333333333,7.079625,7.160763888875,NA,NA,NA,NA
"18",18,0.1975,0.1825,0.204736842105263,0.214,5.951,6.397,6.16985,6.17261666665,NA,NA,NA,NA
"19",19,0.239166666666667,0.229583333333333,0.275416666666667,0.2425,6.12804166666667,6.35979166666667,6.23470833333333,6.24084722220833,NA,NA,NA,NA
"20",20,0.246842105263158,0.255652173913043,0.275,0.228571428571429,6.23141666666667,6.23675,6.2785,6.248888888875,NA,NA,NA,NA
"21",21,0.105,0.1,0.11375,NA,5.67766666666667,6.04620833333333,5.80666666666667,5.84351388883333,NA,NA,NA,NA
"22",22,0.201538461538462,0.1925,0.237142857142857,0.28,5.42104166666667,5.21966666666667,5.11025,5.25031944454167,NA,NA,NA,NA
"23",23,0.274347826086957,0.279047619047619,0.324090909090909,0.270833333333333,7.25029166666667,6.796375,6.66770833333333,6.90479166658333,NA,NA,NA,NA
"24",24,0.217916666666667,0.261666666666667,0.23304347826087,0.22,6.92808333333333,6.862125,6.38804166666667,6.72608333333333,NA,NA,NA,NA
"25",25,0.228666666666667,0.214166666666667,0.22875,0.297142857142857,4.72233333333333,4.4845,4.14741666666667,4.45141666670833,NA,NA,NA,NA
"26",26,0.229285714285714,0.211739130434783,0.213478260869565,0.3425,4.36641666666667,3.90433333333333,3.66175,3.97750000004167,NA,NA,NA,NA
"27",27,0.201333333333333,0.19875,0.225263157894737,0.3425,4.29070833333333,3.66041666666667,3.39170833333333,3.78094444445833,NA,NA,NA,NA
"28",28,0.235714285714286,0.208260869565217,0.255,0.276666666666667,4.56125,3.85354166666667,3.61429166666667,4.00969444454167,NA,NA,NA,NA
"29",29,0.25,0.22625,0.267368421052632,0.355555555555556,5.68654166666667,5.14241666666667,4.63133333333333,5.1534305555,NA,NA,NA,NA
"30",30,0.262222222222222,0.243333333333333,0.287142857142857,0.41375,6.53654166666667,5.85245833333333,5.42445833333333,5.93781944433333,NA,NA,NA,NA
"31",31,0.272608695652174,0.28,0.314545454545455,0.445555555555556,7.921375,7.106375,6.56408333333333,7.19727777795833,NA,NA,NA,NA
"32",32,0.271666666666667,0.29125,0.315454545454545,0.412727272727273,8.52570833333333,7.65254166666667,7.13025,7.76949999975,NA,NA,NA,NA
"33",33,0.288235294117647,0.298823529411765,0.334117647058824,0.402857142857143,8.64317647058824,7.45694117647059,7.24229411764706,7.78080392141176,NA,NA,NA,NA
"34",34,0.392666666666667,0.38,0.447333333333333,0.417272727272727,12.183,10.5030666666667,10.3715333333333,11.0191999992667,NA,NA,NA,NA
"35",35,0.3325,0.34875,0.367083333333333,0.202222222222222,10.2629583333333,9.29533333333333,8.87283333333333,9.47704166708333,NA,NA,NA,NA
"36",36,0.364166666666667,0.366666666666667,0.392916666666667,0.3725,11.1915833333333,10.0755833333333,9.64166666666667,10.3029444441667,NA,NA,NA,NA
"37",37,0.35625,0.35,0.37125,0.236666666666667,10.9468333333333,10.302625,9.820625,10.3566944442083,NA,NA,NA,NA
"38",38,0.3725,0.353333333333333,0.3925,0.320714285714286,11.1141666666667,10.0222916666667,9.70541666666667,10.2806249999167,NA,NA,NA,NA
"39",39,0.404782608695652,0.389130434782609,0.418260869565217,0.33875,12.1054347826087,10.8282608695652,10.5346956521739,11.1561304349565,NA,NA,NA,NA
"40",40,0.456666666666667,0.437916666666667,0.4775,0.361904761904762,13.43275,12.20525,11.8367916666667,12.4915972214583,NA,NA,NA,NA
"41",41,0.52,0.495,0.54,0.365833333333333,14.8495,13.3706666666667,13.0622916666667,13.7608194443333,NA,NA,NA,NA
"42",42,0.554583333333333,0.4925,0.56125,0.349166666666667,15.04975,13.5950416666667,13.2527916666667,13.96586111125,NA,NA,NA,NA
"43",43,0.492916666666667,0.440833333333333,0.487916666666667,0.283333333333333,13.0952083333333,12.6037083333333,12.193875,12.6309305554167,NA,NA,NA,NA
"44",44,0.425416666666667,0.39125,0.467083333333333,0.280869565217391,11.5492916666667,11.3600833333333,11.072375,11.327250000375,NA,NA,NA,NA
"45",45,0.331304347826087,0.277083333333333,0.360833333333333,0.230869565217391,10.2120416666667,10.177375,9.99520833333333,10.1282083335417,NA,NA,NA,NA
"46",46,0.373333333333333,0.34625,0.396666666666667,0.435714285714286,9.438875,9.437375,8.87116666666667,9.24913888879167,NA,NA,NA,NA
"47",47,0.414166666666667,0.376666666666667,0.4175,0.496153846153846,10.1135833333333,9.32008333333333,9.156375,9.530013889,NA,NA,NA,NA
"48",48,0.432083333333333,0.3925,0.44625,0.3115,11.5902916666667,10.827625,10.5465416666667,10.9881527780417,NA,NA,NA,NA
"49",49,0.412916666666667,0.372916666666667,0.394166666666667,0.263888888888889,10.6264166666667,10.6507083333333,10.1460416666667,10.4743888884167,NA,NA,NA,NA
"50",50,0.305,0.2925,0.34625,0.25,9.100625,9.11625,8.99883333333333,9.07190277791667,NA,NA,NA,NA
"51",51,0.449166666666667,0.409583333333333,0.495,0.372,12.3446666666667,11.257625,11.0036666666667,11.5353194447083,NA,NA,NA,NA
"52",52,0.51125,0.46125,0.535833333333333,0.50125,13.1912083333333,11.7180833333333,11.6080833333333,12.1724583330833,NA,NA,NA,NA
"53",53,0.567272727272727,0.474090909090909,0.535909090909091,0.398235294117647,13.9743181818182,12.8600909090909,12.5581363636364,13.1308484847273,NA,NA,NA,NA
"54",54,0.542173913043478,0.444347826086956,0.521739130434783,0.341764705882353,13.8350434782609,12.6439565217391,11.9250434782609,12.8013478262174,NA,NA,NA,NA
"55",55,0.455833333333333,0.36375,0.428333333333333,0.433333333333333,12.0529166666667,10.665875,10.6125833333333,11.1104583327917,NA,NA,NA,NA
"56",56,0.451666666666667,0.354166666666667,0.426666666666667,0.438333333333333,NA,NA,NA,NA,NA,NA,NA,NA
"57",57,0.418666666666667,0.326,0.411333333333333,0.28,NA,NA,NA,NA,NA,NA,NA,NA
"58",58,NA,NA,NA,NA,NA,NA,NA,NA,NA,NA,NA,NA
"59",59,NA,NA,NA,NA,NA,NA,NA,NA,NA,NA,NA,NA
"60",60,NA,NA,NA,NA,NA,NA,NA,NA,NA,NA,NA,NA
"61",61,NA,NA,NA,NA,NA,NA,NA,NA,NA,NA,NA,NA
"62",62,NA,NA,NA,NA,NA,NA,NA,NA,NA,NA,NA,NA
"63",63,NA,NA,NA,NA,NA,NA,NA,NA,NA,NA,NA,NA
"64",64,NA,NA,NA,NA,NA,NA,NA,NA,NA,NA,NA,NA
"65",65,NA,NA,NA,NA,NA,NA,NA,NA,NA,NA,NA,NA
"66",66,NA,NA,NA,NA,NA,NA,NA,NA,NA,NA,NA,NA
"67",67,NA,NA,NA,NA,NA,NA,NA,NA,NA,NA,NA,NA
"68",68,NA,NA,NA,NA,NA,NA,NA,NA,NA,NA,NA,NA
"69",69,NA,NA,NA,NA,NA,NA,NA,NA,NA,NA,NA,NA
"70",72,NA,NA,NA,NA,NA,NA,NA,NA,NA,NA,NA,NA
"71",73,NA,NA,NA,NA,NA,NA,NA,NA,NA,NA,NA,NA
"72",74,1.03428571428571,0.818571428571429,0.902857142857143,NA,NA,NA,NA,NA,NA,NA,NA,NA
"73",75,1.03458333333333,0.7675,0.982916666666667,NA,22.3737083333333,20.1008333333333,20.27775,20.91743055625,NA,NA,NA,NA
"74",76,1.01045454545455,0.789545454545455,0.935909090909091,NA,22.2385,20.4026363636364,20.1154090909091,20.918848485,0.0753043043636364,0.0417204807272727,0.0339591733636364,NA
"75",77,1.06458333333333,0.809583333333333,1.03916666666667,NA,23.0154583333333,20.8854583333333,21.1602083333333,21.68704166625,0.0752038274166667,0.0416654268333333,0.0351916463333333,NA
"76",78,1.12,0.835416666666667,1.07041666666667,NA,23.8996666666667,21.4242083333333,21.9132083333333,22.41236111125,0.07502982425,0.04163558025,0.0379838208333333,NA
"77",79,1.11208333333333,0.849583333333333,1.0825,NA,24.1366666666667,21.8770833333333,22.262125,22.7586249991667,0.07428453275,0.04109575125,0.0379857571666667,NA
"78",80,1.10291666666667,0.829166666666667,1.04125,NA,23.8285,21.6462916666667,21.9475,22.47409722125,0.0738995886666667,0.04085103875,0.0377376168333333,NA
"79",81,1.1025,0.815833333333333,1.04666666666667,NA,23.242375,21.166625,21.6582083333333,22.0224027770833,0.0726845233333333,0.0396113933333333,0.0379523780833333,NA
"80",82,1.02083333333333,0.746666666666667,0.95625,NA,19.67075,18.7883333333333,18.514,18.9910277783333,0.069266325,0.0372583968333333,0.0355317599166667,NA
"81",83,0.87125,0.6275,0.825,NA,19.6764166666667,18.034875,17.952625,18.5546388879167,0.06990928125,0.0374834843333333,0.03576522075,NA
"82",84,0.946666666666667,0.656666666666667,0.874166666666667,NA,20.5785416666667,19.163375,19.0432083333333,19.59504166625,0.07009110825,0.0379073548333333,0.03546099825,NA
"83",85,0.930833333333333,0.6825,0.922916666666667,NA,21.824625,20.06675,20.0450416666667,20.6454722220833,0.0707585041666667,0.0379700571666667,0.0345196093333333,NA
"84",86,0.919565217391304,0.665217391304348,0.901304347826087,NA,21.0604347826087,19.5709565217391,19.9340869565217,20.1884927543478,0.0696673799130435,0.0370494673043478,0.0335353609565217,NA
"85",87,1.02875,0.795,1.02708333333333,NA,18.7829583333333,17.7954583333333,17.5665416666667,18.04831944625,0.0699000278333333,0.0390045706666667,0.0346153244166667,NA
"86",88,0.857916666666667,0.652916666666667,0.837083333333333,NA,19.5992916666667,17.7842916666667,17.7921666666667,18.3919166670833,0.0754721754166667,0.0439402826666667,0.0387010546666667,NA
"87",89,0.924166666666667,0.667083333333333,0.85375,NA,21.0864166666667,19.3967916666667,19.483375,19.98886111125,0.0755164921666667,0.0434058701666667,0.0414836521666667,NA
"88",90,0.875416666666667,0.607916666666667,0.7675,NA,18.3348333333333,17.8589583333333,17.3797083333333,17.8578333341667,0.0704356963333333,0.0383514783333333,0.0372938430833333,NA
"89",91,0.699166666666667,0.527083333333333,0.696666666666667,NA,18.1678333333333,16.9975416666667,17.2772083333333,17.4808611108333,0.0694289456666667,0.0371572390833333,0.0357362376666667,NA
"90",92,0.725416666666667,0.547916666666667,0.703333333333333,NA,19.949375,18.2825,18.4464583333333,18.8927777779167,0.0711009893333333,0.0381158360833333,0.0357883163333333,NA
"91",93,0.8175,0.580833333333333,0.749583333333333,NA,21.0635833333333,19.6239583333333,19.8052083333333,20.1642500008333,0.0707285529166667,0.0381474881666667,0.0364277854166667,NA
"92",94,0.78625,0.555,0.744166666666667,NA,21.0808333333333,19.6395,19.4588333333333,20.0597222225,0.0691034854166667,0.036756909,0.0337578755833333,NA
"93",95,0.689583333333333,0.565,0.667916666666667,NA,21.1631666666667,20.33325823,19.5102916666667,20.3263163579167,0.0687461899166667,0.0366871155,0.0333567081666667,NA
"94",96,0.705,0.580833333333333,0.679583333333333,NA,21.1925,20.6906054525,19.9340833333333,20.9452330241667,0.06852712075,0.0362158763333333,0.0330876179166667,NA
"95",97,0.785833333333333,0.614166666666667,0.757916666666667,NA,23.4029166666667,22.9232139916667,22.08,23.28672530875,0.0697664853333333,0.0372960053333333,0.03326282475,NA
"96",98,0.899583333333333,0.6325,0.78375,NA,23.7205,23.34795216125,22.5436666666667,23.7796898145833,0.0689509031666667,0.03611160475,0.0325911540833333,NA
"97",99,0.753333333333333,0.55875,0.708333333333333,NA,21.8037916666667,21.6424537029167,20.8703333333333,22.2532361095833,0.0668048205,0.0323817046666667,0.03131611475,NA
"98",100,0.716666666666667,0.542916666666667,0.67,NA,22.6820416666667,22.39034619375,21.5097083333333,22.9792885795833,0.067720949,0.0343728003333333,0.0310960678333333,NA
"99",101,0.726086956521739,0.561304347826087,0.670434782608696,NA,23.2558695652174,22.8800950078261,21.8928695652174,23.4915458934783,0.0677675626956522,0.0365957271304348,0.0303736610434783,NA
"100",102,0.77625,0.589166666666667,0.745416666666667,NA,25.1285416666667,24.73336574125,23.7381666666667,25.33338889,0.0688293973333333,0.03750569025,0.0308501778333333,NA
"101",103,0.809565217391304,0.613913043478261,0.728260869565217,0.495,25.4517826086957,25.118676866087,24.1243913043478,25.7798566826087,0.0677682726086957,0.0370694440869565,0.0289686916521739,NA
"102",104,0.841666666666667,0.605833333333333,0.739583333333333,0.542916666666667,26.0177083333333,25.80371605,24.95575,26.437689815,0.0672907034166667,0.0370846195833333,0.0281298805833333,NA
"103",105,0.816666666666667,0.58875,0.745652173913044,0.562916666666667,26.2610416666667,25.72679166625,24.960625,25.9587083333333,0.0674281613333333,0.037052732,0.02726889925,NA
"104",106,0.7875,0.577916666666667,0.695833333333333,0.551666666666667,26.298625,25.7865277775,25.0030833333333,26.057875,0.0671682555833333,0.036629254,0.02653146475,NA
"105",107,0.791304347826087,0.579565217391304,0.745454545454545,0.537391304347826,26.9207826086957,26.318652173913,25.4082173913043,26.6269565217391,0.0676384804347826,0.0366234310434783,0.0260213154782609,NA
"106",108,0.864583333333333,0.6,0.774583333333333,0.5925,27.9028333333333,27.1688333329167,26.3277083333333,27.2759583333333,0.0679491503333333,0.0371697895,0.0262846065833333,NA
"107",109,0.881666666666667,0.6,0.787083333333333,0.577083333333333,28.6250416666667,27.7710277779167,26.9248333333333,27.7632083333333,0.0682142370833333,0.0374460755833333,0.0259774795833333,NA
"108",110,0.847916666666667,0.58125,0.767916666666667,0.5325,28.5029583333333,27.5843472225,26.7763333333333,27.47375,0.0677753303333333,0.0369605494166667,0.0252702318333333,NA
"109",111,0.843333333333333,0.57125,0.750416666666667,0.523333333333333,28.3417083333333,27.4689444441667,26.6800416666667,27.3850833333333,0.0671601439166667,0.0362902655833333,0.0242208556666667,NA
"110",112,0.824583333333333,0.579166666666667,0.736666666666667,0.531666666666667,29.1022916666667,28.3941111108333,27.4765,28.6035416666667,0.0671290151666667,0.0365027503333333,0.0243122794166667,NA
"111",113,0.835833333333333,0.574166666666667,0.698333333333333,0.5175,28.8425416666667,28.4093333329167,27.5438333333333,28.841625,0.0665556596666667,0.0364158795833333,0.0237948918333333,NA
"112",114,0.914583333333333,0.538333333333333,0.715833333333333,0.46125,28.1038333333333,27.6545694441667,27.4555416666667,27.4043333333333,0.0656179698333333,0.0356872894166667,0.0231145338333333,NA
"113",115,1.05333333333333,0.523333333333333,0.7325,0.42375,26.4694166666667,26.0240694454167,26.21125,25.3915416666667,0.064463435,0.0350588365,0.0219506121666667,NA
"114",116,0.800434782608696,0.494782608695652,0.68,0.434761904761905,26.6154347826087,25.6885652178261,25.4604347826087,24.9898260869565,0.0652015755652174,0.0348501640869565,0.0217161591304348,NA
"115",117,0.902083333333333,0.515,0.66375,0.425416666666667,27.5230833333333,26.7804305554167,26.7357916666667,26.0824166666667,0.0660050334166667,0.0358420435,0.0224373681666667,NA
"116",118,0.94,0.498333333333333,0.651666666666667,0.37625,25.9478333333333,25.3397222220833,25.671125,24.4002083333333,0.053880389,0.0417099860833333,0.0219215505833333,NA
"117",119,0.696666666666667,0.426666666666667,0.605,0.428235294117647,26.1901666666667,24.62443055625,24.721,22.962125,0.0402985189166667,0.0513505659166667,0.0206165765833333,0.05747253375
"118",120,0.620833333333333,0.42375,0.5775,0.484705882352941,26.24175,24.8051666666667,24.6002916666667,23.5391666666667,0.04004875625,0.051308578,0.0198355056666667,0.0574262806666667
"119",121,0.64,0.43625,0.58,0.522941176470588,27.819875,26.4048333333333,26.3590833333333,25.8027916666667,0.0407133095833333,0.0523199078333333,0.0207606546666667,0.0589027266666667
"120",122,0.646666666666667,0.44875,0.580416666666667,0.518333333333333,28.0553333333333,26.6942916666667,26.5110416666667,26.01475,0.0403552814166667,0.0517277908333333,0.0201136234166667,0.0583469455833333
"121",123,0.71375,0.488333333333333,0.64875,0.465,30.387125,28.8692083333333,28.8562083333333,28.96925,0.0417124815,0.0535418645833333,0.0218753498333333,0.0604959423333333
"122",124,0.69375,0.493333333333333,0.63125,0.501666666666667,31.3969583333333,30.052625,29.9576666666667,30.970625,0.0424988546666667,0.0543735130833333,0.0224011369166667,0.0618526095
"123",125,0.71875,0.5175,0.62,0.454166666666667,31.5835416666667,30.631,30.7024583333333,31.3854166666667,0.04265596375,0.0545288951666667,0.0226225183333333,0.06195054875
"124",126,0.762083333333333,0.496666666666667,0.624583333333333,0.347083333333333,30.7347916666667,29.6600416666667,29.9251666666667,29.6664583333333,0.0419949429166667,0.053406814,0.0218222506666667,0.0600464476666667
"125",127,0.629166666666667,0.42125,0.5475,0.368421052631579,27.76075,26.5656666666667,27.50075,25.900625,0.0398829170833333,0.05081573475,0.020153518,0.0569458665833333
"126",128,0.56625,0.433333333333333,0.505,0.297142857142857,25.4373333333333,25.2668333333333,25.22775,24.302375,0.0390129701666667,0.0508217530833333,0.0193246074166667,0.05629614975
"127",129,0.544166666666667,0.4675,0.529583333333333,0.329473684210526,19.858125,19.9297916666667,20.0497916666667,18.1654583333333,0.0355293525833333,0.0478704476666667,0.0174377118333333,0.05244267925
"128",130,0.623333333333333,0.560416666666667,0.640833333333333,0.592857142857143,19.4640416666667,19.4034166666667,18.9500416666667,18.1332916666667,0.0406592160833333,0.0559206684166667,0.02111411325,0.0609975514166667
"129",131,0.525,0.408333333333333,0.497391304347826,0.514375,24.53725,23.640875,23.3159166666667,23.262625,0.0488700975833333,0.0643233935833333,0.0258421839166667,0.072039131
"130",132,0.548636363636364,0.41,0.466818181818182,0.4525,27.7973181818182,27.1927727272727,26.4868636363636,27.1222272727273,0.049241402,0.0629817093636364,0.0254302594545455,0.0704146221818182
"131",133,0.625,0.4225,0.52125,0.378095238095238,29.602875,28.6375833333333,28.6890416666667,28.4764583333333,0.0476969059166667,0.0594096475833333,0.0240053879166667,0.0665294764166667
"132",134,0.577916666666667,0.409583333333333,0.489166666666667,0.284782608695652,28.8529583333333,27.9064583333333,28.1285416666667,27.5121666666667,0.04506140525,0.0562793769166667,0.02185091975,0.0624321760833333
"133",135,0.603333333333333,0.394166666666667,0.483333333333333,0.293157894736842,28.100625,27.032625,27.6686666666667,26.3802916666667,0.043591282,0.0545020054166667,0.0207086806666667,0.0601661218333333
"134",136,0.58625,0.335416666666667,0.41375,0.38,25.6867916666667,25.3831666666667,25.7538333333333,23.684875,0.0415495468333333,0.0526092510833333,0.0191063398333333,0.0577192349166667
"135",137,0.557083333333333,0.34,0.455652173913043,0.483571428571429,26.4453333333333,25.9560416666667,26.445375,24.510625,0.0422823140833333,0.0531179679166667,0.01930566275,0.0582550508333333
"136",138,0.575652173913043,0.360869565217391,0.495217391304348,0.495714285714286,27.7501739130435,26.9093043478261,26.8174347826087,25.5438695652174,0.042529675826087,0.0529953588695652,0.0197116024347826,0.0587541974782609
"137",139,0.559166666666667,0.362083333333333,0.494583333333333,0.497857142857143,28.6324583333333,27.4902916666667,27.2984166666667,26.25325,0.0428261989166667,0.0532131596666667,0.0196809609166667,0.0587883381666667
"138",140,0.52125,0.37125,0.46125,0.509333333333333,29.1500833333333,28.3285,27.8630416666667,27.8877916666667,0.0427653020833333,0.0534730130833333,0.0199263014166667,0.0588392655
"139",141,0.5925,0.398333333333333,0.54875,0.510555555555556,30.8742083333333,29.867625,29.6628333333333,29.67575,0.0436065014166667,0.0538920689166667,0.0206373171666667,0.0596673553333333
"140",142,0.679583333333333,0.419166666666667,0.591666666666667,0.453809523809524,32.0377083333333,30.8747083333333,30.6644583333333,30.4152083333333,0.0438819501666667,0.0541333274166667,0.0208558725833333,0.059379016
"141",143,0.70375,0.444583333333333,0.617916666666667,0.48952380952381,32.9675,31.7213333333333,31.4220416666667,31.1765,0.0443309049166667,0.0544905705833333,0.02129052375,0.0597929431666667
"142",144,0.74375,0.46,0.62125,0.455217391304348,33.58025,32.4496666666667,32.15075,31.938125,0.0442731480833333,0.0546971678333333,0.0213190358333333,0.05970376975
"143",145,0.786666666666667,0.45375,0.611666666666667,0.422173913043478,32.537375,31.9284583333333,31.8702916666667,30.9132083333333,0.0433816755833333,0.0536683944166667,0.0208006539166667,0.0585669663333333
"144",146,0.701739130434783,0.427826086956522,0.553913043478261,0.376842105263158,31.6136956521739,30.9959565217391,31.1233913043478,29.7841739130435,0.0426935884347826,0.0529386950434783,0.0204563715652174,0.0573128886956522
"145",147,0.63375,0.390833333333333,0.52875,0.523571428571429,32.0159583333333,31.2584166666667,31.2152083333333,30.1676666666667,0.0429182245,0.0530903978333333,0.0203903805,0.0574889045
"146",148,0.56875,0.394583333333333,0.485416666666667,0.46375,32.0562916666667,31.5894583333333,31.0514583333333,31.0192916666667,0.0428271409166667,0.0528780439166667,0.0199276359166667,0.0577228363333333
"147",149,0.574166666666667,0.395833333333333,0.490833333333333,0.415,31.790125,31.4842083333333,31.2996666666667,31.2342916666667,0.0423223133333333,0.0524399483333333,0.0195901128333333,0.0573173086666667
"148",150,0.557083333333333,0.429583333333333,0.520833333333333,0.372916666666667,29.9062916666667,29.7654166666667,26.9404166666667,29.8402916666667,0.0413067968333333,0.0515010025,0.04132284325,0.0565306049166667
"149",151,0.517083333333333,0.394583333333333,0.483333333333333,0.350952380952381,30.4898333333333,30.5615833333333,27.909125,30.3395833333333,0.04277945825,0.0533727545833333,0.0650675956666667,0.0580921423333333
"150",152,0.485833333333333,0.367083333333333,0.421666666666667,0.421538461538462,29.2094166666667,29.7871666666667,27.250875,29.1975,0.04175538525,0.0523293016666667,0.0623260466666667,0.05676516475
"151",153,0.505,0.378333333333333,0.517083333333333,0.475555555555556,31.57925,31.434875,29.5937083333333,31.4065416666667,0.0434294629166667,0.0534458878333333,0.05579651975,0.0583458204166667
"152",154,0.56,0.412916666666667,0.549583333333333,0.394347826086957,33.8106666666667,33.0935416666667,32.0376666666667,33.4812916666667,0.0446696055,0.0546169434166667,0.0430496998333333,0.05982577275
"153",155,0.595416666666667,0.420416666666667,0.537083333333333,0.399565217391304,33.9042083333333,33.1616666666667,32.6175,33.2922083333333,0.0446421400833333,0.0546495113333333,0.0357899648333333,0.0597154139166667
"154",156,0.658695652173913,0.426521739130435,0.586521739130435,0.415217391304348,34.3517826086957,33.5206086956522,33.3256956521739,33.6003043478261,0.0445807837391304,0.0544615419130435,0.0321270877391304,0.0600557306956522
"155",157,0.685833333333333,0.44375,0.59125,0.405,35.3685416666667,34.318375,34.35525,34.3016666666667,0.0454246405833333,0.05515580425,0.0309136128333333,0.06036403175
"156",158,0.870833333333333,0.710416666666667,0.824166666666667,0.4675,30.320875,29.848125,29.9487916666667,29.2341666666667,0.0424608798333333,0.053180863,0.0283193220833333,0.0579019515833333
"157",159,0.60125,0.448333333333333,0.583333333333333,0.355833333333333,31.862375,31.0366666666667,31.2902083333333,30.4987083333333,0.0478107710833333,0.0583782051666667,0.03294886825,0.0671543610833333
"158",160,0.625,0.405416666666667,0.537916666666667,0.414444444444444,34.1346666666667,33.014625,33.3805,32.9090416666667,0.0482328099166667,0.0574883026666667,0.0323121728333333,0.0659091351666667
"159",161,0.62125,0.40125,0.530416666666667,0.297727272727273,34.5945416666667,33.7507083333333,33.8404166666667,32.8195416666667,0.0471272041666667,0.0559474011666667,0.0302961926666667,0.06225006125
"160",162,0.6,0.39125,0.532083333333333,0.327058823529412,33.4947916666667,32.6796666666667,32.861875,31.6199583333333,0.0455083975,0.0535707691666667,0.0280595375833333,0.0587719935833333
"161",163,0.619166666666667,0.392083333333333,0.545833333333333,0.323809523809524,34.0482083333333,33.3271666666667,33.4855,32.2107916666667,0.0455983559166667,0.0539851935,0.0279672241666667,0.05894497625
"162",164,0.587916666666667,0.3925,0.555,0.422941176470588,34.4820416666667,33.6024166666667,33.5936666666667,32.6640416666667,0.0456527895833333,0.0536260925,0.0282712635,0.05881708575
"163",165,0.592916666666667,0.410416666666667,0.544583333333333,0.4925,34.8236666666667,34.1377083333333,33.9092916666667,33.3768333333333,0.0453807686666667,0.0534426431666667,0.0279314115833333,0.0581655634166667
"164",166,0.618333333333333,0.4025,0.585833333333333,0.492941176470588,35.5549166666667,34.849,34.719,34.1844583333333,0.045202291,0.0532385055833333,0.027960447,0.0579857774166667
"165",167,0.652916666666667,0.4375,0.628333333333333,0.459,46.6172727272727,44.6263636363636,39.91,42.3218181818182,0.0291132822727273,0.027809369,0.0346379936666667,0.0408483044545455
"166",168,0.66875,0.43375,0.655,0.4,38.7270833333333,36.65,43.9277777777778,34.8591666666667,0.0273537883333333,0.0259343085416667,0.0383242164444444,0.0388629281666667
"167",169,0.684166666666667,0.445833333333333,0.698333333333333,0.399583333333333,39.8925,37.6979166666667,46.576,36.3725,0.02789711275,0.0266651635,0.0394945702,0.0396317359583333
"168",170,0.698333333333333,0.464583333333333,0.71375,0.437826086956522,40.7725,38.7554166666667,43.917,38.5054166666667,0.0284033605833333,0.02719616075,0.0388454973,0.0407167389583333
"169",171,0.76125,0.541666666666667,0.7475,0.510416666666667,41.41375,40.3604166666667,45.19875,41.0729166666667,0.0303341984166667,0.0286611692083333,0.041021258875,0.042662256
"170",172,1.25304347826087,0.99695652173913,1.25260869565217,0.71,33.7873913043478,32.915652173913,36.4877777777778,32.7065217391304,0.082229393,0.091541261826087,0.0817472825555556,0.075068399173913
"171",173,1.67090909090909,1.25681818181818,1.61818181818182,0.891818181818182,33.9213636363636,32.3904545454545,41.6075,32.0404545454545,0.123989274909091,0.146306730818182,0.16311345925,0.11077873
"172",174,1.155,0.812916666666667,0.968333333333333,0.604166666666667,36.8045833333333,34.9108333333333,36.9090909090909,33.96,0.0857880001666667,0.13273556975,0.136120598727273,0.0922862739166667
"173",175,1.03333333333333,0.678333333333333,0.83,0.519583333333333,38.9165217391304,37.0447826086957,38.132,36.4091304347826,0.0669274673043478,0.104306954347826,0.1058194808,0.0752326572173913
"174",176,0.794782608695652,0.55625,0.7075,0.483125,45.80625,43.52125,43.922,43.24125,0.0715761,0.08937660425,0.0905509084,0.06751976975
"175",177,2.46875,2.15541666666667,2.88,5.7,30.5470588235294,30.0641176470588,32.638,30.4305882352941,0.164322516705882,0.193396605294118,0.1900142758,0.150781508588235
"176",178,2.81708333333333,2.38666666666667,3.10416666666667,NA,32.98875,31.75875,38.2371428571429,31.0333333333333,0.139997675541667,0.172669137458333,0.175361660285714,0.139398346333333
"177",179,2.76,1.94826086956522,2.61434782608696,NA,34.0791304347826,32.6469565217391,38.7314285714286,31.5352173913043,0.10305792273913,0.150603058956522,0.156584306285714,0.125290325652174
"178",180,2.6075,1.70291666666667,2.42125,NA,36.0870833333333,34.36,40.5657142857143,32.91625,0.073598876375,0.122773813708333,0.133906942,0.107348962
"179",181,2.34083333333333,1.455,2.12958333333333,NA,36.36,34.3395833333333,40.85125,33.2708333333333,0.060728480625,0.095879506,0.10729124075,0.089981592625
"180",182,2.13916666666667,1.27416666666667,1.91958333333333,NA,37.5420833333333,35.2395833333333,44.4371428571429,34.3045833333333,0.0557746449583333,0.0780942313333333,0.0904868075714286,0.076659689
"181",183,1.80041666666667,1.07666666666667,1.59916666666667,NA,34.5277272727273,33.0722727272727,40.1555555555556,32.1677272727273,0.0520636586818182,0.0681303535,0.082449812,0.0692309957272727
"182",184,1.359,0.771904761904762,1.28421052631579,NA,34.677619047619,32.8852380952381,44.8471428571429,31.4738095238095,0.0796417263333333,0.0973154236666667,0.0884770304285714,0.0893906484761905
"183",185,2.52583333333333,2.32833333333333,2.82826086956522,NA,28.9933333333333,28.3795833333333,34.5516666666667,28.04375,0.180763316791667,0.214807337375,0.211830928333333,0.165112915375
"184",186,2.8575,3.08375,3.1275,NA,32.5954166666667,31.2566666666667,33.275,30.89875,0.140313508083333,0.178336425666667,0.18161257425,0.144643528708333
"185",187,2.66958333333333,3.16375,3.18541666666667,NA,35.1025,33.2754166666667,38.1225,33.7845833333333,0.105802102583333,0.161430388166667,0.174760755,0.134724722
"186",188,2.87583333333333,3.05541666666667,2.96833333333333,1.73545454545455,34.8675,33.6108333333333,35.8238461538462,34.6995833333333,0.0760075557083333,0.135297778708333,0.152544373846154,0.118961203708333
"187",189,2.91125,2.9225,2.81833333333333,1.45083333333333,35.0041666666667,33.975,32.5625,35.15,0.0646611305,0.112317782,0.136243586208333,0.103212589
"188",190,1.91708333333333,2.01333333333333,1.725,1.21041666666667,29.3708333333333,28.5916666666667,28.34375,29.15,0.116095135083333,0.144036539875,0.141487807208333,0.124193033791667
"189",191,3.13696428571429,2.62345454545455,2.86175438596491,1.46333333333333,27.8327586206897,27.2586206896552,27.2068965517241,27.2396551724138,0.162083693896552,0.181614845327586,0.165138504137931,0.146273330327586
"190",192,3.57521739130435,2.92608695652174,3.49695652173913,1.48869565217391,30.604347826087,29.7478260869565,29.395652173913,29.2782608695652,0.157125793652174,0.18419611126087,0.17015441573913,0.146877905130435
"191",193,1.64695652173913,1.4395652173913,1.73333333333333,0.748095238095238,25.9809523809524,25.652380952381,25.3444444442857,25.4190476190476,0.158583549761905,0.183162552190476,0.183039204285714,0.150816093809524
"192",194,2.3355,1.974,2.47105263157895,1.331875,26.8191304347826,26.3139130434783,26.901,26.0073913043478,0.187016542695652,0.206929380434783,0.21542094955,0.169747928347826
"193",195,2.46333333333333,2.34782608695652,2.45260869565217,1.0395652173913,27.6573913043478,27.5791304347826,27.4685714285714,27.6634782608696,0.178947120130435,0.205913010434783,0.220454010428571,0.169661200304348
"194",196,2.16666666666667,3.38272727272727,3.17434782608696,1.49869565217391,29.6439130434783,30.1791304347826,31.2311111111111,30.5569565217391,0.145371522652174,0.18025941026087,0.190305311222222,0.154532816521739
"195",197,1.05,2.64181818181818,2.58347826086957,1.46086956521739,26.4469565217391,26.9478260869565,26.423,27.184347826087,0.131126505,0.171060170347826,0.1752988135,0.145221263217391
"196",198,1.94777777777778,1.89631578947368,2.1205,0.995714285714286,25.1539130434783,25.2678260869565,25.1890909090909,25.004347826087,0.159301653478261,0.191649617782609,0.195805996045455,0.155661543521739
"197",199,1.055,2.98368421052632,2.97272727272727,1.45863636363636,26.63,27.4116666666667,27.511,27.5966666666667,0.169861354375,0.197368705875,0.2104256868,0.164899442041667
"198",200,1.255,3.38454545454545,3.22833333333333,1.49291666666667,25.9683333333333,26.495,27.5125,26.4991666666667,0.140516575958333,0.173243262583333,0.1872279566875,0.150168948916667
"199",201,0.27,3.4247619047619,3.50909090909091,1.69181818181818,24.4290909090909,24.2581818181818,24.6457142857143,24.16,0.128694055545455,0.162941046545455,0.174073909428571,0.142224468545455
"200",202,0.81,2.82217391304348,3.20708333333333,1.54333333333333,NA,NA,NA,NA,NA,NA,NA,NA
"201",203,NA,2.179,2.62695652173913,1.27826086956522,NA,NA,NA,NA,NA,NA,NA,NA
"202",204,0.81,1.89333333333333,2.62869565217391,1.32608695652174,NA,NA,NA,NA,NA,NA,NA,NA
"203",205,1.51666666666667,2.58954545454545,3.50454545454545,1.56909090909091,NA,NA,NA,NA,NA,NA,NA,NA
"204",206,2.15833333333333,2.88,3.57521739130435,1.77217391304348,NA,NA,NA,NA,NA,NA,NA,NA
"205",207,0.802142857142857,1.91347826086957,2.57190476190476,1.31333333333333,NA,NA,NA,NA,NA,NA,NA,NA
"206",208,1.021875,1.67727272727273,1.92608695652174,1.08380952380952,NA,NA,NA,NA,NA,NA,NA,NA
"207",209,1.18,1.83761904761905,2.19666666666667,1.56214285714286,NA,NA,NA,NA,NA,NA,NA,NA
"208",210,0.798333333333333,1.26347826086957,1.63285714285714,0.644545454545455,NA,NA,NA,NA,NA,NA,NA,NA
"209",211,1.58875,2.34045454545455,3.01045454545455,1.39409090909091,NA,NA,NA,NA,NA,NA,NA,NA
"210",212,1.64470588235294,3.5,4.17391304347826,1.94260869565217,NA,NA,NA,NA,NA,NA,NA,NA
"211",213,0.941875,1.20315789473684,1.55142857142857,1.09555555555556,NA,NA,NA,NA,NA,NA,NA,NA
"212",214,1.39857142857143,1.72291666666667,2.76047619047619,1.48,27.3384615384615,27.5923076923077,28.046,28.2461538461538,0.205422810384615,0.234176590923077,0.2410492362,0.195877396384615
"213",215,1.65714285714286,2.52,2.5825,1.33916666666667,26.5041666666667,26.6683333333333,27.6377777777778,26.9841666666667,0.192077001791667,0.219754711833333,0.232645660055556,0.185151658083333
"214",216,1.52941176470588,3.46125,3.66583333333333,1.99041666666667,28.1733333333333,26.845,27.3180952380952,27.5366666666667,0.167173286916667,0.194877707833333,0.206426804333333,0.168451140583333
"215",217,2.06421052631579,3.75041666666667,4.06666666666667,2.33458333333333,30.3933333333333,28.8283333333333,29.7589473684211,29.5575,0.146419656041667,0.17703711225,0.190651523,0.160101842791667
"216",218,1.975,3.90541666666667,4.16625,2.56541666666667,30.9058333333333,29.6991666666667,28.9817391304348,30.3975,0.119820586416667,0.156276157041667,0.17431939273913,0.152111481041667
"217",219,2.09421052631579,3.95791666666667,3.97875,2.66458333333333,30.8616666666667,30.0725,29.3872727272727,30.7316666666667,0.0967722484166667,0.135932488583333,0.159841321909091,0.138520262041667
"218",220,2.18052631578947,3.91375,3.89041666666667,2.90708333333333,32.4016666666667,31.2483333333333,30.7038095238095,31.6258333333333,0.0822597632916667,0.117410789791667,0.147061694619048,0.123171946208333
"219",221,1.54266666666667,3.76375,3.68333333333333,2.93458333333333,30.5916666666667,29.8608333333333,28.6609090909091,30.8416666666667,0.07348233275,0.101560835916667,0.132375418909091,0.110285167208333
"220",222,1.29529411764706,2.63375,2.72913043478261,1.98375,29.6325,28.9691666666667,28.6172727272727,29.3558333333333,0.116286671291667,0.12307630775,0.130061068636364,0.125898204791667
"221",223,1.21866666666667,3.05136363636364,3.50791666666667,2.22083333333333,27.6666666666667,27.5125,28.22,28.7716666666667,0.184525370125,0.188954097,0.175298603842105,0.170795092166667
"222",224,1.82357142857143,3.16791666666667,3.53166666666667,2.3225,29.64,28.4633333333333,29.59,29.235,0.163808545833333,0.169562698625,0.17262701045,0.160640391958333
"223",225,1.19666666666667,1.45791666666667,1.91521739130435,1.17863636363636,25.9375,25.2933333333333,25.645,25.3216666666667,0.196414418833333,0.203240148541667,0.2158841352,0.185871288541667
"224",226,1.39615384615385,2.72916666666667,2.75,1.86916666666667,27.18,25.9266666666667,26.67,25.8391666666667,0.169822583166667,0.183356571291667,0.194362234090909,0.166286978
"225",227,1.59666666666667,3.13333333333333,3.14208333333333,2.22875,28.2841666666667,27.1616666666667,27.4790476190476,27.935,0.151412845291667,0.170102194125,0.182941991714286,0.159089175
"226",228,1.7,3.21909090909091,3.19904761904762,2.33545454545455,27.3645454545455,26.6990909090909,28.24,27.6609090909091,0.12686636,0.152468446681818,0.169760392,0.148129821727273
"227",229,1.52818181818182,3.41708333333333,3.53541666666667,2.57208333333333,29.1308333333333,29.2508333333333,31.2944444444444,30.085,0.103422162791667,0.133412186916667,0.156670386777778,0.137546655875
"228",230,1.686,3.43625,3.58875,2.68958333333333,29.7183333333333,29.7225,30.347,30.3491666666667,0.085809817375,0.115207873333333,0.1415581306,0.12265253525
"229",231,1.63,3.22541666666667,3.40541666666667,2.5325,28.8858333333333,27.9475,28.419,28.4441666666667,0.0766753720833333,0.101400231166667,0.1289656988,0.111031923875
"230",232,1.35142857142857,2.88375,3.21166666666667,2.44666666666667,27.275,27.1325,27.3666666666667,27.82,0.0752892687083333,0.09904643525,0.123531157666667,0.108909809541667
"231",233,1.42875,2.85291666666667,3.22916666666667,2.46666666666667,29.2408333333333,28.3708333333333,30.7270588235294,29.3966666666667,0.0732360239583333,0.0963092025833333,0.120560139176471,0.10561725275
"232",234,1.54181818181818,3.02391304347826,3.3025,2.62416666666667,31.9866666666667,30.8358333333333,30.7390476190476,31.6983333333333,0.0704489675,0.0907636264583333,0.109788319333333,0.0997327885
"233",235,2.04625,2.68291666666667,2.97041666666667,2.16083333333333,27.9641666666667,26.6158333333333,28.1477777777778,27.7866666666667,0.0675716900416667,0.082873731,0.101138726777778,0.092770659
"234",236,1.96277777777778,2.94304347826087,3.01608695652174,2.41434782608696,26.2973913043478,25.7330434782609,27.32,27.1895652173913,0.104972241956522,0.108170171173913,0.117072914277778,0.105595313695652
"235",237,1.10117647058824,2.24666666666667,2.29782608695652,1.86333333333333,27.0625,25.6566666666667,27.31,27.1183333333333,0.121967307083333,0.119641450083333,0.1338920327,0.112935021166667
"236",238,1.51705882352941,2.43478260869565,2.99,2.47458333333333,25.8791666666667,25.6075,26.5544444444444,27.25,0.157436631125,0.1359990325,0.161209879833333,0.126985181791667
"237",239,1.25285714285714,2.88416666666667,2.97875,2.42833333333333,27.7541666666667,27.1183333333333,27.966,28.4866666666667,0.128787966583333,0.128011368083333,0.1511295804,0.12571063525
"238",240,1.13933333333333,2.90583333333333,2.9075,2.41208333333333,28.9541666666667,28.5041666666667,30.9082352941176,29.9483333333333,0.0985890437916667,0.112696878291667,0.138339827647059,0.115952355333333
"239",241,1.22529411764706,3.12666666666667,2.83875,2.39916666666667,29.9716666666667,29.5716666666667,30.1819047619048,31.0408333333333,0.0784578896666667,0.0951269622916667,0.119778357190476,0.102526397541667
"240",242,1.124375,2.81041666666667,2.71,2.32333333333333,30.0483333333333,29.7466666666667,30.0514285714286,31.2325,0.0689680992083333,0.08352128125,0.10565791347619,0.093859387375
"241",243,1.03444444444444,2.66208333333333,2.60333333333333,2.20041666666667,29.8625,29.4316666666667,31.6344444444444,31.2083333333333,0.063410615375,0.076251510375,0.0962443689444445,0.0883848182916667
"242",244,1.14846153846154,2.59208333333333,2.57791666666667,2.20833333333333,30.2525,29.72,30.7095238095238,31.5991666666667,0.0606245461666667,0.072022584625,0.0898760594761905,0.08494545875
"243",245,0.827272727272727,2.26666666666667,2.27875,1.97708333333333,25.8366666666667,25.9125,25.6490909090909,27.2858333333333,0.0571164695833333,0.0671837802083333,0.0839579427727273,0.0799606802916667
"244",246,1.06923076923077,2.3025,2.29416666666667,2.04958333333333,30.8541666666667,29.8908333333333,29.987619047619,31.2733333333333,0.0606298518333333,0.0704719622916667,0.0861221434761905,0.0832564548333333
"245",247,1.22583333333333,2.30434782608696,2.27166666666667,1.92375,30.9675,29.9891666666667,30.7736363636364,31.1308333333333,0.05896763875,0.068472167625,0.0835944892272727,0.0812090805833333
"246",248,1.14,2.24416666666667,2.23333333333333,1.95083333333333,30.7258333333333,30.0666666666667,31.508,31.9483333333333,0.0572392615416667,0.0668331065833333,0.081501886,0.0803852384166667
"247",249,1.10266666666667,2.05958333333333,2.13583333333333,1.81,30.7883333333333,30.0566666666667,31.6336842105263,32.2225,0.0563841867083333,0.0654785455416667,0.0797302283157895,0.0789888596666667
"248",250,0.81,2.03125,2.08791666666667,1.74,30.9583333333333,29.9366666666667,32.1757894736842,31.9875,0.0559764612083333,0.0645419643333333,0.0790144406842105,0.0776396980416667
"249",251,0.985454545454545,1.96208333333333,2.025,1.58375,29.1216666666667,28.345,29.764,29.8941666666667,0.0558027839583333,0.06339230375,0.07686598025,0.0757775510416667
"250",252,0.846,1.95125,1.99333333333333,1.49541666666667,28.1883333333333,26.95,29.282,28.9291666666667,0.0585991495416667,0.065103035,0.0782983023,0.0769390703333333
"251",253,0.679285714285714,1.91625,1.97625,1.50166666666667,30.2591666666667,29.7333333333333,31.14,31.4583333333333,0.0579556128333333,0.0665382099166667,0.07812424445,0.077895310375
"252",254,0.872,1.71958333333333,1.94041666666667,1.50333333333333,30.5391666666667,29.5525,31.8231578947368,31.94,0.0561803626666667,0.0644549814583333,0.0770549166842105,0.0765699045
"253",255,0.756923076923077,1.70166666666667,1.94,1.445,31.3433333333333,30.2266666666667,32.0914285714286,32.9758333333333,0.05512904925,0.063618417,0.0755880119047619,0.0759830815
"254",256,1.04363636363636,1.67392857142857,1.9075,1.33214285714286,30.4657142857143,29.5942857142857,31.5269565217391,31.3385714285714,0.0537639941785714,0.0618891155357143,0.073859936,0.0735626982857143
"255",257,0.811818181818182,1.62458333333333,1.87083333333333,1.26916666666667,30.295,29.32,32.276,31.315,0.0543021687083333,0.0619400249166667,0.0745011611,0.073757060625
"256",258,0.723636363636364,1.50125,1.68291666666667,1.24375,28.7375,27.5741666666667,31.61,29.7916666666667,0.0537282988333333,0.0608786914166667,0.0740017117222222,0.07256192725
"257",259,0.887,1.42958333333333,1.62833333333333,1.05666666666667,28.3875,27.3816666666667,29.7636363636364,29.825,0.0537911999583333,0.0610753380833333,0.0723495483181818,0.0725390054583333
"258",260,0.668461538461538,1.37708333333333,1.54958333333333,1.06708333333333,27.9091666666667,26.7141666666667,30.2263157894737,29.2833333333333,0.0530893295,0.060194007125,0.072181673,0.0716212934583333
"259",261,0.702,1.37347826086957,1.46875,1.00833333333333,28.2783333333333,27.0041666666667,31.5433333333333,29.6608333333333,0.053246696375,0.0604898035,0.0729447581666667,0.0717147976666667
"260",262,0.683333333333333,1.38791666666667,1.49,0.982083333333333,27.6541666666667,26.8758333333333,29.578,29.0083333333333,0.0530818263333333,0.060413697,0.07139170695,0.071144003875
"261",263,0.685,1.33458333333333,1.42208333333333,0.946666666666667,28.2283333333333,27.3666666666667,30.633,29.6616666666667,0.053524962625,0.0608737195833333,0.0721016046,0.07165746425
"262",264,1.41666666666667,1.34916666666667,1.39208333333333,0.897916666666667,28.7558333333333,27.66,31.149,30.2208333333333,0.053431953625,0.060865237875,0.072361803,0.071566888375
"263",265,1.61083333333333,1.30291666666667,1.32708333333333,0.825,28.115,26.8925,32.2647058823529,29.4341666666667,0.0520073240416667,0.059627269,0.0723288758235294,0.07013478925
"264",266,1.40291666666667,1.2225,1.24125,0.718333333333333,25.0383333333333,24.385,27.2526315789474,26.5683333333333,0.050253499625,0.057695405125,0.0685240746315789,0.0678457681666667
"265",267,1.19541666666667,1.08458333333333,1.11166666666667,0.6875,24.925,23.7283333333333,27.547,26.8016666666667,0.0494278535833333,0.0567876638333333,0.06785938595,0.067506420625
"266",268,1.07416666666667,1.02416666666667,1.01444444444444,0.626111111111111,22.6033333333333,21.5961111111111,27.5075,24.505,0.0469237540555556,0.0544725517777778,0.06693886175,0.0647608371944444
"267",269,1.09333333333333,1.04708333333333,1.005,0.618333333333333,24.5025,23.4741666666667,29.07375,26.7316666666667,0.0477361047916667,0.055592601625,0.067712802875,0.0658626810833333
"268",270,1.12458333333333,1.00958333333333,1.02541666666667,0.65125,25.6416666666667,24.805,28.3515789473684,27.5841666666667,0.0484375085416667,0.05649437275,0.0669001429473684,0.06611864475
"269",271,1.06,0.99,0.98375,0.6325,25.2541666666667,24.2516666666667,28.6322222222222,27.2533333333333,0.0486915040833333,0.056345731375,0.0675020153888889,0.0659709816666667
"270",272,1.13583333333333,1.05208333333333,1.06083333333333,0.669166666666667,26.9875,25.7725,28.72,28.8725,0.0515529111666667,0.0586763084583333,0.06847288135,0.0680875223333333
"271",273,1.12608695652174,1.03125,1.03083333333333,0.6275,26.8008333333333,25.5508333333333,27.7933333333333,28.3375,0.0515547387083333,0.058704001875,0.0679932283333333,0.0679979929166667
"272",274,1.08625,0.991666666666667,0.973333333333333,0.615,25.8475,25.115,28.9922222222222,27.975,0.049453814375,0.0573719867916667,0.0680187041111111,0.0668451675416667
"273",275,1.13666666666667,0.96875,0.956666666666667,0.52625,25.1958333333333,24.7991666666667,28.2129411764706,27.265,0.048445975,0.056386963125,0.0666275368823529,0.065686992375
"274",276,0.954166666666667,0.913333333333333,0.942916666666667,0.56125,25.4608333333333,24.6241666666667,27.9329411764706,27.7966666666667,0.0482607914583333,0.055930516375,0.0658959360588235,0.06578871325
"275",277,0.974166666666667,0.9175,0.951666666666667,0.61875,26.5425,25.545,28.3442105263158,28.2508333333333,0.0496524904166667,0.05694625425,0.0666293245789474,0.06626330125
"276",278,1.13045454545455,1.13772727272727,1.12954545454545,0.696363636363636,26.3090909090909,24.9854545454545,29.9692307692308,27.8290909090909,0.0518170795,0.0581547097272727,0.0697451803846154,0.0674372992727273
"277",279,1.00083333333333,0.993333333333333,0.964166666666667,0.5575,25.3241666666667,24.65,27.9870588235294,27.5066666666667,0.0538202626666667,0.0609100437916667,0.0716288042941177,0.0700197007083333
"278",280,0.834166666666667,0.824166666666667,0.796666666666667,0.45375,23.6366666666667,24.0275,25.4422222222222,26.3516666666667,0.048392382625,0.05740490675,0.0664102182222222,0.0662537879583333
"279",281,0.914583333333333,0.807916666666667,0.802083333333333,0.473333333333333,23.3525,23.8433333333333,25.887,25.5675,0.0464854157083333,0.0549506079166667,0.06471272105,0.06386088475
"280",282,0.847916666666667,0.755416666666667,0.7825,0.451666666666667,23.2108333333333,23.3875,26.2741176470588,25.3975,0.0468113523333333,0.0543371083333333,0.0648361514705882,0.06351005425
"281",283,0.77625,0.733333333333333,0.767916666666667,0.4075,22.6825,22.81,24.255,25.5333333333333,0.0463461565416667,0.0539334075416667,0.0628724538,0.0634928152083333
"282",284,0.789166666666667,0.747916666666667,0.815833333333333,0.468333333333333,24.1008333333333,23.81,25.651,26.63,0.047667421625,0.054960342125,0.06415609075,0.0642258123333333
"283",285,0.865,0.831666666666667,0.8925,0.52375,25.165,24.8808333333333,26.4733333333333,26.8375,0.0492054667916667,0.0562400016666667,0.0652373122380952,0.064757227625
"284",286,0.812083333333333,0.74875,0.748333333333333,0.447083333333333,24.3616666666667,23.875,25.5245454545455,26.0725,0.049631801375,0.0564269590416667,0.0652242990454545,0.0654460483333333
"285",287,0.7875,0.727916666666667,0.77625,0.437083333333333,25.0591666666667,24.7266666666667,27.5568421052632,27.2441666666667,0.0494225939583333,0.0566305615416667,0.066329930631579,0.0658807583333333
"286",288,0.753333333333333,0.694583333333333,0.724583333333333,0.4,23.9191666666667,24.0033333333333,26.67,26.7133333333333,0.0471263180416667,0.0548138365,0.0644491679444444,0.0642919500833333
"287",289,0.72375,0.693333333333333,0.698333333333333,0.430833333333333,23.635,23.8616666666667,27.1575,26.9508333333333,0.046836292375,0.0545758934583333,0.0647788120625,0.0640913517083333
"288",290,0.745416666666667,0.711666666666667,0.712083333333333,0.47375,24.5266666666667,24.2941666666667,25.4527272727273,26.9225,0.048435215375,0.0554809125416667,0.0639922896363636,0.0643623734583333
"289",291,0.755,0.712083333333333,0.695,0.429166666666667,25.4233333333333,25.32,26.587,27.7108333333333,0.0492381342083333,0.0565472081666667,0.0651035233,0.06531675725
"290",292,0.696666666666667,0.659583333333333,0.652083333333333,0.37375,23.1191666666667,22.9775,25.26,25.0625,0.0470478130416667,0.05415898475,0.0637401925882353,0.0628880432916667
"291",293,0.729166666666667,0.639583333333333,0.66375,0.362916666666667,23.0391666666667,22.9458333333333,26.5588235294118,25.4266666666667,0.0468770207916667,0.0540514505,0.0645338030588235,0.0630743340416667
"292",294,0.629583333333333,0.5825,0.584583333333333,0.313913043478261,21.6291666666667,21.76,23.7705263157895,23.9825,0.0462155537916667,0.053263485625,0.0622700414736842,0.0619129070416667
"293",295,0.555833333333333,0.55125,0.552083333333333,0.383888888888889,20.7241666666667,21.235,25.276,24.205,0.04511819525,0.05264434425,0.0633126114,0.06185970975
"294",296,0.538947368421053,0.566315789473684,0.551052631578947,0.293888888888889,18.8157894736842,18.9968421052632,20.095,21.8610526315789,0.0428533900526316,0.0499693608947368,0.0584825279166667,0.0592109309473684
"295",297,0.585833333333333,0.589583333333333,0.555833333333333,0.32304347826087,21.5516666666667,22.1633333333333,22.3739130434783,25.1391666666667,0.0443177439583333,0.0521617670416667,0.0598514716086957,0.0613157766666667
"296",298,0.551666666666667,0.55,0.5125,0.314090909090909,20.5858333333333,21.1575,22.6388235294118,24.2258333333333,0.0443168722083333,0.0516439439583333,0.0603673497058824,0.0607922805416667
"297",299,0.57625,0.529166666666667,0.509166666666667,0.352777777777778,20.6675,21.315,22.4178947368421,23.4791666666667,0.0443749319166667,0.0517781414583333,0.0603402788947368,0.0602203104583333
"298",300,0.525,0.5175,0.483333333333333,0.379375,20.2808333333333,21.1775,21.914,23.0608333333333,0.0438126979166667,0.0513021133333333,0.0597846693,0.059730619625
"299",301,0.526190476190476,0.49,0.46625,0.364117647058824,19.9591666666667,20.7025,23.4013333333333,23.0775,0.0435423595,0.0506449995833333,0.0608547174666667,0.0595777341666667
"300",302,0.532083333333333,0.502916666666667,0.471666666666667,0.347647058823529,20.3766666666667,20.71,22.6035294117647,23.0433333333333,0.0439015742083333,0.0506640599166667,0.0601615980588235,0.0594567304583333
"301",303,0.52875,0.514166666666667,0.489583333333333,0.351764705882353,19.0658333333333,19.4683333333333,21.544,21.0541666666667,0.0432385373333333,0.049859993375,0.0597584738666667,0.0580832633333333
"302",304,0.643333333333333,0.70375,0.594583333333333,0.359166666666667,17.1741666666667,17.5208333333333,18.8164705882353,19.2841666666667,0.047223182875,0.0540230604583333,0.0608017322352941,0.0628780453333333
"303",305,0.47,0.448333333333333,0.408333333333333,0.401818181818182,17.5641666666667,17.8866666666667,20.05125,20.1033333333333,0.0480803730416667,0.05678434725,0.062218163375,0.0655025165
"304",306,0.442916666666667,0.408333333333333,0.409583333333333,0.364166666666667,17.5583333333333,18.0283333333333,19.3811111111111,20.1158333333333,0.04654127475,0.0552486582083333,0.0608035513888889,0.063362710875
"305",307,0.424814814814815,0.418148148148148,0.393333333333333,0.337333333333333,17.3785185185185,17.8192592592593,19.251,20.0177777777778,0.0456980868148148,0.0534804237777778,0.06013410325,0.0616861902222222
"306",308,0.434583333333333,0.424166666666667,0.429583333333333,0.26,17.9416666666667,18.185,18.78875,19.0225,0.0459721728333333,0.0529596165416667,0.059675952125,0.060224805625
"307",309,0.433333333333333,0.4175,0.4,0.384166666666667,17.5425,18.33,19.0611111111111,20.0733333333333,0.0465497205833333,0.0535332374166667,0.0605170475555556,0.0614314334583333
"308",310,0.433333333333333,0.415,0.394583333333333,0.356666666666667,17.9491666666667,18.6116666666667,19.2433333333333,18.8066666666667,0.0461529772083333,0.0532974989583333,0.0597708146666667,0.0599518394666667
"309",311,0.469583333333333,0.432916666666667,0.470416666666667,0.302631578947368,19.0533333333333,19.2008333333333,20.6188235294118,NA,0.0468845662083333,0.0536879147083333,0.0603164111176471,NA
"310",312,0.695416666666667,1.01666666666667,0.832083333333333,0.48875,15.8091666666667,16.9833333333333,16.9,NA,0.0867068962916667,0.073828834625,0.0776974217647059,NA
"311",313,0.55375,0.645416666666667,0.532083333333333,0.313913043478261,15.9275,16.9516666666667,16.5452631578947,NA,0.0885765220833333,0.081491909625,0.0846378648947368,NA
"312",314,0.482916666666667,0.510416666666667,0.442916666666667,0.347058823529412,16.6166666666667,17.3666666666667,19.8446153846154,NA,0.0829963441666667,0.0814561990416667,0.0894135086153846,NA
"313",315,0.449166666666667,0.460833333333333,0.38375,0.325,16.7641666666667,17.7383333333333,18.3028571428571,NA,0.072739483625,0.0777037225416667,0.0839585512857143,NA
"314",316,0.4175,0.425,0.3925,0.338,16.9333333333333,17.7383333333333,18.6411111111111,NA,0.0634942647083333,0.0717295924583333,0.0790246854444445,NA
"315",317,0.434166666666667,0.409583333333333,0.397916666666667,0.354285714285714,17.8858333333333,18.3691666666667,20.2893333333333,NA,0.0587286209583333,0.066958365,0.0756406272666667,NA
"316",318,0.4275,0.405833333333333,0.3825,0.366923076923077,17.6433333333333,18.755,18.5776470588235,NA,0.0552186902083333,0.0630539739166667,0.0698067162941177,NA
"317",319,0.4025,0.38625,0.368333333333333,0.374166666666667,16.6525,17.6758333333333,18.41,NA,0.0516606229583333,0.0589570217916667,0.0669448222777778,NA
"318",320,0.404583333333333,0.36625,0.360416666666667,0.394545454545455,16.9916666666667,18.1558333333333,17.9975,NA,0.0499539057083333,0.0571183494166667,0.0643361951875,NA
"319",321,0.441666666666667,0.360833333333333,0.345416666666667,0.355454545454545,16.5316666666667,17.7125,18.4677777777778,NA,0.048208839375,0.05500340325,0.0631377726666667,NA
"320",322,0.36625,0.339583333333333,0.330833333333333,0.397,15.9216666666667,17.045,18.5685714285714,NA,0.0471334303333333,0.0536509321666667,0.0627030788571429,NA
"321",323,0.326304347826087,0.317916666666667,0.28875,0.39125,14.6175,15.6041666666667,16.2916666666667,NA,0.0456265795833333,0.0520803539166667,0.0601083498333333,NA
"322",324,0.307391304347826,0.291666666666667,0.277083333333333,0.39625,13.6625,14.4841666666667,15.4257142857143,NA,0.0444228244583333,0.0508639688333333,0.058918642,NA
"323",325,0.338297872340426,0.300833333333333,0.295833333333333,0.382222222222222,14.7333333333333,15.6525,15.372,NA,0.0447613476666667,0.0514555282083333,0.0584374246666667,NA
"324",326,0.316666666666667,0.304166666666667,0.299583333333333,0.4175,15.1075,15.8041666666667,15.9273684210526,NA,0.0444278633333333,0.0511452972083333,0.0582621073157895,NA
"325",327,0.330833333333333,0.30875,0.327083333333333,0.397,15.5783333333333,16.355,17.7533333333333,NA,0.044397041625,0.0511922867916667,0.0595482858,NA
"326",328,0.341666666666667,0.319166666666667,0.322083333333333,0.384,15.7516666666667,16.6825,16.8611111111111,NA,0.0443331139583333,0.0511677840416667,0.0584222403888889,NA
"327",329,0.329130434782609,0.327916666666667,0.314583333333333,0.427777777777778,15.9666666666667,17.1891666666667,17.64,NA,0.0442048530416667,0.05123458325,0.0589881197647059,NA
"328",330,0.351777777777778,0.312083333333333,0.332916666666667,0.357272727272727,16.3616666666667,17.0991666666667,18.16,NA,0.0442199439166667,0.05088894975,0.0591724493846154,NA
"329",331,0.303846153846154,0.283846153846154,0.319230769230769,0.42,13.7969230769231,13.6307692307692,14.9428571428571,NA,0.0421379084615385,0.0477363715384615,0.0560050192857143,NA
"330",354,0.305,0.37125,0.315,0.232,7.8,8.8825,8.92,NA,0.137085796375,0.138091453375,0.1480168448,NA
"331",355,0.2525,0.26875,0.268,0.29,5.535,6.12583333333333,4.90166666666667,NA,0.13080661725,0.130694797125,0.140512353083333,NA
"332",356,0.22625,0.204,0.267777777777778,0.116153846153846,2.52666666666667,3.5425,3.28,NA,0.115444793,0.115979016708333,0.1292765684,NA
"333",357,0.272142857142857,0.232,0.331428571428571,0.355555555555556,5.16583333333333,5.80583333333333,6.00666666666667,NA,0.119885397583333,0.120239030375,0.132691501833333,NA
"334",358,0.247619047619048,0.259166666666667,0.323684210526316,0.389,7.1975,8.2125,7.17473684210526,NA,0.119150835333333,0.117477606125,0.131036615736842,NA
"335",359,0.262173913043478,0.26,0.2955,0.369090909090909,8.0125,9.13916666666667,9.0425,NA,0.115674528083333,0.112028841791667,0.129699331375,NA
"336",360,0.262608695652174,0.242083333333333,0.330666666666667,0.34,8.26083333333333,9.05333333333333,8.07,NA,0.110611294625,0.105227109541667,0.125546943666667,NA
"337",361,0.281666666666667,0.265833333333333,0.260416666666667,0.310909090909091,9.80333333333333,10.3291666666667,10.0823529411765,NA,0.105696301958333,0.09830952775,0.124032685941176,NA
"338",362,0.265416666666667,0.2425,0.263636363636364,0.351818181818182,9.58666666666667,10.2866666666667,10.1494117647059,NA,0.099550065625,0.0921315010416667,0.120173991647059,NA
"339",363,0.271739130434783,0.238333333333333,0.2665,0.383,9.54416666666667,10.3166666666667,9.26588235294118,NA,0.0938831050416667,0.0860717768333333,0.115507586529412,NA
"340",364,0.276818181818182,0.248695652173913,0.3,0.359090909090909,9.92695652173913,11.0739130434783,10.1376470588235,NA,0.0891095004347826,0.0809676339565217,0.112589774529412,NA
"341",365,0.291666666666667,0.242083333333333,0.288235294117647,0.327,10.7616666666667,11.3925,9.89090909090909,NA,0.0844767201666667,0.0761194906666667,0.108291016454545,NA
"342",NA,NA,NA,NA,NA,NA,NA,NA,NA,NA,NA,NA,NA
