DOY,meanAT2,meanAT6,sum_R,rain_events,meanRH2,meanRH6,meanSWC5,meanSWC15,meanSWC30,meanST5,meanST15,meanST30,meanNEE,meanGPP,meanRECO,sdReco,Season,high_day,Rain_DOY,Pulse_Days,Pulse_DOY
1,0.9627291666666666,1.6172291666666667,0.508,2,85.68972875458333,85.55447927208333,12.566666666666666,22.829166666666666,22.675,4.845833333333333,5.164583333333334,6.058333333333334,-0.024506469119270825,0.32984567225291667,0.30533920312083335,0.2213440180679673,Winter,0,0,0,0
2,-3.4267291666666666,-2.523125,2.9210000000000003,5,89.41867472916667,89.895708604375,12.975,22.93125,22.79375,3.25,4.39375,6.029166666666667,0.1480117643794375,0.09545104764433333,0.24346281201458334,0.18200048347898412,Winter,0,0,0,0
3,0.23635416666666667,1.6245833333333333,0,0,60.46780732979167,58.132821452916666,13.785416666666666,24.9375,23.120833333333334,3.1145833333333335,3.85625,5.275,0.17685184861125,0.283543392161875,0.4603952407875,0.8983328770485748,Winter,0,0,0,0
4,6.4018125,7.909166666666667,0,0,32.51901909916667,29.474063005208333,13.808333333333334,26.652083333333334,23.275,4.21875,4.275,5.345833333333333,0.3866679054029167,0.07628731915354167,0.46295522454166665,0.13690709622787445,Winter,0,0,0,0
5,9.154666666666667,10.286875,0,0,40.030849653541665,38.095729253125,13.439583333333333,24.68125,23.229166666666668,5.304166666666666,5.372916666666667,5.733333333333333,0.28553908408770834,0.22160741298020833,0.5071464970645834,0.10297543570926182,Winter,0,0,0,0
11,6.174541666666666,7.235916666666666,0,0,72.86679620479167,71.09923492083334,14.816666666666666,25.054166666666667,24.135416666666668,7.914583333333334,7.814583333333333,7.925,0.31222451304225,0.15059435415958333,0.46281886720625,0.2844135806462138,Winter,0,0,0,0
12,6.949916666666667,8.146729166666667,0,0,57.04187231625,55.712458364166665,14.110416666666667,25.079166666666666,24.204166666666666,6.741666666666666,7.035416666666666,7.716666666666667,0.14731837561833333,0.2677470748370833,0.4150654504583333,0.10373621745915378,Winter,0,0,0,0
13,7.8731875,8.937041666666667,0,0,60.494567668125,59.750588174375,13.747916666666667,23.797916666666666,23.983333333333334,7.30625,7.754166666666666,7.795833333333333,0.14357318369635416,0.25386630748541666,0.3974394911833333,0.049816426662930575,Winter,0,0,0,0
14,7.943,9.208583333333333,0,0,59.140740828125,57.00251443166667,13.40625,23.15,23.8125,7.397916666666666,7.833333333333333,7.835416666666666,0.18287264629791666,0.18489965732708333,0.367772303625,0.05510927858030739,Winter,0,0,0,0
15,9.112875,10.432520833333333,0,0,56.108137238333335,54.13357219354167,13.120833333333334,22.583333333333332,23.583333333333332,7.345833333333333,7.9625,7.904166666666667,0.1854785897396729,0.17801146543625,0.3634900551770833,0.05815585213593301,Winter,0,0,0,0
16,9.1355,10.529104166666666,0,0,65.65372954,63.25258665520833,12.98125,21.829166666666666,23.379166666666666,8.202083333333333,8.420833333333333,8.166666666666666,0.13004785908041666,0.22333568146079583,0.3533835405395833,0.0870540968716878,Winter,0,0,0,0
17,10.128666666666666,11.293625,0,0,49.55331348625,47.93236486666667,12.791666666666666,21.347916666666666,23.239583333333332,8.510416666666666,8.633333333333333,8.460416666666667,0.157495277089625,0.20491655893145833,0.362411836025,0.1445788361597453,Winter,0,0,0,0
18,8.229625,9.327020833333334,0,0,62.380802066875,61.428762885833336,12.554166666666667,21.047916666666666,22.933333333333334,8.5875,8.635416666666666,8.697916666666666,-8.093806165833326e-4,0.3078667044933333,0.307057323875,0.1119987564482208,Winter,0,0,0,0
19,7.886604166666666,9.06325,0,0,35.87670869604167,34.050889912291666,12.2375,21.064583333333335,22.847916666666666,8.0125,8.085416666666667,8.547916666666667,0.11811243020395833,0.169593610873125,0.28770604108541664,0.11569352185295562,Winter,0,0,0,0
20,11.977520833333333,13.0651875,0,0,16.3295349070625,15.539070602291666,12.03125,20.875,22.85,7.820833333333334,7.897916666666666,8.33125,0.16208027379672915,0.18525137571689584,0.3473316495041667,0.12569194155572916,Winter,0,0,0,0
21,11.228604166666667,12.218479166666667,0,0,28.023610824166667,27.33497258,11.866666666666667,20.2625,22.672916666666666,8.25625,8.395833333333334,8.472916666666666,0.04758173417729167,0.32110231381479165,0.36868404799791665,0.09552142102645665,Winter,0,0,0,0
22,2.3704791666666667,3.362125,0,0,45.04797675541667,44.6452656625,11.566666666666666,20.520833333333332,22.54375,7.404166666666667,7.629166666666666,8.422916666666667,0.019103349257666668,0.22954079624085416,0.24864414550416666,0.10932237347825458,Winter,0,0,0,0
23,3.673604166666667,4.8293333333333335,0,0,31.729482389125,30.562951995416668,11.16875,21.039583333333333,22.827083333333334,5.995833333333334,6.29375,7.704166666666667,0.0561766379880625,0.23411908184583333,0.29029571981458335,0.14808249367014278,Winter,0,0,0,0
24,6.394041666666666,8.011395833333333,0,0,25.403452582916668,23.211088717291666,11.05625,20.964583333333334,22.83125,6.283333333333333,6.23125,7.316666666666666,0.035099521522770835,0.2711908178875,0.30629033941875,0.08318087245499896,Winter,0,0,0,0
25,8.4483125,9.565916666666666,0,0,21.997012632791666,21.069745636458332,11.022916666666667,20.333333333333332,22.64375,6.88125,6.839583333333334,7.422916666666667,0.07803098834020833,0.25411258013666665,0.3321435684770833,0.15353729419630793,Winter,0,0,0,0
26,7.4746041666666665,9.004916666666666,0,0,23.87902259625,21.915384887916666,10.895833333333334,20.29375,22.46875,6.79375,6.802083333333333,7.445833333333334,0.099235301039625,0.24998684842166666,0.3492221494625,0.2336603938461147,Winter,0,0,0,0
27,9.702041666666666,11.057729166666666,0,0,18.7567238251875,17.55658217541667,10.802083333333334,19.91875,22.545833333333334,7.10625,7.15,7.504166666666666,0.149569735974375,0.1364946379839375,0.28606437396458334,0.09861987595772587,Winter,0,0,0,0
28,11.0685,12.751,0,0,21.874497859791667,20.0755363125,10.804166666666667,19.45625,22.302083333333332,7.9125,7.7875,7.747916666666667,0.11722665328520833,0.17211670417654165,0.2893433574604167,0.0894534330150358,Winter,0,0,0,0
29,10.734395833333334,11.907291666666667,0,0,27.445133589166666,26.189521419583333,10.758333333333333,19.00625,22.072916666666668,8.40625,8.38125,8.20625,0.0053573095406458365,0.2910045609225,0.2963618704541667,0.09646212319913322,Winter,0,0,0,0
30,11.350770833333334,12.375625,0,0,28.603426437083332,27.510528914166667,10.825,18.44375,21.81041666666667,9.745833333333334,9.329166666666667,8.697916666666666,0.021555670621875,0.29770977744375,0.31926544802708334,0.07233956316938066,Winter,0,0,0,0
31,11.305250000000001,12.357916666666666,0,0,35.25161275979167,34.171998100625004,10.708333333333334,18.004166666666666,21.5375,9.904166666666667,9.86875,9.279166666666667,0.06699681598547917,0.2753026236141667,0.34229943959791664,0.055904530185925096,Winter,0,0,0,0
32,9.5985,10.704952380952381,0,0,49.86369667309524,49.06188006119048,10.619047619047619,17.65714285714286,21.323809523809523,10.014285714285714,10.226190476190476,9.58095238095238,0.1914554125640476,0.14990629942135714,0.3413617119809524,0.05789917250038702,Winter,0,0,0,0
33,9.392125,10.415666666666667,0,0,62.23880570270833,61.96092624916667,10.389583333333334,17.7,21.391666666666666,9.275,9.902083333333334,9.535416666666666,0.06526906577689584,0.299515256875,0.3647843226625,0.05063869593067187,Winter,0,0,0,0
34,9.943125,10.835,1.016,3,68.9522422425,68.398384673125,10.352083333333333,17.5375,21.341666666666665,9.435416666666667,10.047916666666667,9.5125,0.40566943115235415,0.21408651703058335,0.6197559482,0.861520471201936,Winter,0,0,0,0
35,10.28375,11.083333333333334,0,0,70.95238713041667,70.829285711875,10.391666666666666,17.3875,21.25,9.895833333333334,10.38125,9.685416666666667,0.2253429983820625,0.2697139416079229,0.4950569399875,0.3282031410344191,Winter,0,0,0,0
36,8.7323125,9.447958333333334,0,0,59.81420683291667,60.35734516583334,10.414583333333333,17.25625,21.004166666666666,9.86875,10.575,9.94375,0.120031529028125,0.26132600091366665,0.38135752993333333,0.04232546109793781,Winter,0,0,0,0
37,3.2118333333333333,3.9317083333333334,0,0,67.140465679375,68.07145449604167,10.172916666666666,17.822916666666668,21.033333333333335,8.5375,9.26875,9.716666666666667,0.23360132507270834,0.16291303405583332,0.39651435912291666,0.6093224034899106,Winter,0,0,0,0
38,1.5886041666666668,2.8895833333333334,0,0,36.15397367020833,34.66367361125,9.88125,18.691666666666666,21.3375,6.835416666666666,7.08125,8.73125,-0.03171965539375,0.25254830735458333,0.22082865196875,0.08702733774360077,Winter,0,0,0,0
39,6.2526363636363635,7.743772727272727,0,0,23.043315625227272,21.284095992954544,9.84090909090909,18.561363636363637,21.45,6.784090909090909,7.059090909090909,8.293181818181818,0.20649706105204546,0.1011069707275,0.30760403177272727,0.1497246908600148,Winter,0,0,0,0
40,9.463520833333334,10.509333333333334,0,0,18.714324051395835,18.276259474583334,9.86875,18.10625,21.402083333333334,7.320833333333333,7.8625,8.341666666666667,0.15657281254483335,0.174628838603125,0.33120165116458333,0.12942131643111443,Winter,0,0,0,0
46,11.202708333333334,12.006125,1.397,1,72.569141551875,71.59035379708334,14.9375,18.258333333333333,21.13125,11.416666666666666,10.61875,9.627083333333333,0.3660147134539583,0.23728005616791667,0.6032947696333333,0.4295162386866993,Winter,0,0,0,0
47,5.536333333333333,6.363520833333333,0,0,65.196862706875,64.67197206229167,13.879166666666666,19.125,21.102083333333333,9.916666666666666,9.5125,10.004166666666666,0.21869493353508332,0.27756843953375,0.49626337307083335,0.22236260808557154,Winter,0,0,0,0
48,2.761,3.6704583333333334,0,0,43.56149297520833,42.772353457083334,12.822916666666666,19.539583333333333,21.479166666666668,7.822916666666667,7.88125,9.3125,0.07466486613437501,0.31383441732375,0.38849928345208334,0.1339656573530582,Winter,0,0,0,0
49,2.442416666666667,3.314416666666667,0,0,51.55575643458333,50.61425877270833,12.054166666666667,19.695833333333333,21.78125,6.14375,6.977083333333333,8.345833333333333,0.10392627940660416,0.21231983648395833,0.3162461158916667,0.13899803036330008,Winter,0,0,0,0
58,11.805652173913044,13.37650386,0,0,23.48729697695652,21.40486838,15.008695652173913,24.339130434782607,25.204347826086956,10.013043478260869,9.734782608695653,8.7,0.3395591505873913,0.029183015791304345,0.36874216637826085,0.03483026879342394,Winter,0,0,0,0
59,12.480127659574467,13.775067353936171,0,0,29.24931564723404,27.03283701255319,14.568085106382979,23.595744680851062,24.812765957446807,10.11276595744681,9.538297872340426,8.891489361702128,0.19396044232272341,0.19046311771659574,0.38442356003829786,0.07426004309827533,Winter,0,0,0,0
60,13.302531914893617,14.677608344255319,0,0,31.316951731702126,28.875822073404255,14.168085106382978,22.261702127659575,24.138297872340427,10.527659574468085,10.076595744680851,9.482978723404255,0.1949109757869149,0.21377492294893616,0.40868589874042555,0.08084815312381112,Spring,0,0,0,0
61,14.189375,15.281585868125,0,0,34.06428224291667,31.97258642,13.852083333333333,20.908333333333335,23.7,11.270833333333334,10.98125,10.025,0.19837405018389584,0.23028813356625,0.4286621837458333,0.08235416059615151,Spring,0,0,0,0
62,12.609458333333333,13.3854018005625,0,0,49.640598089791666,49.141365670625,13.625,19.9375,23.139583333333334,12.239583333333334,11.79375,10.639583333333333,0.1983075813453125,0.19822878428729168,0.39653636563333333,0.09708926938829616,Spring,0,0,0,0
63,11.369,12.391531745634147,0,0,39.21213909829268,37.617096019268295,13.05609756097561,19.614634146341462,22.734146341463415,12.1,11.539024390243902,10.902439024390244,0.14675195726814635,0.23098325984634147,0.37773521710731706,0.10127900405049009,Spring,0,0,0,0
64,17.7204,18.5348,0,0,17.20383885572,16.57999432188,13.416,18.419999999999998,22.576,15.032,12.732,11.208,0.35134481184284,0.2435382328348,0.594883044692,0.17272440257226435,Spring,0,0,0,0
65,17.03625,18.130208333333332,0,0,20.367090292916668,18.969777574166667,12.997916666666667,18.183333333333334,22.1,13.3,12.833333333333334,11.704166666666667,0.18488474665304166,0.36649248754020836,0.5513772342,0.1553543323947495,Spring,0,0,0,0
66,15.155625,16.039583333333333,0,0,21.988351021666666,21.3749371525,12.902083333333334,17.960416666666667,21.875,12.333333333333334,12.8125,11.966666666666667,0.19492610889129167,0.32406542740833333,0.5189915363041666,0.1094352779259253,Spring,0,0,0,0
67,10.3028125,11.224708333333334,0,0,32.968860773125,32.440742927708335,12.5,18.135416666666668,21.922916666666666,11.014583333333333,12.11875,11.608333333333334,0.27334662635125,0.19814284398020834,0.4714894703333333,0.17363774175062976,Spring,0,0,0,0
68,6.8475624999999996,8.0153125,0,0,36.1805791175,34.099753300625,12.175,18.827083333333334,22.135416666666668,9.679166666666667,10.60625,10.747916666666667,0.019923448728333334,0.37202298217708335,0.3919464308833333,0.18859066407600472,Spring,0,0,0,0
69,9.829125,10.694520833333334,0,0,43.23904459,42.754713486875,12.13125,18.45,22.125,10.33125,10.889583333333334,10.714583333333334,0.26526566389322914,0.3398385029785417,0.605104166875,0.17845950701799393,Spring,0,0,0,0
76,9.907833333333333,10.594645833333333,0,0,51.34897538854167,51.009405926875,16.485416666666666,24.83125,25.71875,11.95625,10.758333333333333,10.852083333333333,0.2655215185940625,0.27338049380333335,0.5389020123854167,0.15433529563818135,Spring,0,0,0,0
77,12.173208333333333,12.916666666666666,0,0,40.484759923333336,39.73232312708333,16.045833333333334,22.6625,24.65,12.88125,11.791666666666666,11.539583333333333,0.3355798571199792,0.2627424415133333,0.5983222986541666,0.11931275010802217,Spring,0,0,0,0
78,13.482208333333332,14.213750000000001,0,0,36.2374566375,35.6713347325,15.702083333333333,21.1375,23.76875,13.7875,12.697916666666666,12.16875,0.18147682690541667,0.39941761022833333,0.5808944371270833,0.12671994126552827,Spring,0,0,0,0
79,15.54,16.439375,0,0,30.234233241875,28.865004972083334,15.35,19.589583333333334,23.18125,14.34375,13.666666666666666,12.81875,0.18893373658625,0.4289802926303333,0.6179140292104167,0.13212607196152043,Spring,0,0,0,0
80,11.575375,12.495833333333334,0,0,31.066562741458334,29.66618376041667,14.872916666666667,19.1,22.745833333333334,13.816666666666666,13.716666666666667,13.083333333333334,0.071256260964375,0.45884979322064584,0.530106054225,0.14202079767485745,Spring,0,0,0,0
81,9.227333333333334,10.103875,0,0,35.411174831875,33.942105645625,14.502083333333333,19.295833333333334,22.525,13.560416666666667,12.95625,12.93125,-0.10411916843177084,0.48457590063083333,0.3804567321520833,0.1480397762124061,Spring,0,0,0,0
82,11.522979166666667,12.591645833333333,0,0,30.237732879583334,28.618717319583332,14.216666666666667,18.84375,22.20625,13.622916666666667,12.954166666666667,12.927083333333334,-0.14954028893708332,0.5255746268666667,0.37603433789375,0.1362526429042687,Spring,0,0,0,0
83,13.238583333333333,14.365208333333333,0,0,24.828894407291667,23.044220805833334,13.985416666666667,18.066666666666666,21.908333333333335,14.695833333333333,13.679166666666667,13.279166666666667,-0.12940541172338543,0.5224098395789166,0.39300442783541667,0.16645368639560085,Spring,0,0,0,0
84,16.089583333333334,17.057291666666668,0,0,21.136719407083334,19.887208330625,13.78125,17.195833333333333,21.275,15.775,14.495833333333334,13.85625,-0.09608511571583334,0.5217202368497084,0.4256351211979167,0.16852893716435974,Spring,0,0,0,0
85,18.26875,19.485416666666666,0,0,18.3788965001875,16.753901471875,13.489583333333334,16.395833333333332,20.891666666666666,16.3875,15.472916666666666,14.4875,-0.256776493345,0.8025012152183542,0.5457247218354166,0.17407030470304982,Spring,0,0,0,0
86,18.29104166666667,19.476458333333333,0,0,19.971089964541665,18.480948757083333,13.21875,15.629166666666666,20.4375,16.897916666666667,16.264583333333334,14.985416666666667,-0.25742183970125,0.9403885259916667,0.6829666863125,0.20383257298993535,Spring,0,0,0,0
87,16.908125000000002,18.054583333333333,0,0,19.286306461854167,17.865054264666668,12.989583333333334,15.147916666666667,19.977083333333333,17.589583333333334,16.65,15.441666666666666,-0.26060652052527083,0.9961996154889583,0.7355930949229167,0.19544580110398765,Spring,0,0,0,0
88,14.221833333333333,15.433125,0,0,22.3102727015,20.456542965604168,12.591666666666667,15.1375,19.679166666666667,17.404166666666665,16.35625,15.770833333333334,-0.3114969929089583,1.0074221739166667,0.6959251809645833,0.20559837439063136,Spring,0,0,0,0
89,13.687145833333334,14.761041666666667,0,0,21.102151288958332,19.594906144791665,12.20625,15.13125,19.70625,16.960416666666667,16.00625,15.775,-0.31976355156020836,1.0480504255989582,0.7282868740375,0.43244000971721164,Spring,0,0,0,0
90,12.6555625,13.485020833333333,0,0,24.456212394791667,23.495366292083332,11.922916666666666,15.045833333333334,19.627083333333335,16.804166666666667,15.808333333333334,15.679166666666667,-0.30211200724120835,1.0189912893833333,0.71687928208125,0.20681523698319795,Spring,0,0,0,0
91,13.46375,14.2013125,0,0,25.788898317083333,25.28686210625,11.66875,14.966666666666667,19.558333333333334,16.558333333333334,15.70625,15.660416666666666,-0.25657283802333336,1.0495494964583334,0.79297665843125,0.3850753317376435,Spring,0,0,0,0
92,16.079791666666665,16.767291666666665,0,0,17.829475012083332,17.318401233125,11.50625,14.60625,19.279166666666665,16.93125,16.0625,15.675,-0.5012485350408333,1.3296497644177083,0.8284012293479167,0.17241960683586863,Spring,0,0,0,0
93,13.803041666666667,14.560833333333333,0,0,23.4513570625,22.620878005625,11.279166666666667,14.266666666666667,19.033333333333335,17.11875,16.38125,15.9625,-0.6222289195060209,1.3240766654541667,0.7018477459875,0.17094812525379466,Spring,0,0,0,0
94,15.3008125,16.1825,0,0,21.843841093208333,20.737779568375,11.00625,14.13125,18.964583333333334,16.84375,16.397916666666667,15.96875,-0.391847597429375,1.157970664988125,0.7661230675395834,0.2047018292964749,Spring,0,0,0,0
95,13.3795,14.499375,0,0,25.074585612708333,23.460354421458334,10.747916666666667,13.970833333333333,18.86875,16.254166666666666,16.454166666666666,16.029166666666665,-0.6504608350038125,1.2554376866322916,0.6049768516666667,0.07844980542032375,Spring,0,0,0,0
96,11.727229166666667,12.7875,0,0,50.660974951875,49.30675931416667,10.577083333333333,14.095833333333333,18.995833333333334,16.139583333333334,15.877083333333333,15.645833333333334,-0.6658747976352083,1.2232560697904167,0.5573812721625,0.08867673801012647,Spring,0,0,0,0
97,14.9030625,15.875208333333333,0,0,39.99192069854167,38.352944763125,10.620833333333334,13.797916666666666,18.666666666666668,17.808333333333334,16.35,15.970833333333333,-0.7148422510172917,1.46969316452625,0.7548509134916667,0.2484634828463791,Spring,0,0,0,0
98,19.41604166666667,20.655416666666667,0,0,23.0400698379375,21.123065177145833,10.53125,12.995833333333334,18.235416666666666,19.289583333333333,17.633333333333333,16.847916666666666,-0.7265074039179167,1.7096986861866668,0.9831912822270833,0.21883580209978162,Spring,0,0,0,0
99,20.850416666666668,21.995416666666667,0,0,16.2235192760625,14.9873149565,10.210416666666667,12.304166666666667,17.895833333333332,19.945833333333333,18.685416666666665,17.602083333333333,-0.5260944412166667,1.69977560708125,1.1736811658645834,0.23911175749686026,Spring,0,0,0,0
100,12.277895833333334,12.8861875,0,0,17.556943883895833,17.605946540270832,9.795833333333334,12.410416666666666,17.8125,19.16875,18.14375,17.9625,-0.7365712409137499,1.6380217556489582,0.9014505147604167,0.3651526934031204,Spring,0,0,0,0
101,8.864916666666666,9.568354166666667,0,0,19.959061571458335,19.6128840375,9.247916666666667,13.16875,17.9,17.104166666666668,16.09375,17.135416666666668,-0.6297020540416667,1.195247561296875,0.5655455072916666,0.11808599618775185,Spring,0,0,0,0
102,8.423617021276597,9.312212765957447,0,0,34.13285661361702,33.432762125106386,8.8,13.37872340425532,18.106382978723403,15.36595744680851,15.417021276595746,16.506382978723405,-0.5364342554838297,1.0111830867148937,0.474748831193617,0.06712810680477065,Spring,0,0,0,0
103,9.7249375,10.6276875,0,0,42.929032544375,41.808904301666665,8.858333333333334,13.5,18.235416666666666,16.014583333333334,14.983333333333333,15.720833333333333,-0.6440371023758333,1.1029760855354167,0.4589389831833333,0.12150886711375895,Spring,0,0,0,0
104,15.155083333333334,16.247291666666666,0,0,24.059974393541665,22.425592208125,8.98125,12.88125,18.058333333333334,17.69375,16.20625,16.25625,-1.2553099283560416,1.8978882796954166,0.6425783512979166,0.1892650953957961,Spring,0,0,0,0
105,18.03,18.981041666666666,0,0,19.748940531458334,18.548438781875,9.004166666666666,12.047916666666667,17.716666666666665,19.035416666666666,17.885416666666668,17.09375,-0.7546596222291667,1.6643925691847916,0.9097329469020833,0.2299241631998896,Spring,0,0,0,0
106,14.323500000000001,14.925625,3.048,3,39.0874011775,38.534473073125,8.779166666666667,11.675,17.366666666666667,18.91875,18.3625,17.570833333333333,-0.7159263386229167,1.6707907990672917,0.95486446046875,0.3335764769577394,Spring,0,0,0,0
107,9.985791666666668,10.546708333333333,0.254,1,62.79085053875,62.22787819041667,8.41875,12.175,17.295833333333334,17.545833333333334,16.75,17.45,-0.4048052900239583,1.2900129436722916,0.8852076536875,1.3966805462463208,Spring,0,0,0,0
108,15.8485625,16.999791666666667,0,0,35.00053491979167,33.793513349375,8.36875,12.266666666666666,17.522916666666667,17.90625,16.304166666666667,16.95,-0.6690800488429167,1.6149272190458333,0.9458471701854166,0.24990872747616102,Spring,0,0,0,0
109,21.024166666666666,22.185,0,0,13.066887408520833,12.1576534966875,8.583333333333334,11.5125,17.18125,19.510416666666668,17.954166666666666,17.585416666666667,-0.7145709948208333,1.8310125233583334,1.1164415285520832,0.1856344067333174,Spring,0,0,0,0
110,20.065625,21.218541666666667,0,0,17.9366843149375,16.5925532714375,8.614583333333334,10.847916666666666,16.979166666666668,20.0375,19.21875,18.227083333333333,-1.0177125479510833,2.0884469446291667,1.0707343966041667,0.22472556700502977,Spring,0,0,0,0
111,18.089166666666667,18.875833333333333,0,0,22.99588231645833,21.941985081666665,8.554166666666667,10.61875,16.73125,20.254166666666666,19.566666666666666,18.51875,-0.9474266211330833,1.8445311129,0.8971044917875,0.25143844376736746,Spring,0,0,0,0
112,15.79,16.722291666666667,0,0,32.038311309166666,31.104894744791668,8.216666666666667,10.58125,16.660416666666666,19.364583333333332,19.441666666666666,18.702083333333334,-0.8372629766458334,1.5809436637,0.7436806871229167,0.1923595068049826,Spring,0,0,0,0
113,14.142708333333333,14.956041666666668,0,0,32.187520395625,31.0009120775,8.025,10.747916666666667,16.675,18.910416666666666,18.691666666666666,18.283333333333335,-0.7581268411610417,1.3954871936710416,0.6373603524729167,0.2283717010114199,Spring,0,0,0,0
114,15.801541666666667,16.861875,0,0,34.10771092479167,32.336633068333335,8.016666666666667,10.6625,16.6375,19.795833333333334,18.7125,18.285416666666666,-1.0154450538416666,1.535705461750625,0.5202604078916666,0.16796461613263836,Spring,0,0,0,0
115,20.74395833333333,22.02625,0,0,21.895305253541668,19.848518595416667,8.072916666666666,10.260416666666666,16.3625,21.408333333333335,19.97083333333333,19.0375,-1.1465407914333334,1.7100799164854166,0.56353912505,0.2348739225153148,Spring,0,0,0,0
116,21.903541666666666,23.090208333333333,0,0,19.409299206666667,17.854239732708333,7.96875,9.883333333333333,16.0375,21.9,21.029166666666665,19.758333333333333,-0.8249775351364583,1.4564815627410417,0.6315040276583334,0.3941429942969387,Spring,0,0,0,0
117,20.85333333333333,21.984375,0,0,17.8717360288125,16.427468693770834,7.797916666666667,9.645833333333334,15.91875,22.475,21.610416666666666,20.089583333333334,-1.1192954488445834,1.7183710766333333,0.5990756277395833,0.20935605958750736,Spring,0,0,0,0
118,20.168125,21.149375,0,0,18.35981762525,17.1938830124375,7.58125,9.5625,15.7375,22.679166666666667,21.927083333333332,20.497916666666665,-1.136697968425,1.9871609488,0.8504629803833333,0.28279006842936977,Spring,0,0,0,0
119,17.885833333333334,18.9925,0,0,21.843993835833334,20.483129077916665,7.072916666666667,9.79375,15.783333333333333,20.36875,21.039583333333333,20.360416666666666,-0.587382048448125,1.5093257106593958,0.9219436622541667,0.19039935635821173,Spring,0,0,0,0
120,15.100833333333334,15.848125,0,0,32.696086380625,31.699401929791666,6.9875,9.983333333333334,16.0125,20.695833333333333,20.21666666666667,19.59166666666667,-0.900593777335625,1.7605103509847917,0.8599165736375,0.37679958687975273,Spring,0,0,0,0
121,17.205833333333334,18.32,0,0,26.06221475975,24.4131745561875,6.908333333333333,9.877083333333333,15.954166666666667,21.354166666666668,20.704166666666666,19.91875,-1.2080519293473542,2.020096880465,0.8120449511,0.20539842129703612,Spring,0,0,0,0
122,18.073333333333334,19.065416666666668,0,0,18.435607217791667,17.50592168525,6.675,9.825,15.808333333333334,21.077083333333334,20.835416666666667,20.085416666666667,-1.1089590577291666,1.857361244583979,0.7484021869166667,0.21398712026995825,Spring,0,0,0,0
123,18.303125,19.535,0,0,18.130823029166667,16.519210341416667,6.66875,9.697916666666666,15.777083333333334,22.23125,21.275,20.245833333333334,-0.9599100286166666,1.6912620729833334,0.7313520443708333,0.42208698288013147,Spring,0,0,0,0
124,20.093125,21.372083333333332,0,0,15.90263863475,14.404163793145834,6.541666666666667,9.516666666666666,15.64375,22.754166666666666,21.945833333333333,20.754166666666666,-1.063462703874375,1.82778377191875,0.7643210681208333,0.6812097286121221,Spring,0,0,0,0
125,20.231666666666666,21.463125,0,0,15.907924841583334,14.587167033645834,6.302083333333333,9.34375,15.53125,23.045833333333334,22.566666666666666,21.1,-1.088881455925625,1.826969094575,0.73808763865625,0.5179253704408753,Spring,0,0,0,0
126,18.137083333333333,19.0575,0,0,16.989667950104167,16.250768997270832,5.94375,9.489583333333334,15.508333333333333,21.785416666666666,22.1625,21.075,-0.95262671615,1.7139155648041666,0.7612888486583334,0.205485839426289,Spring,0,0,0,0
127,15.013541666666667,15.558333333333334,0,0,31.296154964166668,30.985897318541667,5.7875,9.54375,15.552083333333334,22.158333333333335,21.9875,20.922916666666666,-1.110433686421875,1.86511927439125,0.7546855879854166,0.18970129010478917,Spring,0,0,0,0
128,14.544604166666666,15.334166666666667,0,0,37.78822469604167,36.99827974479167,5.533333333333333,9.745833333333334,15.616666666666667,21.297916666666666,21.016666666666666,20.722916666666666,-0.9822018569666666,1.6940104975797916,0.7118086406083334,0.14998101195613242,Spring,0,0,0,0
129,16.157916666666665,16.81125,0,0,34.468333566666665,34.24650612770834,5.36875,9.829166666666666,15.666666666666666,20.777083333333334,20.6,20.510416666666668,-0.7263097053354167,1.5350062269104168,0.8086965215625,0.16234293217855186,Spring,0,0,0,0
130,15.96,16.525625,0,0,30.087666935833333,30.021648849583332,5.2375,9.720833333333333,15.7375,20.785416666666666,20.891666666666666,20.339583333333334,-0.7413016023,1.61677091491625,0.8754693125895834,0.1697001125686234,Spring,0,0,0,0
131,15.49625,16.202708333333334,0,0,34.73163945416667,34.052997705208334,5.302083333333333,9.71875,15.75,21.55,21.116666666666667,20.30625,-0.34081198204312496,1.2378636028229166,0.8970516208625,0.24029162667353265,Spring,0,0,0,0
132,11.251875,12.0875,4.953,6,67.42026866958334,65.61424820416667,4.889583333333333,10.010416666666666,15.722916666666666,18.9375,19.783333333333335,20.347916666666666,0.34613691799583335,0.6791018242510417,1.0252387422125,1.0524386823277045,Spring,0,0,0,0
133,15.307541666666667,16.371666666666666,0,0,48.048002687291664,45.768720727708335,4.966666666666667,10.425,16.072916666666668,17.879166666666666,17.979166666666668,18.8,-0.20660051749416666,1.2830002513083334,1.0763997338020834,0.6821067241814232,Spring,0,0,0,0
134,20.97833333333333,21.989791666666665,0,0,28.161088754375,26.499292928125,5.564583333333333,10.029166666666667,16.004166666666666,20.504166666666666,19.572916666666668,19.191666666666666,-0.1602428128775,1.3393592696583334,1.1791164568208334,0.32147193419131137,Spring,0,0,0,0
135,22.097083333333334,23.223958333333332,0,0,25.61885281625,23.399052440208333,6.16875,9.645833333333334,15.80625,22.483333333333334,21.416666666666668,20.239583333333332,0.03677741197687499,1.4648001343541666,1.5015775463666667,1.7571857360720142,Spring,0,0,0,0
136,20.62125,21.437083333333334,0,0,24.092563694791668,22.884888361458334,6.38125,9.347916666666666,15.5375,22.6125,22.5625,21.025,-0.45987318136708333,1.62363730144375,1.1637641201541666,0.3093890593615372,Spring,0,0,0,0
137,15.967291666666666,16.6175,0,0,23.249637167541668,22.651034741666667,6.395833333333333,9.379166666666666,15.579166666666667,22.091666666666665,22.308333333333334,21.06875,-1.1786886023979166,2.0960419315916665,0.9173533291833333,0.1759074945412926,Spring,0,0,0,0
138,14.862583333333333,15.701875,0,0,22.3118154289375,21.2066122961875,6.391666666666667,9.527083333333334,15.614583333333334,21.952083333333334,21.689583333333335,20.91875,-0.9081685390016667,1.7564406408354167,0.848272101825,0.19258350046704706,Spring,0,0,0,0
139,16.711875,17.704583333333332,0,0,20.632763867708334,19.743781524791668,6.072916666666667,9.664583333333333,15.69375,20.18125,21.1875,20.783333333333335,-0.3728220126976396,1.380151526978125,1.007329514275,0.1824996695284293,Spring,0,0,0,0
140,11.174604166666667,11.815208333333333,0,0,38.61470261833333,38.801255258333335,5.870833333333334,9.897916666666667,15.847916666666666,19.372916666666665,20.2125,20.06875,-0.8639328524020834,1.6047882435222915,0.7408553910729166,0.12057482084205892,Spring,0,0,0,0
141,13.5896875,14.2158125,0,0,27.512516557125,27.3559038125,5.758333333333334,10.058333333333334,16.066666666666666,19.183333333333334,19.420833333333334,19.333333333333332,-0.8272117682854166,1.671169263795,0.8439574955,0.2514726433123841,Spring,0,0,0,0
142,16.483541666666667,17.004791666666666,0,0,22.317603390208333,22.137988791041668,5.866666666666667,9.74375,15.920833333333334,20.870833333333334,20.945833333333333,19.872916666666665,-0.2470165257479167,1.2765431626283332,1.0295266368875,0.45480931969285204,Spring,0,0,0,0
143,13.922708333333333,14.447270833333333,0,0,34.25949091604166,34.30971033479167,5.785416666666666,9.535416666666666,15.785416666666666,22.022916666666667,21.7625,20.433333333333334,-0.5430055514427083,1.36479812281125,0.8217925713625001,0.17955419270615713,Spring,0,0,0,0
144,17.94708333333333,18.87375,0,0,18.770805843541666,18.2110829861875,5.579166666666667,9.5,15.720833333333333,22.3,22.04375,20.775,-0.38767761590416666,1.2685233535083333,0.88084573758125,0.1904237268932949,Spring,0,0,0,0
145,20.105,20.933541666666667,0,0,14.1515247294375,13.689116957291667,5.333333333333333,9.316666666666666,15.56875,22.729166666666668,22.8375,21.189583333333335,-0.327460547821875,1.18724112269375,0.8597805748666667,0.12700488873781643,Spring,0,0,0,0
146,19.127708333333334,19.7075,0,0,19.998023646104166,19.893771956604166,5.133333333333334,9.133333333333333,15.470833333333333,23.245833333333334,23.529166666666665,21.629166666666666,-0.21657392321166666,1.0104220383575,0.79384811510625,0.12146359249877167,Spring,0,0,0,0
147,16.857708333333335,17.353541666666665,0,0,24.265990569791665,23.949524509791665,4.929166666666666,9.172916666666666,15.483333333333333,23.172916666666666,23.4625,21.73125,-0.7743162266020833,1.5424163952679166,0.7681001686125,0.1971076512528352,Spring,0,0,0,0
148,15.944125,16.883958333333332,0,0,24.2529809460625,23.018191183708332,4.71875,9.279166666666667,15.48125,22.958333333333332,23.102083333333333,21.735416666666666,-0.6057787234509583,1.4343074183708333,0.8285286949270834,0.22283055151812448,Spring,0,0,0,0
149,17.171521739130434,18.202391304347827,0,0,19.258258121739132,18.175916910652173,4.656521739130435,9.208695652173914,15.391304347826088,23.780434782608694,23.4,21.96086956521739,-0.20737805808826087,1.2989825088147826,1.0916044507521738,0.5449681891176752,Spring,0,0,0,0
150,20.385625,21.284375,0,0,16.542213175020834,15.917375322375,4.527083333333334,9.089583333333334,15.316666666666666,24.564583333333335,23.99375,22.39375,-0.1508008859550354,1.2272578513875,1.0764569654583334,0.16469369999515018,Spring,0,0,0,0
151,22.389375,23.217083333333335,0,0,14.870143515833334,14.156140473,4.447916666666667,8.939583333333333,15.183333333333334,25.24375,24.7125,22.85,-0.09948002181989582,1.056797692515,0.9573176706604167,0.12994314463661846,Spring,0,0,0,0
152,23.363958333333333,24.067708333333332,0,0,22.4962177075,21.66809413625,4.358333333333333,8.74375,15.04375,25.789583333333333,25.485416666666666,23.314583333333335,-0.20145345186458335,0.937156560754375,0.7357031089145833,0.12010774931637756,Spring,0,0,0,0
153,22.148125,22.95875,0,0,30.403386196875,29.707915333749998,4.335416666666666,8.59375,14.960416666666667,26.40416666666667,26.170833333333334,23.7875,-0.3581299617991667,0.8879395587375,0.5298095969729166,0.20702470403129392,Spring,0,0,0,0
154,22.633958333333332,23.538541666666667,0,0,20.8525023914375,20.02640757875,4.220833333333333,8.583333333333334,14.939583333333333,26.397916666666667,26.3375,24.052083333333332,-0.34686822258895833,0.80674437252,0.45987614992916664,0.08883324348250121,Spring,0,0,0,0
155,21.924791666666668,22.845208333333332,0,0,19.3153755074375,18.526442492645835,4.177083333333333,8.55625,14.858333333333334,26.541666666666668,26.460416666666667,24.264583333333334,-0.23824855794145833,0.7583870836427916,0.5201385257020833,0.19120619106871126,Spring,0,0,0,0
156,22.219166666666666,23.208541666666665,0,0,19.40606587645833,18.233234368125,4.195833333333334,8.575,14.810416666666667,27.254166666666666,26.595833333333335,24.533333333333335,-0.4754922590597083,1.03307214790625,0.5575798889270833,0.11122175647935395,Spring,0,0,0,0
157,23.383333333333333,24.22833333333333,0,0,22.626372706875,21.536180775833333,4.14375,8.514583333333333,14.716666666666667,27.789583333333333,26.91875,24.99375,-0.3235194613479167,1.057640149281875,0.7341206879083333,0.28859131696857226,Spring,0,0,0,0
158,23.763125,24.584791666666668,0,0,28.558838718604168,27.535167844229168,4.102083333333333,8.429166666666667,14.635416666666666,28.104166666666668,27.425,25.322916666666668,-0.11664849388395833,0.8946826074645834,0.7780341135895833,0.22168539949759644,Spring,0,0,0,0
159,23.871041666666667,24.919375,0,0,15.188353569854167,14.4390447093125,4.060416666666667,8.341666666666667,14.610416666666667,28.197916666666668,27.666666666666668,25.48125,-0.2765803862247917,1.0923079627729166,0.8157275765187499,0.14145541279225426,Spring,0,0,0,0
160,25.487916666666667,26.362708333333334,0,0,14.6262767693125,14.114107457791667,4.077083333333333,8.29375,14.49375,29.191666666666666,28.075,25.81458333333333,0.1322033064675,0.8912111386479167,1.0234144451520832,0.4495161371680982,Spring,0,0,0,0
161,22.541666666666668,22.999166666666667,0,0,38.30248035541667,38.45921672958333,4.004166666666666,8.23125,14.341666666666667,29.497916666666665,28.483333333333334,26.53333333333333,0.4047028974675,0.6750785048052084,1.0797814022645833,0.31880375716558557,Spring,0,0,0,0
162,24.399791666666665,24.97479166666667,0,0,31.175838435,30.878887544375,4.01875,8.383333333333333,14.420833333333334,29.345833333333335,27.789583333333333,26.25625,-0.06919206732625001,0.9986045517727083,0.9294124844041667,0.18358960698332816,Spring,0,0,0,0
163,27.383125,28.5175,0,0,13.339333666625,12.680369604479166,3.9895833333333335,8.216666666666667,14.35625,29.664583333333333,28.547916666666666,26.65625,-0.008498532076374998,0.8741001633458333,0.865601631275,0.11353669381709544,Spring,0,0,0,0
164,27.836875,28.808541666666667,0,0,13.365918527145833,12.6688451398125,3.9104166666666664,8.1625,14.352083333333333,29.497916666666665,28.945833333333333,26.810416666666665,-0.04775843057375,0.8152216341716667,0.76746320355625,0.2069864269878534,Spring,0,0,0,0
165,25.709791666666668,26.421875,0,0,16.7584492734375,16.125468521541666,3.8625,8.120833333333334,14.39375,29.48125,29.091666666666665,26.83125,-0.04141927231041667,0.6904584892670833,0.6490392169520833,0.18468330056306512,Spring,0,0,0,0
166,23.799375,24.696875,0,0,14.302118833895834,13.835646252583334,3.8333333333333335,8.191666666666666,14.370833333333334,29.5125,28.925,26.910416666666666,-0.21838278145104167,0.7688118852916667,0.55042910384375,0.12683721981500576,Spring,0,0,0,0
167,25.17809523809524,26.044285714285714,0,0,16.19060911295238,15.709053638833334,3.7523809523809524,8.24047619047619,14.369047619047619,29.626190476190477,28.70714285714286,26.916666666666668,-0.03199823454380952,0.6472154019440476,0.6152171673857143,0.20119450424970586,Spring,0,0,0,0
175,27.667333333333332,28.112666666666666,0,0,9.152870578,9.582574897233334,3.7466666666666666,8.166666666666666,14.52,32.60333333333333,29.73,27.133333333333333,0.4588065489229333,0.314100669296,0.7729072182433333,0.16869203754662968,Spring,0,0,0,0
176,25.764166666666668,26.704583333333332,0,0,13.605775185833334,12.880052110875,3.46875,8.2375,14.43125,30.44375,29.60625,27.564583333333335,0.5053276491474583,0.3164532991389583,0.8217809482875,0.32696917024256084,Spring,0,0,0,0
177,25.8475,26.716666666666665,0,0,19.21048684125,18.036815032916667,3.464583333333333,8.2,14.364583333333334,30.752083333333335,30.070833333333333,27.89375,0.29479089483554166,0.4058907726,0.70068166743125,0.11946429815111888,Spring,0,0,0,0
178,27.284166666666668,27.969375,0,0,22.024148117291666,20.839453198125,3.5416666666666665,8.127083333333333,14.314583333333333,31.6375,30.54375,28.152083333333334,0.4362171954464583,0.402544055964375,0.8387612514125,0.29112520486205407,Spring,0,0,0,0
179,27.528125,28.15,0,0,25.870392704791666,24.796886273541666,3.5479166666666666,8.102083333333333,14.21875,31.820833333333333,30.866666666666667,28.695833333333333,0.392502077641375,0.4134127081314583,0.8059147857625,0.13401237110331177,Spring,0,0,0,0
180,28.284166666666668,28.700625,0,0,27.12419817375,26.121266147291667,3.5520833333333335,8.141666666666667,14.1625,31.89375,30.75,28.81875,0.6423901110999791,0.34637084416145836,0.9887609552625,0.6031301655121608,Spring,0,0,0,0
181,27.419375,28.11625,0,0,27.588928834791666,26.222788440208333,3.5760869565217392,8.236956521739131,14.18695652173913,31.51086956521739,30.48913043478261,28.828260869565216,0.22989930494479166,0.64049060485,0.8703899097875,0.1880600001361901,Spring,0,0,0,0
182,26.53729166666667,27.164583333333333,0,0,27.181107794583333,25.99501679229167,3.560416666666667,8.322916666666666,14.24375,31.614583333333332,30.239583333333332,28.7375,0.270292768373,0.6667389112291666,0.9370316796229167,0.32702364955028973,Summer,0,0,0,0
183,26.436458333333334,27.052708333333335,0,0,25.943340553104168,24.82252927375,3.5479166666666666,8.3375,14.214583333333334,31.910416666666666,30.429166666666667,28.920833333333334,0.15240921796145834,0.6529004877610417,0.80530970573125,0.12035281225816481,Summer,0,0,0,0
184,26.155208333333334,26.66,0,0,28.315829694583332,27.567697545833333,3.4854166666666666,8.295833333333333,14.179166666666667,32.075,30.835416666666667,29.110416666666666,0.20253155257645833,0.592500794875,0.7950323474916666,0.1149786394682493,Summer,0,0,0,0
185,26.188958333333332,26.758541666666666,0,0,27.176695848125,26.061226657083335,3.5145833333333334,8.2625,14.152083333333334,32.40416666666667,31.1125,29.25,0.16302206624895835,0.6083555520754167,0.7713776183354166,0.10889903292695988,Summer,0,0,0,0
186,22.017500000000002,22.757291666666667,0.762,2,50.705453568541664,49.347795166666664,3.3041666666666667,8.45625,14.152083333333334,30.291666666666668,30.352083333333333,29.3125,0.47076862950916665,0.4076138897322917,0.87838251923125,0.44353382167581196,Summer,0,0,0,0
187,22.10333333333333,22.529791666666668,0,0,54.149223373125,53.906616462708335,3.3375,8.8375,14.729166666666666,29.36875,28.539583333333333,28.1375,0.37606290912100004,0.4077603562354167,0.7838232653625,0.4126162329180639,Summer,0,0,0,0
193,26.750208333333333,27.1825,0,0,31.145570526458332,30.529265187291667,6.7125,8.170833333333333,14.379166666666666,30.93125,29.533333333333335,28.2625,0.427775302805,0.4031096095741667,0.8308849123854166,0.16105533824673654,Summer,0,0,0,0
194,26.560208333333332,27.241458333333334,0,0,32.152981323958336,30.776288004375,6.347916666666666,8.202083333333333,14.339583333333334,31.485416666666666,29.772916666666667,28.597916666666666,0.5195853764875,0.36523896826375,0.88482434473125,0.23112378708054246,Summer,0,0,0,0
195,25.875,26.589166666666667,0.254,1,37.69867279479167,36.1943796375,5.770833333333333,8.291666666666666,14.25625,30.70625,29.758333333333333,28.939583333333335,0.40359539203645833,0.6203415550745833,1.02393694713125,0.3876213457673156,Summer,0,0,0,0
196,26.289583333333333,27.242291666666667,0.254,1,38.35761123458333,35.906721411875,5.154166666666667,8.55625,14.4125,29.441666666666666,28.804166666666667,28.485416666666666,0.6107047145582708,0.6965025721770833,1.30720728668125,0.27364228269764856,Summer,0,0,0,0
197,27.925416666666667,28.770625,0,0,30.513490620208334,28.710700598541667,4.929166666666666,8.51875,14.504166666666666,30.03125,29.116666666666667,28.19375,0.63577995738715,1.0633133607083334,1.6990933180625,0.29464859328644877,Summer,0,0,0,0
203,24.488333333333333,24.866458333333334,0,0,51.913436925625,52.414105294375,5.195833333333334,8.533333333333333,14.508333333333333,30.460416666666667,28.70625,28.075,0.23400085426958334,0.87634094714125,1.1103418014541666,0.15421762804020434,Summer,0,0,0,0
204,22.987916666666667,23.301458333333333,0.889,3,59.449656045833336,59.48146143583333,4.883333333333334,8.606250000000001,14.525,29.99375,28.402083333333334,28.15625,0.387926761111875,0.5456340703729167,0.9335608314666667,0.431814507313041,Summer,0,0,0,0
205,25.285,25.65375,0,0,44.669410112916665,44.7867670925,4.71875,8.575,14.525,30.422916666666666,28.597916666666666,28.179166666666667,0.43624269783016667,0.4994019679637208,0.9356446657791667,0.3165198067796727,Summer,0,0,0,0
206,25.597708333333333,26.239375,0,0,46.03603692145833,45.72554273083333,4.489583333333333,8.427083333333334,14.4625,30.26875,29.0125,28.41875,0.15018121985020833,0.7444661345129167,0.89464735436875,0.14667859965538244,Summer,0,0,0,0
207,27.109166666666667,27.497916666666665,0,0,43.35624089416667,43.45898650125,4.395833333333333,8.322916666666666,14.479166666666666,30.952083333333334,29.285416666666666,28.4625,0.13001226127854168,0.8731580684710417,1.003170329775,0.16424635140284058,Summer,0,0,0,0
208,26.916458333333335,27.822499999999998,3.302,1,40.99551855854167,38.87896309395833,4.14375,8.420833333333334,14.447916666666666,29.375,28.989583333333332,28.70625,0.6641358842837292,0.6190554014425,1.28319128573125,0.7456600199981055,Summer,0,0,0,0
209,25.499375,26.012916666666666,0,0,46.351029825208336,45.64209189229167,4.14375,8.802083333333334,14.70625,27.73125,27.039583333333333,27.56875,0.385278283723125,0.8144278269875,1.1997061107437499,0.3856161152790969,Summer,0,0,0,0
217,25.848333333333333,26.665625,0,0,44.82956846041667,43.22518257666667,11.9,8.5,14.760416666666666,27.022916666666667,26.695833333333333,26.352083333333333,0.04971097241458333,2.7530212110583334,2.8027321834791667,0.3326791075792777,Summer,0,0,0,0
223,21.858958333333334,22.741458333333334,0.254,1,62.234376284375,60.43539602375,11.845833333333333,9.452083333333333,15.564583333333333,23.872916666666665,23.591666666666665,24.20625,-2.2136744607962497,4.551887614008333,2.3382131525416665,0.737513532200482,Summer,0,0,0,0
224,24.158333333333335,25.387083333333333,0,0,49.772710321666665,46.45299820541667,11.010416666666666,8.93125,15.372916666666667,24.9375,24.4375,24.489583333333332,-1.7527111939083333,4.064721064104167,2.3120098700625,0.2606167120872422,Summer,0,0,0,0
225,26.145833333333332,27.368541666666665,0,0,35.88165009791667,32.818510986875,10.0875,8.564583333333333,14.941666666666666,26.45,25.41875,24.983333333333334,-2.4162015351083332,4.699859075727083,2.28365754075,0.3061115261846186,Summer,0,0,0,0
226,27.866666666666667,28.966041666666666,0,0,24.650619905833334,22.366337745625,9.220833333333333,8.235416666666667,14.710416666666667,27.020833333333332,26.422916666666666,25.710416666666667,-1.0311603573145833,3.2836689451666667,2.252508587729167,0.2641790953553559,Summer,0,0,0,0
227,26.266666666666666,26.831875,0,0,38.93364923083333,38.109434101666665,8.839583333333334,8.01875,14.36875,28.345833333333335,27.447916666666668,26.3125,-1.3164995326789375,3.343545718491667,2.0270461858125,0.371531916288031,Summer,0,0,0,0
228,26.098541666666666,26.873541666666668,0,0,35.87645829125,34.490286356666665,8.458333333333334,7.985416666666667,14.15,28.714583333333334,27.7875,26.814583333333335,-1.73029436209,3.45078869238125,1.7204943302291666,0.27545558995747127,Summer,0,0,0,0
229,25.972083333333334,26.708541666666665,0,0,32.110542977083334,30.802172337708335,8.1625,7.9625,13.93125,29.3625,28.214583333333334,27.2875,-1.7369542218291667,3.267283284325625,1.5303290625416666,0.24059494919546776,Summer,0,0,0,0
230,25.05645833333333,25.975,0,0,41.030633394375,39.522136447291665,7.660416666666666,8.020833333333334,14.008333333333333,28.516666666666666,28.116666666666667,27.422916666666666,-1.3282052087904166,2.7184393922895835,1.3902341834791667,0.22885842290439193,Summer,0,0,0,0
231,26.5175,27.532291666666666,0,0,32.83626172541667,31.000602381041666,7.4625,8.008333333333333,14.091666666666667,29.03125,28.18125,27.308333333333334,-0.9879012296935417,2.30001014734375,1.3121089176875,0.18160482347828358,Summer,0,0,0,0
232,28.939375,30.005208333333332,0,0,20.528301877708333,18.84397488395833,7.179166666666666,7.96875,14.01875,29.508333333333333,28.51875,27.58125,-0.5114168869833333,2.1109167032916667,1.5994998162708334,0.5647841165227252,Summer,0,0,0,0
245,24.401041666666668,25.24395833333333,0,0,46.339406028125,44.86107789979167,9.070833333333333,8.4875,0,25.94375,25.604166666666668,25.422916666666666,-1.1993340278979165,2.9858809840166667,1.7865469561041667,0.3924099870707538,Summer,0,0,0,0
246,25.032291666666666,26.063125,0,0,43.967180295,41.953115503125,8.420833333333333,8.489583333333334,0,26.233333333333334,25.820833333333333,25.510416666666668,-1.0998143220039582,2.47902915381875,1.3792148318125,0.19890868922398505,Summer,0,0,0,0
247,26.524791666666665,27.276875,0,0,28.387857752916666,26.967162267916667,8.01875,8.427083333333334,0,26.9625,26.270833333333332,25.710416666666667,-0.8544798771208333,2.406706512684375,1.5522266356875,0.3319002889257501,Summer,0,0,0,0
248,26.370833333333334,27.048125,0,0,27.353670141458334,26.319530232291665,7.654166666666667,8.33125,0,27.39375,26.760416666666668,26.06875,-0.26558693483583334,1.9189172777843333,1.6533303429166666,0.3227374192972978,Summer,0,0,0,0
249,25.434791666666666,26.23125,0,0,40.803396938333336,39.77827274020833,7.341666666666667,8.295833333333334,0,27.55625,27.18541666666667,26.420833333333334,-0.46283268489208335,2.081092946691667,1.6182602617083333,0.22252144468574536,Summer,0,0,0,0
250,22.697291666666665,23.531875,0,0,52.49970222708333,52.016943634166665,6.941666666666666,8.59375,0,26.066666666666666,26.258333333333333,26.09166666666667,-0.3955906545604167,1.80778104578125,1.4121903912708333,0.32525338987446045,Summer,0,0,0,0
251,22.95375,23.531666666666666,0,0,54.884899251875,55.19358277083333,6.795833333333333,8.7125,0,26.333333333333332,25.772916666666667,25.58125,-0.5415990064545834,1.9150742429,1.3734752364583334,0.5675104808081372,Summer,0,0,0,0
252,21.935625,22.592291666666668,0,0,64.52512061083333,64.72663621729167,6.595833333333333,8.6875,0,26.19375,26.016666666666666,25.74375,-0.5210179990135416,1.5976473867333334,1.0766293877791666,0.13202511335032735,Summer,0,0,0,0
253,21.741041666666668,22.088125,0,0,63.38994195958333,65.00022855125,6.433333333333334,8.729166666666666,0,26.172916666666666,25.995833333333334,25.629166666666666,-0.3217153266047917,1.3462205226123958,1.0245051959520834,0.15133961288910172,Summer,0,0,0,0
254,21.621458333333333,22.17395833333333,0,0,58.303102439375,59.027847592291664,6.235416666666667,8.8125,0,25.947916666666668,25.85,25.58125,-0.281743430600625,1.3290185115235416,1.0472750809833333,0.1845947674737741,Summer,0,0,0,0
255,23.280833333333334,24.389375,0,0,41.64196469729167,39.907276240416664,6.033333333333333,8.877083333333333,0,25.770833333333332,25.53333333333333,25.4,-0.04354934928725,1.4258063310229168,1.3822569818125,0.25779513049846925,Summer,0,0,0,0
256,23.725,24.477708333333332,0,0,37.54239721229167,36.87110407041666,5.841666666666667,8.927083333333334,0,25.579166666666666,25.56875,25.339583333333334,0.387727966314375,1.48314918336875,1.8708771497083334,0.3800906827221581,Summer,0,0,0,0
263,22.24625,23.315208333333334,0,0,37.94191809541667,35.95763774479167,9.085416666666667,9.18125,0,23.008333333333333,22.94375,23.072916666666668,-0.8030226148333334,2.198477718277083,1.3954551034375,0.21498824961410362,Summer,0,0,0,0
264,19.889375,20.692708333333332,1.016,1,65.21735589458333,64.51155868145834,8.179166666666667,9.170833333333334,0,23.23125,23.147916666666667,23.2625,-0.031676434795833305,1.4699531764437501,1.4382767416791666,0.6328169935976482,Summer,0,0,0,0
265,19.888958333333335,20.423333333333332,0,0,70.77355015020834,71.70574989,7.654166666666667,9.291666666666666,0,22.729166666666668,22.633333333333333,23.070833333333333,0.008695690091666649,1.2253024811735416,1.2339981712624999,0.5375067350073052,Summer,0,0,0,0
266,21.575208333333332,22.1375,0,0,59.829959564791665,60.237621843125,7.314583333333333,9.225,0,23.185416666666665,23.045833333333334,23.052083333333332,-0.07912295500041666,1.7299163980129166,1.6507934430416666,0.4437816236307993,Summer,0,0,0,0
272,20.161041666666666,21.272083333333335,0,0,42.757082760208334,40.59599367333333,13.785416666666666,12.252083333333333,0,19.829166666666666,19.847916666666666,20.289583333333333,-1.101279991810625,2.9570179160125,1.8557379241458334,0.28893882773982604,Summer,0,0,0,0
273,20.921041666666667,22.282291666666666,0,0,31.767433120416666,28.797864313520833,12.670833333333333,11.789583333333333,0,20,19.879166666666666,20.366666666666667,-1.21040887284375,3.0901832942666667,1.8797744214375,0.3424203114923255,Summer,0,0,0,0
274,19.104375,20.12125,0,0,38.19739609166667,36.508368875625,11.729166666666666,11.452083333333333,0,20.0125,19.8875,20.391666666666666,-1.0407849775333333,2.6664441142958335,1.6256591367916666,0.26129058983173886,Summer,0,0,0,0
275,17.776842105263157,19.028684210526315,0,0,60.86182848315789,58.666736146842105,11.131578947368421,10.884210526315789,0,20.905263157894737,20.568421052631578,20.710526315789473,0.13827503572473687,1.4027558079371052,1.5410308436842106,0.3797239873240215,Summer,0,0,0,0
276,21.077916666666667,22.060833333333335,0,0,46.998008881875,45.25802979541667,10.647916666666667,10.50625,0,21.164583333333333,20.835416666666667,20.841666666666665,-1.19553569498225,2.7498882884104168,1.5543525934375,0.19576988826675806,Summer,0,0,0,0
277,20.239166666666666,21.374166666666667,0.254,1,55.97471468354166,53.63183107104167,10.247916666666667,10.075,0,21.702083333333334,21.416666666666668,21.2375,-1.3698387410970834,2.783241364260417,1.4134026232083334,0.13110606657868093,Summer,0,0,0,0
278,20.761666666666667,22.034583333333334,0,0,41.5194911325,38.694798673125,9.772916666666667,10.029166666666667,0,21.620833333333334,21.2125,21.270833333333332,-1.7321239005958333,3.108409268329167,1.37628536775,0.18001000176140403,Summer,0,0,0,0
279,21.279583333333335,22.464166666666667,0,0,33.909605193958335,31.98382686875,9.358333333333333,9.952083333333333,0,21.514583333333334,21.191666666666666,21.35,-1.4552735221125,2.750042017785417,1.2947684956875,0.14398159181514855,Summer,0,0,0,0
280,21.544583333333332,22.389166666666668,0,0,36.54675552583333,35.647032877708334,9.008333333333333,9.889583333333333,0,21.63125,21.202083333333334,21.30625,-1.0002734810525,2.3818057087427085,1.3815322277083333,0.3346843389659974,Summer,0,0,0,0
281,21.469166666666666,22.264583333333334,0,0,42.66686445229167,42.07388144875,8.827083333333333,9.604166666666666,0,22.239583333333332,21.935416666666665,21.6125,-1.24973921439375,2.491471024528125,1.2417318100895833,0.28924976820002124,Summer,0,0,0,0
282,19.60333333333333,20.54083333333333,0,0,31.725825761458335,30.383168053958332,8.379166666666666,9.83125,0,21.08125,21.175,21.43541666666667,-1.3675287579047917,2.42763170556875,1.0601029475583332,0.24206411072663306,Summer,0,0,0,0
283,17.760833333333334,18.811041666666668,0,0,30.122270632708332,28.4285870675,8.008333333333333,10.047916666666667,0,20.14375,20.31041666666667,20.95,-1.38864323157375,2.2916804526291665,0.9030372210625,0.15829460338904328,Summer,0,0,0,0
284,17.1175,17.8325,0,0,28.893722884791668,28.218129337291668,7.808333333333334,10.183333333333334,0,19.739583333333332,19.6875,20.479166666666668,-0.8187472901822916,1.86363366776875,1.0448863776270834,0.38648374069963193,Summer,0,0,0,0
285,17.354166666666668,18.128333333333334,0,0,30.985941653333335,30.403743043958332,7.68125,10.122916666666667,0,19.889583333333334,19.827083333333334,20.354166666666668,-0.8888528285305667,1.8682419339833334,0.9793891054583334,0.19300394919530117,Summer,0,0,0,0
286,18.750833333333333,19.981458333333332,0,0,25.451635498541666,23.826587106875,7.4875,10.1875,0,19.564583333333335,19.589583333333334,20.120833333333334,-0.8332242585904167,1.78067822739375,0.9474539688416667,0.1391228962823177,Summer,0,0,0,0
287,17.472708333333333,18.524166666666666,0,0,49.857719766875,49.165259705833336,7.339583333333334,10.216666666666667,0,19.425,19.479166666666668,20,-0.5933987578022917,1.5205481465375,0.92714938873125,0.1407690614303641,Summer,0,0,0,0
288,18.820416666666667,19.808541666666667,0,0,35.710461384375,34.988345473125,7.291666666666667,10.191666666666666,0,19.84375,19.516666666666666,19.891666666666666,-0.6284580467050208,1.6557265163210833,1.0272684694458334,0.1662572877165712,Summer,0,0,0,0
289,19.665208333333332,20.344791666666666,0,0,31.985309407708332,31.696860116875,7.245833333333334,10.041666666666666,0,20.4875,20.035416666666666,20.170833333333334,-0.13973452263125,1.3717609870329166,1.2320264644104166,0.28756450052601434,Summer,0,0,0,0
290,19.547291666666666,20.16604166666667,0,0,39.39923124229167,39.47816105291667,7.08125,9.935416666666667,0,20.616666666666667,20.43125,20.34375,-0.36664799168145834,1.4399633885527083,1.0733153968708333,0.19172251443359992,Summer,0,0,0,0
291,16.594375,17.3175,0,0,44.853939736875,45.141956871041664,6.8875,9.933333333333334,0,20.189583333333335,20.245833333333334,20.433333333333334,-0.6692153729060417,1.4848287946775,0.8156134218145833,0.21165431988274874,Summer,0,0,0,0
292,16.220625,17.363958333333333,0,0,30.026088811666668,28.429492178333334,6.604166666666667,10.270833333333334,0,18.827083333333334,18.975,19.83125,-0.5776154159520833,1.1894124611075,0.6117970452416667,0.16857680041232712,Summer,0,0,0,0
293,15.424999999999999,16.671875,0,0,23.258216453333333,21.89671203125,6.38125,10.454166666666667,0,18.270833333333332,18.25208333333333,19.4,-0.5762294973169583,1.118771247598125,0.5425417503104166,0.08819866857200936,Summer,0,0,0,0
294,15.647499999999999,16.9375,0,0,17.409383425145833,16.311424164395834,6.15625,10.589583333333334,0,17.479166666666668,17.485416666666666,18.84583333333333,-0.5423691383425,1.109377143971429,0.56700800561875,0.17640474928368785,Summer,0,0,0,0
295,18.035208333333333,19.0925,0,0,14.586010825833334,13.967464891875,6.075,10.575,0,17.71875,17.5625,18.570833333333333,-0.237153467251875,0.8664937829125,0.62934031561875,0.1563385331892558,Summer,0,0,0,0
296,18.507083333333334,19.675625,0,0,16.25213498875,15.389405022291667,5.997916666666667,10.54375,0,17.947916666666668,17.716666666666665,18.53125,-0.18362222012916668,0.79375574485625,0.610133524675,0.09348483595387629,Summer,0,0,0,0
297,16.285625,17.404583333333335,0,0,16.588024239166668,16.045082417354166,5.85625,10.564583333333333,0,17.741666666666667,17.566666666666666,18.48125,-0.28535948596604166,0.8477280207116666,0.5623685347354167,0.0963742457081072,Summer,0,0,0,0
298,10.240083333333333,10.8966875,0,0,24.897364054791666,25.229410559791667,5.564583333333333,10.758333333333333,0,16.452083333333334,16.629166666666666,18.072916666666668,0.07986075619375001,0.5017324500395833,0.58159320625,0.29883134875726053,Summer,0,0,0,0
299,14.4565,15.774541666666666,0,0,16.0984866180625,15.380070556166666,5.391666666666667,10.958333333333334,0,15.783333333333333,15.889583333333333,17.383333333333333,-0.04948339108624167,0.591887868571875,0.5424044775166666,0.17698234202318242,Summer,0,0,0,0
300,16.756458333333335,17.670625,0,0,22.3623093375,22.070260440625,5.3625,10.825,0,16.229166666666668,16.2125,17.214583333333334,0.01611713164985417,0.6035587359451666,0.6196758675875,0.1313804381731365,Summer,0,0,0,0
301,13.552083333333334,14.38625,0,0,29.533577931666667,29.568124608333335,5.366666666666666,10.745833333333334,0,16.966666666666665,16.77916666666667,17.479166666666668,-0.14878853827520833,0.722222018303125,0.5734334800208334,0.19495069472462523,Summer,0,0,0,0
302,12.901208333333333,14.14375,0,0,26.566503479166666,25.694924468125,5.1,10.935416666666667,0,15.664583333333333,15.947916666666666,17.152083333333334,-0.2124135308675,0.6741968577958334,0.46178332698958335,0.14310768257775006,Summer,0,0,0,0
303,9.2131875,10.211125000000001,0,0,17.063039854166668,17.107828989166666,4.904166666666667,11.172916666666667,0,14.66875,14.91875,16.627083333333335,-0.009843126818916668,0.39383656694395835,0.38399344016041664,0.16997979248675896,Summer,0,0,0,0
304,10.073645833333334,10.956729166666667,0,0,10.624958996083333,11.257411005791667,4.775,11.335416666666667,0,13.929166666666667,14.066666666666666,15.964583333333334,0.06432502769122916,0.26875604380145834,0.3330810714958333,0.07171630327673852,Summer,0,0,0,0
305,14.462395833333334,15.792458333333332,0,0,16.120402093875,15.4013108338125,4.735416666666667,11.291666666666666,0,14.44375,14.2625,15.691666666666666,0.07446756907291667,0.3119650369139583,0.38643260598125,0.11500320180528227,Winter,0,0,0,0
306,15.358958333333334,16.585,0,0,17.228974460208335,16.533477964791665,4.760416666666667,11.09375,0,15.422916666666667,15.195833333333333,15.954166666666666,0.105485975175625,0.28830862916125,0.39379460435625,0.06270781768562907,Winter,0,0,0,0
307,16.164166666666667,17.428958333333334,0,0,23.542116803541667,22.769132293541666,4.741666666666667,10.960416666666667,0,15.875,15.84375,16.170833333333334,0.1665355707851875,0.255801502453125,0.42233707322083336,0.11013209915515139,Winter,0,0,0,0
308,17.666458333333335,18.763333333333332,0,0,26.803568087291666,26.327980212291667,4.73125,10.891666666666666,0,16.435416666666665,16.297916666666666,16.46666666666667,0.16760159321291668,0.2776536739985417,0.44525526723125,0.09010729978567326,Winter,0,0,0,0
309,18.083541666666665,19.216874999999998,0,0,39.028676572708335,37.826778406875,4.733333333333333,10.729166666666666,0,17.3375,16.991666666666667,16.870833333333334,0.3338539135502083,0.15405654810354166,0.4879104616666667,0.24013612671558526,Winter,0,0,0,0
310,17.010208333333335,18.247291666666666,0,0,44.17145422041666,42.75801091291667,4.5875,10.733333333333333,0,16.7875,17.1125,17.166666666666668,0.25096972159572917,0.23444910898354168,0.48541883056458335,0.24817558080766672,Winter,0,0,0,0
311,15.58,16.664166666666667,0,0,42.692961615,42.229346793333335,4.472916666666666,10.885416666666666,0,16.060416666666665,16.31458333333333,16.733333333333334,-0.03771064970833333,0.3923412854285417,0.35463063574375,0.06707438170021883,Winter,0,0,0,0
312,14.296458333333334,15.047708333333333,0,0,56.521382198124996,58.091135854791666,4.5625,10.7875,0,16.63125,16.514583333333334,16.81875,0.10267030276520835,0.2723361797866667,0.37500648252708335,0.11559429716173358,Winter,0,0,0,0
313,15.248125,16.004375,0,0,56.86586750708333,58.204165940833335,4.5625,10.816666666666666,0,16.78125,16.614583333333332,16.872916666666665,0.06142811911625,0.3163681195637292,0.3777962386791667,0.13184058294119166,Winter,0,0,0,0
314,17.128958333333333,18.239375,0,0,46.499857884583335,46.014746378333335,4.554166666666666,10.71875,0,16.93125,17.0625,17.070833333333333,0.06525529105166666,0.41967852919485416,0.484933820225,0.06511267794118485,Winter,0,0,0,0
315,15.17875,15.970833333333333,0,0,54.6347283375,55.75558012520833,4.497916666666667,10.727083333333333,0,16.74375,17.014583333333334,17.06041666666667,0.08112042950746458,0.48562950999233334,0.5667499394875,0.19956641256024318,Winter,0,0,0,0
316,9.2869375,9.712770833333334,0,0,59.33604965145833,62.356772275208336,4.445833333333334,10.85,0,16.320833333333333,16.458333333333332,17.035416666666666,0.387319183373125,0.17827479148708333,0.5655939748541666,0.2960245008175459,Winter,0,0,0,0
317,11.031354166666667,12.111479166666667,0,0,44.666905980208334,44.38955019083333,4.179166666666666,11.19375,0,14.429166666666667,14.75625,16.279166666666665,0.03361994201545833,0.38116100912291667,0.41478095116458336,0.15138558224128149,Winter,0,0,0,0
318,14.697916666666666,15.805625,0,0,28.434598475416667,27.693210658541666,4.172916666666667,11.160416666666666,0,14.639583333333334,14.754166666666666,15.8375,0.18258616710570832,0.18230412047520833,0.36489028756874997,0.07914465208852631,Winter,0,0,0,0
319,13.545833333333333,14.505833333333333,0,0,27.801945799583333,27.656862834791667,4.195833333333333,11.141666666666667,0,14.791666666666666,15.022916666666667,15.754166666666666,0.07404725465004167,0.2050798358208125,0.27912709047083334,0.1321928576283196,Winter,0,0,0,0
320,15.423125,16.645416666666666,0,0,30.296095457083332,29.385895310625,4.208333333333333,11.089583333333334,0,15.33125,15.239583333333334,15.764583333333334,0.012956006542958334,0.2603678465336042,0.27332385308958335,0.08783043599525175,Winter,0,0,0,0
321,15.473125,16.816666666666666,0,0,25.573105213125,24.689094009999998,4.085416666666666,11.108333333333333,0,14.891666666666666,15.170833333333333,15.83125,0.2173895915,0.24117917952083334,0.4585687710125,0.11915860557090333,Winter,0,0,0,0
322,16.894166666666667,18.41375,0,0,20.664149473958332,19.508022651666668,4.064583333333333,11.158333333333333,0,14.760416666666666,14.952083333333334,15.55,0.29364236525934373,0.44766144954375003,0.7413038147916666,0.15995545872819608,Winter,0,0,0,0
330,6.4824375,7.439354166666667,0,0,51.827135995625,51.53206967,13.539583333333333,17.583333333333332,0,9.785416666666666,10.141666666666667,12.05,0.150237376443125,0.319968860884625,0.47020623733541667,0.27275336946365625,Winter,0,0,0,0
331,6.633774193548387,7.8626774193548385,4.8260000000000005,8,86.74101604806451,85.60863730032258,13.119354838709677,17.658333333333335,0,8.23225806451613,9.087096774193549,11.406451612903226,0.15620063120935485,0.25554216931935486,0.41174280053870965,0.029312576085133418,Winter,0,0,0,0
340,13.625384615384615,14.61346153846154,0,0,48.12656842538462,48.18557585769231,15.807692307692308,22.376923076923077,0,11.657692307692308,10.892307692307693,11.007692307692308,0.17965032093376923,0.203198764135,0.3828490850653846,0.10103052235007422,Winter,0,0,0,0
341,13.520208333333333,14.7875,0,0,45.2322836875,43.90356734458334,15.464583333333334,21.916666666666668,0,11.035416666666666,11.041666666666666,11.247916666666667,0.056336017824583334,0.30120972698541665,0.35754574480833334,0.06610727648608868,Winter,0,0,0,0
342,10.390208333333334,11.43,2.667,4,72.288798805625,71.54789480604167,15.395833333333334,21.408333333333335,0,10.708333333333334,11.177083333333334,11.46875,0.13240255796239583,0.2810956212375,0.41349817920625,0.1993051413134845,Winter,0,0,0,0
348,11.7004375,13.086666666666666,0,0,44.442615678541664,42.75671448958333,16.43125,26.785416666666666,0,9.025,9.16875,9.883333333333333,0.14263999759229165,0.3744194548544167,0.5170594524416666,0.1071285723108044,Winter,0,0,0,0
349,9.359375,10.193208333333333,0,0,51.60912868270833,52.11280700708333,15.889583333333334,25.520833333333332,0,8.766666666666667,9.195833333333333,9.958333333333334,0.14139962388583333,0.33450841077625,0.47590803467291665,0.20223508931412304,Winter,0,0,0,0
350,3.1416875,4.235666666666667,0,0,47.97809705875,46.981194083125,15.2,25.829166666666666,0,6.960416666666666,7.716666666666667,9.429166666666667,0.10730896114729167,0.22585144780791666,0.33316040896666665,0.17074763055806044,Winter,0,0,0,0
351,1.57525,2.2668541666666666,0,0,28.11194554125,28.552219196041666,14.55,26.514583333333334,0,5.202083333333333,6.008333333333334,8.43125,0.4288078478970833,0.20807135563810417,0.6368792035270834,0.3934857061572318,Winter,0,0,0,0
352,2.6803541666666666,3.441875,0,0,33.698408172916665,34.35729397979166,14.095833333333333,26.39375,0,4.302083333333333,5.227083333333334,7.520833333333333,0.8059916849172917,0.10028045282602083,0.90627213774375,0.43802971022575665,Winter,0,0,0,0
353,5.5519375,6.634979166666667,0,0,36.078840048125,35.49005888854167,13.997916666666667,25.5,0,5.004166666666666,5.635416666666667,7.2125,0.19905737325979167,0.42301282604845836,0.62207019933125,0.15957641440811693,Winter,0,0,0,0
354,6.7038125,7.954479166666666,0,0,30.216966679791668,29.08092981875,13.822916666666666,24.866666666666667,0,5.210416666666666,5.7125,7.25,0.15458616091395833,0.36328612325604165,0.5178722841645833,0.11815441304431107,Winter,0,0,0,0
355,8.338708333333333,9.946375,0,0,19.611186924458334,18.018163155833335,13.647916666666667,24.28125,0,5.510416666666667,6.004166666666666,7.233333333333333,0.22372331898625,0.16230983009320835,0.386033149075,0.11692120605420643,Winter,0,0,0,0
356,8.693625,9.9783333333333335,0,0,18.569024116666668,17.68920314,13.510416666666666,23.579166666666666,0,5.985416666666667,6.49375,7.4125,0.29467933936560414,0.089248179039375,0.38392751840416667,0.19680034755460776,Winter,0,0,0,0
357,8.349083333333333,9.497,0,0,30.626038328125,30.092548264375,13.366666666666667,22.939583333333335,0,6.23125,6.835416666666667,7.560416666666667,0.12799392421958333,0.18642461037979166,0.31441853460208335,0.10319123945515533,Winter,0,0,0,0
