"","date","meanGPP","meanRsoil","sumRain","DOYn","DOY.x","DOY.y","PulseDays"
"1",2017-01-01,0.091480013309875,0.146041666666667,2.54,1,1,NA,0
"2",2017-01-02,0.112922488958729,0.170888888888889,0,2,2,NA,0
"3",2017-01-03,0.077096496019375,0.2285,0,3,3,NA,0
"4",2017-01-04,0.0615146716439792,0.330902777777778,0,4,4,NA,0
"5",2017-01-05,0.0404434871346833,0.344618055555556,0,5,5,NA,0
"6",2017-01-06,0.0246626190797917,0.330243055555556,0,6,6,NA,0
"7",2017-01-07,0.061333400800625,0.295902777777778,0,7,7,NA,0
"8",2017-01-08,0.167391022050229,0.352152777777778,0,8,8,NA,0
"9",2017-01-09,0.0858998397075,0.375590277777778,0,9,9,NA,0
"10",2017-01-10,0.0638907839645833,0.362083333333333,0,10,10,NA,0
"11",2017-01-11,0.0700740912840104,0.346527777777778,0,11,11,NA,0
"12",2017-01-12,0.0845688944341667,0.322743055555556,0,12,12,NA,0
"13",2017-01-13,0.213874203048333,0.303055555555556,0,13,13,NA,0
"14",2017-01-14,0.158186574368125,0.322159090909091,9.271,14,14,14,14
"15",2017-01-15,0.0248615527708333,0.129583333333333,5.969,15,15,15,15
"16",2017-01-16,0.201491271194021,0.16452380952381,0,16,16,16,16
"17",2017-01-17,0.175544171603958,0.206722222222222,0,17,17,17,17
"18",2017-01-18,0.249676168643958,0.185657894736842,0,18,18,18,18
"19",2017-01-19,0.276866001295417,0.241006944444444,0,19,19,19,19
"20",2017-01-20,0.142977480255,0.244270833333333,1.778,20,20,NA,0
"21",2017-01-21,0.255717889971875,0.111875,7.239,21,21,21,21
"22",2017-01-22,0.336314737670833,0.213869047619048,0,22,22,22,22
"23",2017-01-23,0.19658877316875,0.27231884057971,0.254,23,23,23,23
"24",2017-01-24,0.204633192874729,0.230173611111111,0.762,24,24,24,24
"25",2017-01-25,0.124769002915625,0.212465277777778,0,25,25,25,25
"26",2017-01-26,0.114122350466667,0.205,0,26,26,NA,0
"27",2017-01-27,0.0427850102377083,0.199791666666667,0,27,27,NA,0
"28",2017-01-28,0.0514991163284792,0.211736111111111,0,28,28,NA,0
"29",2017-01-29,0.033502174415,0.229652777777778,0,29,29,NA,0
"30",2017-01-30,0.0230256376914583,0.250138888888889,0,30,30,NA,0
"31",2017-01-31,0.013104690233125,0.286284722222222,0,31,31,NA,0
"32",2017-02-01,0.0546635967620833,0.29,0,32,32,NA,0
"33",2017-02-02,0.00926929634604167,0.308333333333333,0,33,33,NA,0
"34",2017-02-03,0.02352485327625,0.401833333333333,0,34,34,NA,0
"35",2017-02-04,0.00904331205020833,0.332638888888889,0,35,35,NA,0
"36",2017-02-05,0.008488402548125,0.363472222222222,0,36,36,NA,0
"37",2017-02-06,0.0528186881495833,0.332395833333333,0,37,37,NA,0
"38",2017-02-07,0.0337353283789375,0.3540625,0,38,38,NA,0
"39",2017-02-08,0.0612118947836042,0.38213768115942,0,39,39,NA,0
"40",2017-02-09,0.0303988260198125,0.431840277777778,0,40,40,NA,0
"41",2017-02-10,0.0287945028835417,0.480208333333333,0,41,41,NA,0
"42",2017-02-11,0.05996743616,0.489375,0,42,42,NA,0
"43",2017-02-12,0.0889242322827083,0.42625,0,43,43,NA,0
"44",2017-02-13,0.0484991348758958,0.391770833333333,2.794,44,44,NA,0
"45",2017-02-14,0.070426252890625,0.299097222222222,0.635,45,45,NA,0
"46",2017-02-15,0.142590998621667,0.368090277777778,0,46,46,NA,0
"47",2017-02-16,0.178685913416979,0.399652777777778,0,47,47,NA,0
"48",2017-02-17,0.187295557656458,0.395034722222222,0,48,48,NA,0
"49",2017-02-18,0.0730387814336958,0.363993055555556,0.254,49,49,NA,0
"50",2017-02-19,0.0830332045416667,0.298333333333333,1.27,50,50,NA,0
"51",2017-02-20,0.178211595000208,0.429756944444444,0,51,51,NA,0
"52",2017-02-21,0.28680154165125,0.484409722222222,0,52,52,NA,0
"53",2017-02-22,0.34240432224375,0.490909090909091,0,53,53,NA,0
"54",2017-02-23,0.225684250820833,0.46481884057971,0,54,54,NA,0
"55",2017-02-24,0.181942824413333,0.404305555555556,0,55,55,NA,0
"56",2017-02-25,0.3883034694625,0.398680555555556,0,56,56,NA,0
"57",2017-02-26,0.252852725318542,0.360833333333333,0,57,57,NA,0
"58",2017-02-27,0.375009232583125,NA,0,58,58,NA,0
"59",2017-02-28,0.265472089167083,NA,0,59,59,NA,0
"60",2017-03-01,0.500678876538542,NA,0,60,60,NA,0
"61",2017-03-02,0.481924679113333,NA,0,61,61,NA,0
"62",2017-03-03,0.274576766167917,NA,0,62,62,NA,0
"63",2017-03-04,0.50324844879375,NA,0,63,63,NA,0
"64",2017-03-05,0.367947455073958,NA,0,64,64,NA,0
"65",2017-03-06,0.465173061585625,NA,0,65,65,NA,0
"66",2017-03-07,0.618037011760417,NA,0,66,66,NA,0
"67",2017-03-08,0.548951368304167,NA,0,67,67,NA,0
"68",2017-03-09,0.670183683759792,NA,0,68,68,NA,0
"69",2017-03-10,0.654127994127708,NA,0,69,69,NA,0
"70",2017-03-13,0.390841176062917,NA,0,72,72,NA,0
"71",2017-03-14,0.391613586222917,NA,0,73,73,NA,0
"72",2017-03-15,0.521723956997917,0.918571428571429,0,74,74,NA,0
"73",2017-03-16,0.442122413341667,0.928333333333333,0,75,75,NA,0
"74",2017-03-17,0.551268713582708,0.911969696969697,0,76,76,NA,0
"75",2017-03-18,0.61734015789,0.971111111111111,0,77,77,NA,0
"76",2017-03-19,0.675772466790208,1.00861111111111,0,78,78,NA,0
"77",2017-03-20,0.599400140545208,1.01472222222222,0,79,79,NA,0
"78",2017-03-21,0.807121608848542,0.991111111111111,0,80,80,NA,0
"79",2017-03-22,0.655271317122917,0.988333333333333,0,81,81,NA,0
"80",2017-03-23,0.373512032023313,0.907916666666667,0,82,82,NA,0
"81",2017-03-24,0.826069657475,0.774583333333333,0,83,83,NA,0
"82",2017-03-25,0.810015697445,0.825833333333333,0,84,84,NA,0
"83",2017-03-26,0.925604348020833,0.845416666666667,0,85,85,NA,0
"84",2017-03-27,0.791639217133333,0.828695652173913,0,86,86,NA,0
"85",2017-03-28,0.5075737897975,0.950277777777778,2.286,87,87,NA,0
"86",2017-03-29,0.93338847595,0.782638888888889,0,88,88,NA,0
"87",2017-03-30,1.10397129534979,0.815,0,89,89,NA,0
"88",2017-03-31,0.623448886297646,0.750277777777778,0,90,90,NA,0
"89",2017-04-01,0.74376524823125,0.640972222222222,0,91,91,NA,0
"90",2017-04-02,0.945444115079792,0.658888888888889,0,92,92,NA,0
"91",2017-04-03,0.760590666635417,0.715972222222222,0,93,93,NA,0
"92",2017-04-04,0.66811732712625,0.695138888888889,0,94,94,NA,0
"93",2017-04-05,0.664071688983333,0.640833333333333,0,95,95,NA,0
"94",2017-04-06,0.656894223735417,0.655138888888889,0,96,96,NA,0
"95",2017-04-07,0.594021839506458,0.719305555555556,0,97,97,NA,0
"96",2017-04-08,0.519911914635,0.771944444444444,0,98,98,NA,0
"97",2017-04-09,0.76292226860125,0.673472222222222,0,99,99,NA,0
"98",2017-04-10,0.582309696118542,0.643194444444444,0,100,100,NA,0
"99",2017-04-11,0.438338387391667,0.652608695652174,0,101,101,NA,0
"100",2017-04-12,0.439453496005833,0.703611111111111,0,102,102,NA,0
"101",2017-04-13,0.305019842284167,0.692644927536232,0,103,103,NA,0
"102",2017-04-14,0.215399623657917,0.6825,0,104,104,NA,0
"103",2017-04-15,0.239904960423729,0.676006944444444,0,105,105,NA,0
"104",2017-04-16,0.225762231195,0.653229166666667,0,106,106,NA,0
"105",2017-04-17,0.291303909355833,0.659673913043478,0,107,107,NA,0
"106",2017-04-18,0.29234271504375,0.707916666666667,0,108,108,NA,0
"107",2017-04-19,0.281130593528667,0.711458333333333,0,109,109,NA,0
"108",2017-04-20,0.350101735802708,0.682395833333333,0,110,110,NA,0
"109",2017-04-21,0.308381106409583,0.672083333333333,0,111,111,NA,0
"110",2017-04-22,0.456470797165,0.668020833333333,0,112,112,NA,0
"111",2017-04-23,0.4628883296875,0.656458333333333,0,113,113,NA,0
"112",2017-04-24,0.503448891583333,0.6575,0,114,114,NA,0
"113",2017-04-25,0.515472893641667,0.683229166666667,0,115,115,NA,0
"114",2017-04-26,0.418956309313125,0.601449275362319,0,116,116,NA,0
"115",2017-04-27,0.536217384414583,0.6265625,0,117,117,NA,0
"116",2017-04-28,0.404424136909833,0.6165625,0,118,118,NA,0
"117",2017-04-29,0.468330485220833,0.538298611111111,0,119,119,NA,0
"118",2017-04-30,0.342106817237708,0.513263888888889,0,120,120,NA,0
"119",2017-05-01,0.195674742093875,0.529340277777778,0,121,121,NA,0
"120",2017-05-02,0.15742945633875,0.536527777777778,0,122,122,NA,0
"121",2017-05-03,0.0789354625634583,0.578958333333333,0,123,123,NA,0
"122",2017-05-04,0.1415833656075,0.58,0,124,124,NA,0
"123",2017-05-05,0.109362266061458,0.577604166666667,0,125,125,NA,0
"124",2017-05-06,0.0774753765953333,0.557604166666667,0,126,126,NA,0
"125",2017-05-07,0.088707184436875,0.492777777777778,0,127,127,NA,0
"126",2017-05-08,0.15334291242136,0.455069444444444,0,128,128,NA,0
"127",2017-05-09,0.127445063996833,0.465555555555556,1.651,129,129,NA,0
"128",2017-05-10,0.0414176474479167,0.57625,0,130,130,NA,0
"129",2017-05-11,0.141505204132083,0.457777777777778,0,131,131,NA,0
"130",2017-05-12,0.0730554482929167,0.456022727272727,0,132,132,NA,0
"131",2017-05-13,0.0697330779370833,0.483819444444444,0,133,133,NA,0
"132",2017-05-14,0.04867226428,0.441875,0,134,134,NA,0
"133",2017-05-15,0.0442165764064583,0.445520833333333,0,135,135,NA,0
"134",2017-05-16,0.240705927890833,0.423263888888889,0,136,136,NA,0
"135",2017-05-17,0.258473054708333,0.432430555555556,0,137,137,NA,0
"136",2017-05-18,0.390236627642083,0.462101449275362,0,138,138,NA,0
"137",2017-05-19,0.398340107084375,0.457361111111111,0,139,139,NA,0
"138",2017-05-20,0.2340738487275,0.445034722222222,0,140,140,NA,0
"139",2017-05-21,0.125006034915625,0.496875,0,141,141,NA,0
"140",2017-05-22,0.171974317578958,0.531215277777778,0,142,142,NA,0
"141",2017-05-23,0.229804897597292,0.55875,0,143,143,NA,0
"142",2017-05-24,0.202573132099583,0.568194444444444,0,144,144,NA,0
"143",2017-05-25,0.116446303822271,0.568576388888889,0,145,145,NA,0
"144",2017-05-26,0.149305056951875,0.514021739130435,0,146,146,NA,0
"145",2017-05-27,0.173936097297917,0.500416666666667,0,147,147,NA,0
"146",2017-05-28,0.174440559659583,0.464340277777778,0,148,148,NA,0
"147",2017-05-29,0.179334848385833,0.461284722222222,0,149,149,NA,0
"148",2017-05-30,0.154412974775292,0.470104166666667,0,150,150,NA,0
"149",2017-05-31,0.0380132229850417,0.434930555555556,0,151,151,NA,0
"150",2017-06-01,0.0675469558858333,0.409895833333333,0,152,152,NA,0
"151",2017-06-02,0.149522382765208,0.454409722222222,0,153,153,NA,0
"152",2017-06-03,0.157134482741458,0.478055555555556,0,154,154,NA,0
"153",2017-06-04,0.0884074567689792,0.487048611111111,0,155,155,NA,0
"154",2017-06-05,0.0531318329389583,0.521739130434783,0,156,156,NA,0
"155",2017-06-06,0.099785719764375,0.531458333333333,0,157,157,NA,0
"156",2017-06-07,0.123851611454167,0.718229166666667,1.397,158,158,NA,0
"157",2017-06-08,0.0642194842554167,0.4971875,0,159,159,NA,0
"158",2017-06-09,0.0808806436133125,0.488368055555556,0,160,160,NA,0
"159",2017-06-10,0.0437252999116667,0.463333333333333,0,161,161,NA,0
"160",2017-06-11,0.0498092938845833,0.463472222222222,0,162,162,NA,0
"161",2017-06-12,0.0142376255585417,0.470347222222222,0,163,163,NA,0
"162",2017-06-13,0.0472036519213333,0.482222222222222,0,164,164,NA,0
"163",2017-06-14,0.04088174363125,0.495,0,165,165,NA,0
"164",2017-06-15,0.116467463114375,0.5121875,0,166,166,NA,0
"165",2017-06-16,0.05200056729375,0.539375,0,167,167,NA,0
"166",2017-06-17,0.0457755039329167,0.538576388888889,0,168,168,NA,0
"167",2017-06-18,0.0822716931072917,0.556979166666667,0,169,169,NA,0
"168",2017-06-19,0.0831895756604167,0.577638888888889,0,170,170,NA,0
"169",2017-06-20,0.135344867342292,0.640208333333333,0,171,171,NA,0
"170",2017-06-21,0.432773140456667,1.05315217391304,6.35,172,172,172,172
"171",2017-06-22,0.0701391414729167,1.16431818181818,0,173,173,173,173
"172",2017-06-23,0.3627410765925,0.698875,0,174,174,174,174
"173",2017-06-24,0.618899063301042,0.631402777777778,0,175,175,175,175
"174",2017-06-25,0.632367271842083,0.548291666666667,25.654,176,176,176,176
"175",2017-06-26,0.145342542008187,2.19765277777778,1.651,177,177,177,177
"176",2017-06-27,0.271991581058333,2.3548125,0,178,178,178,178
"177",2017-06-28,0.297490533607292,1.936,0,179,179,179,179
"178",2017-06-29,0.4507872375125,1.72991666666667,0,180,180,180,180
"179",2017-06-30,0.57386437095,1.4995,0,181,181,NA,0
"180",2017-07-01,0.4375014599,1.34383333333333,0,182,182,NA,0
"181",2017-07-02,0.633375226777292,1.13141666666667,0,183,183,NA,0
"182",2017-07-03,0.713105076380833,0.809159090909091,59.944,184,184,184,184
"183",2017-07-04,0.320532446412396,2.1426875,0,185,185,185,185
"184",2017-07-05,1.09628963761458,2.41335416666667,0,186,186,186,186
"185",2017-07-06,1.72660513723333,2.32316666666667,0,187,187,187,187
"186",2017-07-07,2.19087779655625,2.150125,0,188,188,188,188
"187",2017-07-08,2.55221646186875,2.00375,0,189,189,NA,0
"188",2017-07-09,2.09784036321271,1.40977777777778,8.509,190,190,190,190
"189",2017-07-10,2.42190855136875,2.09350574712644,2.159,191,191,191,191
"190",2017-07-11,3.17683167024979,2.33898550724638,0,192,192,192,192
"191",2017-07-12,2.279728936325,1.07418115942029,14.732,193,193,193,193
"192",2017-07-13,3.59742215455,1.770475,39.751,194,194,194,194
"193",2017-07-14,3.72018189790625,1.76569565217391,0,195,195,195,195
"194",2017-07-15,3.81738883300417,2.0720652173913,0.635,196,196,196,196
"195",2017-07-16,2.84108667104854,1.70607971014493,2.286,197,197,197,197
"196",2017-07-17,3.23439635702708,1.23951449275362,8.128,198,198,198,198
"197",2017-07-18,3.80431301798688,1.78138888888889,0,199,199,199,199
"198",2017-07-19,3.59234171781667,1.97139583333333,0,200,200,200,200
"199",2017-07-20,3.84899592568542,2.07450757575758,0,201,201,201,201
"200",2017-07-21,3.49148012930563,1.88681944444444,0.508,202,202,202,202
"201",2017-07-22,3.09203920387708,1.47181884057971,2.413,203,203,NA,0
"202",2017-07-23,3.6952046248875,1.44129166666667,2.032,204,204,NA,0
"203",2017-07-24,4.21181212185317,1.87186363636364,0,205,205,NA,0
"204",2017-07-25,5.43878002270208,2.06768115942029,0,206,206,NA,0
"205",2017-07-26,3.71783284363125,1.33058695652174,11.684,207,207,207,207
"206",2017-07-27,4.38665053621875,1.1865652173913,8.382,208,208,208,208
"207",2017-07-28,4.77322589996667,1.29461363636364,29.464,209,209,209,209
"208",2017-07-29,4.11912566535417,0.927108695652174,3.683,210,210,210,210
"209",2017-07-30,4.1299934866875,1.54844444444444,2.286,211,211,211,211
"210",2017-07-31,4.319382233425,2.29894927536232,0,212,212,212,212
"211",2017-08-01,4.45920638847917,0.883598484848485,11.684,213,213,213,213
"212",2017-08-02,4.07440036244958,1.31618055555556,23.368,214,214,214,214
"213",2017-08-03,4.91523368708333,1.54880555555556,0,215,215,215,215
"214",2017-08-04,5.3971507481875,2.16919444444444,0,216,216,216,216
"215",2017-08-05,5.74483932937292,2.4465,0,217,217,217,217
"216",2017-08-06,5.9653008338375,2.52325,0,218,218,218,218
"217",2017-08-07,6.1363390459375,2.53025,0,219,219,NA,0
"218",2017-08-08,5.5021509914375,2.57441666666667,0,220,220,NA,0
"219",2017-08-09,4.12169082254167,2.42690277777778,0,221,221,NA,0
"220",2017-08-10,4.19622427375,1.78806944444444,9.779,222,222,222,222
"221",2017-08-11,4.93447182058333,2.10377083333333,0,223,223,223,223
"222",2017-08-12,4.85830061889583,2.21429166666667,25.654,224,224,224,224
"223",2017-08-13,4.85891259780625,1.19806944444444,0,225,225,225,225
"224",2017-08-14,4.18974436889583,1.84947222222222,0,226,226,226,226
"225",2017-08-15,5.51264074808333,2.08808333333333,0,227,227,227,227
"226",2017-08-16,5.31887923449792,2.11992424242424,0,228,228,228,228
"227",2017-08-17,5.22120872790909,2.29176388888889,0,229,229,NA,0
"228",2017-08-18,5.73647521735417,2.31980555555556,0,230,230,NA,0
"229",2017-08-19,4.39734622640874,2.21368055555556,0,231,231,NA,0
"230",2017-08-20,4.18893468838125,2.01479166666667,0.254,232,232,NA,0
"231",2017-08-21,5.49288175289583,2.03905555555556,0,233,233,NA,0
"232",2017-08-22,5.218785127,2.14229861111111,0,234,234,NA,0
"233",2017-08-23,3.90895038727083,1.95409722222222,2.794,235,235,NA,0
"234",2017-08-24,4.47908666572917,2.06601449275362,0,236,236,NA,0
"235",2017-08-25,4.149968442375,1.52163888888889,4.191,237,237,NA,0
"236",2017-08-26,4.5385743211875,1.90371527777778,0,238,238,NA,0
"237",2017-08-27,4.451499004375,1.96752777777778,0,239,239,NA,0
"238",2017-08-28,4.39812235810417,1.90418055555556,0,240,240,NA,0
"239",2017-08-29,3.44931250755333,1.92254166666667,0,241,241,NA,0
"240",2017-08-30,3.32292235407417,1.79894444444444,0,242,242,NA,0
"241",2017-08-31,3.01812432367,1.69577777777778,0,243,243,NA,0
"242",2017-09-01,2.90312935258333,1.70975694444444,0,244,244,NA,0
"243",2017-09-02,2.07597930342708,1.53409722222222,0,245,245,NA,0
"244",2017-09-03,2.60776607271875,1.55375,0,246,246,NA,0
"245",2017-09-04,2.51143325989583,1.57279861111111,0,247,247,NA,0
"246",2017-09-05,2.1689936117875,1.52840277777778,0,248,248,NA,0
"247",2017-09-06,2.22693626944792,1.436625,0,249,249,NA,0
"248",2017-09-07,2.34030460929375,1.37259722222222,0,250,250,NA,0
"249",2017-09-08,2.15771083173958,1.36276388888889,0.381,251,251,NA,0
"250",2017-09-09,1.95253421792521,1.32501388888889,0,252,252,NA,0
"251",2017-09-10,2.04750124844854,1.25648611111111,0,253,253,NA,0
"252",2017-09-11,2.03451445338125,1.24719444444444,0,254,254,NA,0
"253",2017-09-12,1.91514490136458,1.20679861111111,0,255,255,NA,0
"254",2017-09-13,1.80363324482708,1.22142857142857,0,256,256,NA,0
"255",2017-09-14,1.49818898886042,1.18509722222222,0,257,257,NA,0
"256",2017-09-15,1.27020071111896,1.08002777777778,0,258,258,NA,0
"257",2017-09-16,1.32847788105546,1.03605555555556,0,259,259,NA,0
"258",2017-09-17,1.22623097478333,0.976458333333333,0,260,260,NA,0
"259",2017-09-18,1.27190976003187,0.949993055555556,0,261,261,NA,0
"260",2017-09-19,1.2227195115375,0.955180555555556,0,262,262,NA,0
"261",2017-09-20,1.32991729733542,0.919,0,263,263,NA,0
"262",2017-09-21,0.98987907573625,0.970333333333333,0,264,264,NA,0
"263",2017-09-22,0.748964923848542,0.996944444444444,0,265,265,NA,0
"264",2017-09-23,0.8958050133575,0.892916666666667,0,266,266,NA,0
"265",2017-09-24,1.01584956429646,0.822555555555556,0,267,267,NA,0
"266",2017-09-25,0.980973547475833,0.756296296296296,0,268,268,NA,0
"267",2017-09-26,0.894534695029792,0.760694444444444,0,269,269,NA,0
"268",2017-09-27,0.8885149033625,0.779666666666667,0,270,270,NA,0
"269",2017-09-28,0.88787102155625,0.745111111111111,0,271,271,NA,0
"270",2017-09-29,0.896083440633312,0.78,0,272,272,NA,0
"271",2017-09-30,0.84314018734375,0.782569444444444,0,273,273,NA,0
"272",2017-10-01,0.848510840270833,0.743166666666667,0,274,274,NA,0
"273",2017-10-02,0.412920019998646,0.708055555555556,0,275,275,NA,0
"274",2017-10-03,0.58406243563125,0.687694444444444,0,276,276,NA,0
"275",2017-10-04,0.641112795006458,0.700902777777778,0,277,277,NA,0
"276",2017-10-05,0.66616088903125,0.811818181818182,0.762,278,278,NA,0
"277",2017-10-06,0.598683062866667,0.728,0,279,279,NA,0
"278",2017-10-07,0.543669316464792,0.603236111111111,0,280,280,NA,0
"279",2017-10-08,0.459728418940417,0.622680555555556,0,281,281,NA,0
"280",2017-10-09,0.523836074067292,0.591229166666667,0,282,282,NA,0
"281",2017-10-10,0.73764062060625,0.569027777777778,0,283,283,NA,0
"282",2017-10-11,0.522489993332979,0.586791666666667,0,284,284,NA,0
"283",2017-10-12,0.47287252883125,0.651465277777778,0.254,285,285,NA,0
"284",2017-10-13,0.4754932755375,0.575611111111111,0,286,286,NA,0
"285",2017-10-14,0.585058856392917,0.572180555555556,0,287,287,NA,0
"286",2017-10-15,0.511086548979167,0.545527777777778,0,288,288,NA,0
"287",2017-10-16,0.487774051772083,0.544888888888889,0,289,289,NA,0
"288",2017-10-17,0.467487536833333,0.551465277777778,0,290,290,NA,0
"289",2017-10-18,0.4369286958375,0.544486111111111,0,291,291,NA,0
"290",2017-10-19,0.409333538187083,0.504694444444444,0,292,292,NA,0
"291",2017-10-20,0.341102812874792,0.506694444444444,0,293,293,NA,0
"292",2017-10-21,0.48635894979625,0.461597222222222,0,294,294,NA,0
"293",2017-10-22,0.378830014462708,0.448479166666667,0,295,295,NA,0
"294",2017-10-23,0.377979755260417,0.439824561403509,0,296,296,NA,0
"295",2017-10-24,0.417092003391646,0.449152777777778,0,297,297,NA,0
"296",2017-10-25,0.552446609328958,0.416736111111111,0,298,298,NA,0
"297",2017-10-26,0.324735019968542,0.437548611111111,0,299,299,NA,0
"298",2017-10-27,0.343495596948333,0.426576388888889,0,300,300,NA,0
"299",2017-10-28,0.170943676674792,0.396201388888889,0,301,301,NA,0
"300",2017-10-29,0.26808667256125,0.396381944444444,0,302,302,NA,0
"301",2017-10-30,0.249518553821667,0.417395833333333,1.016,303,303,NA,0
"302",2017-10-31,0.10760904779025,0.504409722222222,0,304,304,NA,0
"303",2017-11-01,0.226997155825833,0.389659722222222,0,305,305,NA,0
"304",2017-11-02,0.135720343156458,0.364104166666667,0,306,306,NA,0
"305",2017-11-03,0.114051417503023,0.361123456790123,0,307,307,NA,0
"306",2017-11-04,0.174800548852083,0.353756944444444,0,308,308,NA,0
"307",2017-11-05,0.174615870013958,0.363805555555556,0,309,309,NA,0
"308",2017-11-06,0.233142782373125,0.357270833333333,0,310,310,NA,0
"309",2017-11-07,0.360118037735625,0.372159722222222,1.143,311,311,NA,0
"310",2017-11-08,0.0686699295075,0.647784722222222,1.651,312,312,NA,0
"311",2017-11-09,0.237267878537083,0.444152777777778,0,313,313,NA,0
"312",2017-11-10,0.302557367507604,0.401159722222222,0,314,314,NA,0
"313",2017-11-11,0.27201169836875,0.367770833333333,0,315,315,NA,0
"314",2017-11-12,0.37413008831625,0.349694444444444,0,316,316,NA,0
"315",2017-11-13,0.227175731495208,0.3615625,0,317,317,NA,0
"316",2017-11-14,0.160498654089167,0.360472222222222,0,318,318,NA,0
"317",2017-11-15,0.236984487821313,0.343972222222222,0,319,319,NA,0
"318",2017-11-16,0.132914071956667,0.342666666666667,0,320,320,NA,0
"319",2017-11-17,0.0995885330105833,0.340833333333333,0,321,321,NA,0
"320",2017-11-18,0.236330620130208,0.319444444444444,0,322,322,NA,0
"321",2017-11-19,0.345028602754375,0.287090277777778,0,323,323,NA,0
"322",2017-11-20,0.17037189301625,0.275465277777778,0,324,324,NA,0
"323",2017-11-21,0.25836056634,0.286847222222222,0,325,325,NA,0
"324",2017-11-22,0.256654507432187,0.283868055555556,0,326,326,NA,0
"325",2017-11-23,0.174504525154792,0.301229166666667,0,327,327,NA,0
"326",2017-11-24,0.145136782079167,0.303979166666667,0,328,328,NA,0
"327",2017-11-25,0.178763284313583,0.298006944444444,0,329,329,NA,0
"328",2017-11-26,0.172270956652292,0.297583333333333,0,330,330,NA,0
"329",2017-11-27,0.155618285416458,0.293153846153846,0,331,331,NA,0
"330",2017-12-20,0.0975728974938298,0.298375,0,354,354,NA,0
"331",2017-12-21,0.0443597522227083,0.235416666666667,0,355,355,NA,0
"332",2017-12-22,0.117752525238125,0.202882352941176,0,356,356,NA,0
"333",2017-12-23,0.131927726074417,0.231083333333333,0,357,357,NA,0
"334",2017-12-24,0.114132970843958,0.251069444444444,0,358,358,NA,0
"335",2017-12-25,0.0355092166992646,0.2478125,0,359,359,NA,0
"336",2017-12-26,0.0472231677120833,0.241402777777778,0,360,360,NA,0
"337",2017-12-27,0.0839945470954167,0.242743055555556,0,361,361,NA,0
"338",2017-12-28,0.0948117912304167,0.243756944444444,0,362,362,NA,0
"339",2017-12-29,0.101199455869375,0.241854166666667,0,363,363,NA,0
"340",2017-12-30,0.106866418283958,0.247666666666667,0,364,364,NA,0
"341",2017-12-31,0.0810574033325,0.244458333333333,0,365,365,NA,0
"342",2018-01-01,0.174930686745,0.248878787878788,0,1,1,NA,0
"343",2018-01-02,0.147155501714167,0.233608695652174,0,2,2,NA,0
"344",2018-01-03,0.104690086123542,0.217833333333333,0,3,3,NA,0
"345",2018-01-04,0.176792609389954,0.232,0,4,4,NA,0
"346",2018-01-05,0.207306702906042,0.218833333333333,0,5,5,NA,0
"347",2018-01-06,0.27691198896725,0.222298611111111,0,6,6,NA,0
"348",2018-01-07,0.2307256222575,0.232326388888889,0,7,7,NA,0
"349",2018-01-08,0.30174132804375,0.228666666666667,0,8,8,NA,0
"350",2018-01-09,0.307282852225,0.232333333333333,0,9,9,NA,0
"351",2018-01-10,0.115609790949167,0.291923611111111,1.524,10,10,NA,0
"352",2018-01-11,0.269950916552375,0.2305625,0,11,11,NA,0
"353",2018-01-12,0.282537226604167,0.21118253968254,0,12,12,NA,0
"354",2018-01-13,0.239282070957625,0.205769841269841,0,13,13,NA,0
"355",2018-01-14,0.181124988998958,0.198673913043478,0,14,14,NA,0
"356",2018-01-15,0.119069400407083,0.205702898550725,0,15,15,NA,0
"357",2018-01-16,0.152738011084583,0.166181818181818,0,16,16,NA,0
"358",2018-01-17,0.315667003779917,0.211666666666667,0,17,17,NA,0
"359",2018-01-18,0.25173154486625,0.200892156862745,0,18,18,NA,0
"360",2018-01-19,0.248952326405625,0.227,0,19,19,NA,0
"361",2018-01-20,0.184790510279792,0.239743055555556,2.54,20,20,NA,0
"362",2018-01-21,0.0971636167041667,0.196825,0,21,21,NA,0
"363",2018-01-22,0.226308296841042,0.236712121212121,0,22,22,NA,0
"364",2018-01-23,0.114852068155833,0.237333333333333,0,23,23,NA,0
"365",2018-01-24,0.0635523780299167,0.232583333333333,0,24,24,NA,0
"366",2018-01-25,0.0991799194213333,0.232633333333333,0,25,25,NA,0
"367",2018-01-26,0.0780938523665208,0.239144444444444,0,26,26,NA,0
"368",2018-01-27,0.0630625918321042,0.232777777777778,0,27,27,NA,0
"369",2018-01-28,0.0563741566864583,0.228072916666667,0,28,28,NA,0
"370",2018-01-29,0.0251582916292708,0.220823529411765,0,29,29,NA,0
"371",2018-01-30,0.125083536700167,0.2355,0,30,30,NA,0
"372",2018-01-31,0.106211630261727,0.225952380952381,0,31,31,NA,0
"373",2018-02-01,0.0785262901185833,0.231761904761905,0,32,32,NA,0
"374",2018-02-02,0.101274181545417,0.249380952380952,0,33,33,NA,0
"375",2018-02-03,0.106333953009792,0.228402777777778,0,34,34,NA,0
"376",2018-02-04,0.07384692417625,0.241816666666667,0,35,35,NA,0
"377",2018-02-05,0.0865680947635417,0.258,0,36,36,NA,0
"378",2018-02-06,0.07491437720875,0.234409090909091,0,37,37,NA,0
"379",2018-02-07,0.0501382153908125,0.213188405797101,0,38,38,NA,0
"380",2018-02-08,0.0621312118502083,0.223533333333333,0,39,39,NA,0
"381",2018-02-09,0.0389922666798125,0.253436507936508,0,40,40,NA,0
"382",2018-02-10,0.0914635050505625,0.260092592592593,0,41,41,NA,0
"383",2018-02-11,0.0780040455385417,0.211798611111111,0,42,42,NA,0
"384",2018-02-12,0.062511847315625,0.232206349206349,0,43,43,NA,0
"385",2018-02-13,0.080512989151875,0.223929824561404,0,44,44,NA,0
"386",2018-02-14,0.0703449892183333,0.302673611111111,3.556,45,45,NA,0
"387",2018-02-15,0.00594133946666667,0.275618055555556,17.145,46,46,46,46
"388",2018-02-16,0.00155370308104167,0.267355072463768,15.367,47,47,47,47
"389",2018-02-17,0.180954492605417,0.294304347826087,0,48,48,48,48
"390",2018-02-18,0.0381892883508333,0.377805555555556,0.762,49,49,49,49
"391",2018-02-19,0.0280096660560417,0.3800625,2.159,50,50,50,50
"392",2018-02-20,0.0451598073418542,0.411486111111111,0,51,51,51,51
"393",2018-02-21,0.0996336858708333,0.422597222222222,0,52,52,NA,0
"394",2018-02-22,0.07105266469425,0.360118055555556,0,53,53,NA,0
"395",2018-02-23,0.170775472964792,0.349430555555556,0,54,54,NA,0
"396",2018-02-24,0.117604430698979,0.323381944444444,0,55,55,NA,0
"397",2018-02-25,0.07282376487875,0.312985507246377,0,56,56,NA,0
"398",2018-02-26,0.0561141817528333,0.340625,0,57,57,NA,0
"399",2018-02-27,0.0460131268647917,0.319714285714286,0,58,58,NA,0
"400",2018-02-28,0.0999802790558333,0.282597222222222,3.175,59,59,NA,0
"401",2018-03-01,0.0263660440602083,0.329583333333333,0,60,60,NA,0
"402",2018-03-02,0.0789244809075,0.371569444444444,0,61,61,NA,0
"403",2018-03-03,0.0504216933025,0.383965277777778,0,62,62,NA,0
"404",2018-03-04,0.140091595102917,0.379222222222222,0,63,63,NA,0
"405",2018-03-05,0.12594641982625,0.391326388888889,0,64,64,NA,0
"406",2018-03-06,0.168160117211062,0.393715277777778,0,65,65,NA,0
"407",2018-03-07,0.131206570039312,0.432520833333333,0,66,66,NA,0
"408",2018-03-08,0.111555663832917,0.445138888888889,0,67,67,NA,0
"409",2018-03-09,0.112299135869375,0.482083333333333,0,68,68,NA,0
"410",2018-03-10,0.0895554450395833,0.454909722222222,0,69,69,NA,0
"411",2018-03-11,0.133326645731396,0.498,0,70,70,NA,0
"412",2018-03-12,0.151560784492708,0.470680555555556,0,71,71,NA,0
"413",2018-03-13,0.238227883445833,0.527708333333333,0,72,72,NA,0
"414",2018-03-14,0.416098925385417,0.552138888888889,0,73,73,NA,0
"415",2018-03-15,0.518688663935833,0.523347826086957,0,74,74,NA,0
"416",2018-03-16,0.348978649113125,0.473909722222222,0,75,75,NA,0
"417",2018-03-17,0.275932974597854,0.505784722222222,0,76,76,NA,0
"418",2018-03-18,0.284201705198625,0.489527777777778,0,77,77,NA,0
"419",2018-03-19,0.370264003192292,0.467222222222222,0,78,78,NA,0
"420",2018-03-20,0.3318713889025,0.491993055555556,0,79,79,NA,0
"421",2018-03-21,0.37061340324125,0.568354166666667,0,80,80,NA,0
"422",2018-03-22,0.391524011052083,0.622895833333333,0,81,81,NA,0
"423",2018-03-23,0.366278543537563,0.684680555555556,0,82,82,NA,0
"424",2018-03-24,0.37219845434875,0.6078125,0,83,83,NA,0
"425",2018-03-25,0.542139393088333,0.518,0,84,84,NA,0
"426",2018-03-26,0.383260247533333,0.531884057971014,0,85,85,NA,0
"427",2018-03-27,0.359393102514375,0.487760869565217,0,86,86,NA,0
"428",2018-03-28,0.491679446490063,0.497736111111111,0,87,87,NA,0
"429",2018-03-29,0.544276015505271,0.54125,0,88,88,NA,0
"430",2018-03-30,0.455332669692083,0.604465277777778,0,89,89,NA,0
"431",2018-03-31,0.568374817636667,0.632097222222222,0,90,90,NA,0
"432",2018-04-01,0.59845106351875,0.638020833333333,0,91,91,NA,0
"433",2018-04-02,0.725760981629167,0.637126666666667,0,92,92,NA,0
"434",2018-04-03,0.724767048359125,0.663608695652174,0,93,93,NA,0
"435",2018-04-04,0.650752541272917,0.673652777777778,0,94,94,NA,0
"436",2018-04-05,0.732740169453542,0.7245625,0,95,95,NA,0
"437",2018-04-06,0.804071039267729,0.766347222222222,0,96,96,NA,0
"438",2018-04-07,0.722656238574167,0.786381944444444,0,97,97,NA,0
"439",2018-04-08,0.825227364860417,0.783055555555556,0,98,98,NA,0
"440",2018-04-09,0.732960642908333,0.733021739130435,0,99,99,NA,0
"441",2018-04-10,0.76266939835,0.775756944444444,0,100,100,NA,0
"442",2018-04-11,0.800405783277083,0.827118055555556,0,101,101,NA,0
"443",2018-04-12,0.944914880073417,0.826805555555556,0,102,102,NA,0
"444",2018-04-13,0.762083818933152,0.645722222222222,0,103,103,NA,0
"445",2018-04-14,0.46883998310875,0.586243055555556,0,104,104,NA,0
"446",2018-04-15,0.495034578727083,0.610868055555556,0,105,105,NA,0
"447",2018-04-16,0.491361625072708,0.607638888888889,0,106,106,NA,0
"448",2018-04-17,0.858945936910625,0.637777777777778,0,107,107,NA,0
"449",2018-04-18,0.529344449016667,0.607495238095238,0,108,108,NA,0
"450",2018-04-19,0.49617320986875,0.5935,0,109,109,NA,0
"451",2018-04-20,0.526045534486875,0.565527777777778,0,110,110,NA,0
"452",2018-04-21,0.37898792655,0.555916666666667,0,111,111,NA,0
"453",2018-04-22,0.233964111657292,0.572902777777778,0,112,112,NA,0
"454",2018-04-23,0.3366813598875,0.597375,0,113,113,NA,0
"455",2018-04-24,0.329156151138125,0.602263888888889,0,114,114,NA,0
"456",2018-04-25,0.318294704319062,0.613291666666667,0,115,115,NA,0
"457",2018-04-26,0.449633070399792,0.5963125,0,116,116,NA,0
"458",2018-04-27,0.233313972462292,0.633506944444444,0,117,117,NA,0
"459",2018-04-28,0.319708703801042,0.615909722222222,0,118,118,NA,0
"460",2018-04-29,0.29997402746625,0.57825,0,119,119,NA,0
"461",2018-04-30,0.246989150231125,0.546409722222222,0,120,120,NA,0
"462",2018-05-01,0.230742706986746,0.477343137254902,0,121,121,NA,0
"463",2018-05-02,0.352233674602292,0.481083333333333,0,122,122,NA,0
"464",2018-05-03,0.2787572453575,0.466611111111111,0,123,123,NA,0
"465",2018-05-04,0.250227972362292,0.491069444444444,0,124,124,NA,0
"466",2018-05-05,0.124702968299792,0.524520833333333,0,125,125,NA,0
"467",2018-05-06,0.156077488389583,0.562444444444444,0,126,126,NA,0
"468",2018-05-07,0.237341002975208,0.5808125,0,127,127,NA,0
"469",2018-05-08,0.185084874295625,0.599458333333333,0,128,128,NA,0
"470",2018-05-09,0.185955546829583,0.630083333333333,0,129,129,NA,0
"471",2018-05-10,0.195283205706667,0.873454545454545,0,130,130,NA,0
"472",2018-05-11,0.150333062326042,1.03891666666667,0,131,131,NA,0
"473",2018-05-12,0.153690337478333,0.99,0,132,132,NA,0
"474",2018-05-13,0.25816362834625,0.909916666666667,0,133,133,NA,0
"475",2018-05-14,0.210130295215625,1.00139583333333,0,134,134,NA,0
"476",2018-05-15,0.170153213941458,1.01341666666667,0,135,135,NA,0
"477",2018-05-16,0.143785484899375,0.982395833333333,0,136,136,NA,0
"478",2018-05-17,0.259833475538542,0.978583333333333,0,137,137,NA,0
"479",2018-05-18,0.171427116624167,0.938597222222222,0,138,138,NA,0
"480",2018-05-19,0.135117364986813,0.916583333333333,0,139,139,NA,0
"481",2018-05-20,0.101339692850208,0.895375,0,140,140,NA,0
"482",2018-05-21,0.0918546866768333,0.897152777777778,0,141,141,NA,0
"483",2018-05-22,0.07937586864375,0.902166666666667,0,142,142,NA,0
"484",2018-05-23,0.133815498678958,0.872076388888889,0,143,143,NA,0
"485",2018-05-24,0.151748327447187,0.868465277777778,0,144,144,NA,0
"486",2018-05-25,0.103824093534167,0.907541666666667,0,145,145,NA,0
"487",2018-05-26,0.194702752407083,0.880875,0,146,146,NA,0
"488",2018-05-27,0.246420141338333,0.903409722222222,0,147,147,NA,0
"489",2018-05-28,0.244743501209792,0.898472222222222,0,148,148,NA,0
"490",2018-05-29,0.237940292508958,0.930277777777778,0,149,149,NA,0
"491",2018-05-30,0.164985179677917,0.843416666666667,0,150,150,NA,0
"492",2018-05-31,0.107066554740833,0.739486111111111,0,151,151,NA,0
"493",2018-06-01,0.0920688507786458,0.774548611111111,0,152,152,NA,0
"494",2018-06-02,0.0701800442074583,0.730638888888889,0,153,153,NA,0
"495",2018-06-03,0.09282200449125,0.692833333333333,0,154,154,NA,0
"496",2018-06-04,0.0875951504402083,0.714479166666667,0,155,155,NA,0
"497",2018-06-05,0.199950240252708,0.667416666666667,0,156,156,NA,0
"498",2018-06-06,0.239439148396167,0.701520833333333,0,157,157,NA,0
"499",2018-06-07,0.0842981877564583,0.666145833333333,0,158,158,NA,0
"500",2018-06-08,0.0776065353499583,0.660833333333333,0,159,159,NA,0
"501",2018-06-09,0.0950871888033125,0.640048611111111,0,160,160,NA,0
"502",2018-06-10,0.0767333649577083,0.643354166666667,0,161,161,NA,0
"503",2018-06-11,0.0173009694518292,0.640194444444444,0,162,162,NA,0
"504",2018-06-12,0.0458998295896667,0.607159722222222,0,163,163,NA,0
"505",2018-06-13,0.103258492468021,0.647520833333333,0,164,164,NA,0
"506",2018-06-14,0.132217222931792,0.668777777777778,0,165,165,NA,0
"507",2018-06-15,0.163174499882083,NA,7.874,166,166,166,166
"508",2018-06-16,0,NA,22.352,167,167,167,167
"509",2018-06-17,0,5.8,0,168,168,168,168
"510",2018-06-18,0.0385742594172917,NA,0,169,169,169,169
"511",2018-06-19,0.292324096621458,NA,0,170,170,170,170
"512",2018-06-20,0.647341844554167,NA,0,171,171,171,171
"513",2018-06-21,1.00164581523604,NA,0,172,172,NA,0
"514",2018-06-22,1.11455755779871,NA,0,173,173,NA,0
"515",2018-06-23,0.972269723122917,NA,0,174,174,NA,0
"516",2018-06-24,0.910493346491667,NA,0,175,175,NA,0
"517",2018-06-25,0.750064968001625,NA,0,176,176,NA,0
"518",2018-06-26,0.73860185756875,5.4,0,177,177,NA,0
"519",2018-06-27,0.900798684018979,NA,0,178,178,NA,0
"520",2018-06-28,0.651654516817917,NA,0.381,179,179,NA,0
"521",2018-06-29,0.598723593299375,0.922114583333333,0.254,180,180,NA,0
"522",2018-06-30,0.595698885021458,0.750145833333333,0,181,181,NA,0
"523",2018-07-01,0.4147923104,0.69125,0,182,182,NA,0
"524",2018-07-02,0.382432928559583,0.695166666666667,0,183,183,NA,0
"525",2018-07-03,0.2701697934975,0.660666666666667,0,184,184,NA,0
"526",2018-07-04,0.4744967388625,0.640729166666667,0,185,185,NA,0
"527",2018-07-05,0.282911964244583,0.671319444444444,0,186,186,NA,0
"528",2018-07-06,0.0624791283979167,0.674895833333333,0,187,187,NA,0
"529",2018-07-07,0.558878018539583,0.609131944444444,0,188,188,NA,0
"530",2018-07-08,0.66251872294375,0.5975,0,189,189,NA,0
"531",2018-07-09,0.456965341655625,0.553541666666667,0,190,190,NA,0
"532",2018-07-10,0.41719750428125,0.751111111111111,22.098,191,191,191,191
"533",2018-07-11,0.141383594154583,1.35291666666667,1.397,192,192,192,192
"534",2018-07-12,0.472780825404167,1.08057638888889,13.462,193,193,193,193
"535",2018-07-13,0.510168347014583,1.50630434782609,1.905,194,194,194,194
"536",2018-07-14,0.859638200513958,1.72204861111111,0.254,195,195,195,195
"537",2018-07-15,1.60453795301917,1.47172916666667,2.159,196,196,196,196
"538",2018-07-16,1.53459667434375,1.35861111111111,8.636,197,197,197,197
"539",2018-07-17,1.97493809047292,1.67343055555556,0,198,198,198,198
"540",2018-07-18,2.56520165400313,2.35722222222222,0,199,199,199,199
"541",2018-07-19,3.03868083259792,2.3954375,0,200,200,200,200
"542",2018-07-20,3.0466286718125,2.05640972222222,7.239,201,201,201,201
"543",2018-07-21,3.0541309884125,2.28861111111111,1.143,202,202,202,202
"544",2018-07-22,3.59276327295,2.75808333333333,0,203,203,203,203
"545",2018-07-23,3.88258580459375,2.74034027777778,0,204,204,204,204
"546",2018-07-24,3.88645162974479,2.49205555555556,0,205,205,205,205
"547",2018-07-25,3.70068237056667,2.12805555555556,1.143,206,206,NA,0
"548",2018-07-26,3.10044928340521,2.0368125,0,207,207,NA,0
"549",2018-07-27,3.05103875524167,1.73153472222222,0,208,208,NA,0
"550",2018-07-28,2.54904610490625,1.64194444444444,0.508,209,209,NA,0
"551",2018-07-29,2.25271287168958,1.41259722222222,2.794,210,210,NA,0
"552",2018-07-30,2.27794296935417,1.51585507246377,9.271,211,211,211,211
"553",2018-07-31,2.79724544897917,1.80034722222222,0,212,212,212,212
"554",2018-08-01,2.93897603007917,1.99575694444444,0,213,213,213,213
"555",2018-08-02,2.18980711908146,1.68628205128205,0,214,214,214,214
"556",2018-09-01,3.02927055478542,1.7275,0,244,244,NA,0
"557",2018-09-02,2.70072063544375,1.354,8.636,245,245,245,245
"558",2018-09-03,3.16225122166667,1.579,6.096,246,246,246,246
"559",2018-09-04,3.02104750692292,1.472,0,247,247,247,247
"560",2018-09-05,2.8811770496625,1.848,0,248,248,248,248
"561",2018-09-06,3.21526416688913,1.617,0,249,249,249,249
"562",2018-09-07,3.2527719821,1.3425,0,250,250,250,250
"563",2018-09-10,2.65686647846875,1.4,0,253,253,NA,0
"564",2018-09-11,2.741556357625,1.55983333333333,0,254,254,NA,0
"565",2018-09-13,2.82096176082917,1.59705555555556,0,256,256,NA,0
"566",2018-09-14,2.5216547932625,1.54914285714286,0,257,257,NA,0
"567",2018-09-15,2.4321216908,1.48142424242424,0,258,258,NA,0
"568",2018-09-16,2.15797824285417,1.37680303030303,0,259,259,NA,0
"569",2018-09-17,2.47545395584375,1.35624242424242,0,260,260,NA,0
"570",2018-09-18,2.47938294818958,1.38863768115942,0.635,261,261,NA,0
"571",2018-09-19,1.31596437016667,1.27834848484848,13.462,262,262,262,262
"572",2018-09-20,2.32665038416437,1.44817391304348,0.254,263,263,263,263
"573",2018-09-21,2.97583923123833,1.49997222222222,0,264,264,264,264
"574",2018-09-22,2.68477576121271,1.42240277777778,0,265,265,265,265
"575",2018-09-23,2.49827795336792,1.3891884057971,0,266,266,266,266
"576",2018-09-24,1.79881095005417,1.43336507936508,0,267,267,NA,0
"577",2018-09-25,2.10632158292271,1.30145833333333,0,268,268,NA,0
"578",2018-09-26,1.86348670039083,1.2976,0,269,269,NA,0
"579",2018-09-27,1.99475973977667,1.22554166666667,0,270,270,NA,0
"580",2018-09-28,1.9080105469625,1.16438888888889,0,271,271,NA,0
"581",2018-09-29,1.58986970820917,1.08982638888889,0,272,272,NA,0
"582",2018-09-30,1.37347797120083,1.00929861111111,0,273,273,NA,0
"583",2018-10-01,1.12240253219667,0.856534722222222,4.953,274,274,NA,0
"584",2018-10-02,1.54443432763958,0.977291666666667,0,275,275,NA,0
"585",2018-10-03,1.67595328179146,0.917208333333333,0,276,276,NA,0
"586",2018-10-04,1.74425628622917,0.908013888888889,0,277,277,NA,0
"587",2018-10-05,1.61353663895396,0.873638888888889,0,278,278,NA,0
"588",2018-10-06,1.26582465158937,0.782034722222222,0,279,279,NA,0
"589",2018-10-07,0.919768661723958,0.748055555555556,0,280,280,NA,0
"590",2018-10-08,0.961638504485833,0.586305555555556,0,281,281,NA,0
"591",2018-10-09,1.1130371686875,0.566826388888889,0,282,282,NA,0
"592",2018-10-10,1.14618819951042,0.562645833333333,0,283,283,NA,0
"593",2018-10-11,0.991059329245833,0.556805555555556,0,284,284,NA,0
"594",2018-10-12,0.48740591959375,0.428388888888889,12.573,285,285,285,285
"595",2018-10-13,0.64627140815625,0.403076388888889,1.397,286,286,286,286
"596",2018-10-14,0.7563005227875,0.568608695652174,0,287,287,287,287
"597",2018-10-15,0.707396698397917,0.511768115942029,12.446,288,288,288,288
"598",2018-10-16,0.706646315983333,0.271409722222222,6.985,289,289,289,289
"599",2018-10-17,0.814118830302292,0.428013888888889,0,290,290,290,290
"600",2018-10-18,0.805993438704375,0.617222222222222,0,291,291,291,291
"601",2018-10-19,0.94087072775625,0.709902777777778,0,292,292,292,292
"602",2018-10-20,0.702535188581458,0.714958333333333,0,293,293,293,293
"603",2018-10-21,1.01596783401937,0.622275362318841,7.112,294,294,294,294
"604",2018-10-22,1.09542027791958,0.545944444444444,0,295,295,295,295
"605",2018-10-23,0.208884353506417,0.383018518518519,21.971,296,296,296,296
"606",2018-10-24,0.905208262564583,0.363625,0,297,297,297,297
"607",2018-10-25,0.770047264196583,0.58675,0,298,298,298,298
"608",2018-10-26,0.685498614428958,0.695604166666667,0,299,299,299,299
"609",2018-10-27,0.690395563314583,0.742652777777778,0,300,300,300,300
"610",2018-10-28,0.896738558036042,0.778486111111111,0,301,301,NA,0
"611",2018-10-29,1.02065943871667,0.818680555555556,0,302,302,NA,0
"612",2018-10-30,0.904515017022917,0.780902777777778,0,303,303,NA,0
"613",2018-10-31,0.813228953773694,0.738930555555556,0,304,304,NA,0
"614",2018-11-01,1.00425181460669,0.664333333333333,0,305,305,NA,0
"615",2018-11-02,1.02313964812271,0.661265151515152,0,306,306,NA,0
"616",2018-11-03,0.929992491591667,0.701875,0,307,307,NA,0
"617",2018-11-04,0.961010860229167,0.712666666666667,0,308,308,NA,0
"618",2018-11-05,1.07730467608125,0.747166666666667,0,309,309,NA,0
"619",2018-11-06,1.04619128237083,0.737,0,310,310,NA,0
"620",2018-11-07,1.24292975272292,0.753666666666667,0,311,311,NA,0
"621",2018-11-08,1.0977640637875,0.736180555555556,0,312,312,NA,0
"622",2018-11-09,0.912161830527708,0.708791666666667,0,313,313,NA,0
"623",2018-11-10,1.02368540103917,0.663625,0,314,314,NA,0
"624",2018-11-11,0.930461884571042,0.650152777777778,0,315,315,NA,0
"625",2018-11-12,0.456037892373687,0.555152777777778,0,316,316,NA,0
"626",2018-11-13,0.144475274469896,0.473888888888889,0,317,317,NA,0
"627",2018-11-14,0.0923473256645625,0.444569444444444,0,318,318,NA,0
"628",2018-11-15,0.190457613598833,0.459180555555556,0,319,319,NA,0
"629",2018-11-16,0.426138404414187,0.505055555555556,0,320,320,NA,0
"630",2018-11-17,0.422068398991667,0.469416666666667,0,321,321,NA,0
"631",2018-11-18,0.44904532775875,0.475916666666667,0,322,322,NA,0
"632",2018-11-19,0.494663510831042,0.466277777777778,0,323,323,NA,0
"633",2018-11-20,0.1702969911125,0.482166666666667,0,324,324,NA,0
"634",2018-11-21,0.39540657403125,0.475131944444444,0,325,325,NA,0
"635",2018-11-22,0.19873226796,0.473277777777778,0,326,326,NA,0
"636",2018-11-23,0.465629029009792,0.440819444444444,0,327,327,NA,0
"637",2018-11-24,0.311486530156042,0.462597222222222,0,328,328,NA,0
"638",2018-11-25,0.431007978621875,0.436527777777778,0,329,329,NA,0
"639",2018-11-26,0.203101943411042,0.416486111111111,0,330,330,NA,0
"640",2018-11-27,0.326363920887292,0.423256944444444,0,331,331,NA,0
"641",2018-11-28,0.322188832277083,0.428361111111111,0,332,332,NA,0
"642",2018-11-29,0.366624280478542,0.443819444444444,0,333,333,NA,0
"643",2018-11-30,0.148173497050833,0.378395833333333,6.604,334,334,334,334
"644",2018-12-01,0.1579884197225,0.306847222222222,0,335,335,335,335
"645",2018-12-02,0.225849833949604,0.372395833333333,0,336,336,336,336
"646",2018-12-03,0.346857372906042,0.3766875,0,337,337,337,337
"647",2018-12-04,0.300841716821875,0.374930555555556,0,338,338,338,338
"648",2018-12-05,0.19877774785375,0.378402777777778,0,339,339,NA,0
"649",2018-12-06,0.3242224854966,0.431618055555556,0,340,340,NA,0
"650",2018-12-07,0.113765788209792,0.279047619047619,17.78,341,341,341,341
"651",2018-12-08,0.183811207304167,0.176611111111111,0,342,342,342,342
"652",2018-12-09,0.345034662277708,0.210444444444444,0,343,343,343,343
"653",2018-12-10,0.246186754120625,0.244106060606061,0,344,344,344,344
"654",2018-12-11,0.276949594253125,0.293888888888889,0,345,345,345,345
"655",2018-12-12,0.38140820340875,0.328923611111111,0,346,346,NA,0
"656",2018-12-13,0.345480869601479,0.271006944444444,0,347,347,NA,0
"657",2018-12-14,0.34019064385,0.246361111111111,0,348,348,NA,0
"658",2018-12-15,0.206931133079583,0.256888888888889,0,349,349,NA,0
"659",2018-12-16,0.119511910990958,0.293069444444444,0,350,350,NA,0
"660",2018-12-17,0.176879327549375,0.335576388888889,0,351,351,NA,0
"661",2018-12-18,0.111762057368542,0.328,0,352,352,NA,0
"662",2018-12-19,0.187964322544167,0.300260869565217,0,353,353,NA,0
"663",2018-12-20,0.189822425873542,0.302708333333333,0,354,354,NA,0
"664",2018-12-21,0.177884981420208,0.301256944444444,0,355,355,NA,0
"665",2018-12-22,0.24450328308875,0.312541666666667,0,356,356,NA,0
"666",2018-12-23,0.278194005891667,0.319541666666667,0,357,357,NA,0
"667",2018-12-24,0.271267720708333,0.330840277777778,0,358,358,NA,0
"668",2018-12-25,0.258814466733333,0.339604166666667,0,359,359,NA,0
"669",2018-12-26,0.270609408514167,0.325527777777778,1.905,360,360,NA,0
"670",2018-12-27,0.135975034482708,0.271,0,361,361,NA,0
"671",2018-12-28,0.15814909037639,0.202962962962963,5.715,362,362,362,362
"672",2018-12-29,0.224083472532917,0.188703703703704,0,363,363,363,363
"673",2018-12-30,0.204382968329375,0.210391304347826,0,364,364,364,364
"674",2018-12-31,0.167509997139021,0.2173125,0,365,365,365,365
"675",2019-01-01,0.329845672252917,0.216424242424242,0.508,1,1,1,1
"676",2019-01-02,0.0954510476443333,0.16725,2.921,2,2,NA,0
"677",2019-01-03,0.283543392161875,0.174166666666667,0,3,3,NA,0
"678",2019-01-04,0.0762873191535417,0.18866,0,4,4,NA,0
"679",2019-01-05,0.221607412980208,0.225194444444444,0,5,5,NA,0
"680",2019-01-06,0.113489041807292,0.198204545454545,9.017,6,6,6,6
"681",2019-01-07,0.254033370874167,0.168722222222222,0,7,7,7,7
"682",2019-01-08,0.165699206427917,0.192354166666667,0,8,8,8,8
"683",2019-01-09,0.225167709367083,0.23725,0,9,9,9,9
"684",2019-01-10,0.291435672225333,0.211458333333333,1.905,10,10,10,10
"685",2019-01-11,0.150594354159583,0.244083333333333,0,11,11,NA,0
"686",2019-01-12,0.267747074837083,0.231583333333333,0,12,12,NA,0
"687",2019-01-13,0.253866307485417,0.239659722222222,0,13,13,NA,0
"688",2019-01-14,0.184899657327083,0.245388888888889,0,14,14,NA,0
"689",2019-01-15,0.17801146543625,0.263888888888889,0,15,15,NA,0
"690",2019-01-16,0.223335681460796,0.270527777777778,0,16,16,NA,0
"691",2019-01-17,0.204916558931458,0.293375,0,17,17,NA,0
"692",2019-01-18,0.307866704493333,0.329152777777778,0,18,18,NA,0
"693",2019-01-19,0.169593610873125,0.254256944444444,0,19,19,NA,0
"694",2019-01-20,0.185251375716896,0.269895833333333,0,20,20,NA,0
"695",2019-01-21,0.321102313814792,0.333375,0,21,21,NA,0
"696",2019-01-22,0.229540796240854,0.266763888888889,0,22,22,NA,0
"697",2019-01-23,0.234119081845833,0.238152777777778,0,23,23,NA,0
"698",2019-01-24,0.2711908178875,0.247152777777778,0,24,24,NA,0
"699",2019-01-25,0.254112580136667,0.258,0,25,25,NA,0
"700",2019-01-26,0.249986848421667,0.505705882352941,0,26,26,NA,0
"701",2019-01-27,0.136494637983937,NA,0,27,27,NA,0
"702",2019-01-28,0.172116704176542,NA,0,28,28,NA,0
"703",2019-01-29,0.2910045609225,NA,0,29,29,NA,0
"704",2019-01-30,0.29770977744375,NA,0,30,30,NA,0
"705",2019-01-31,0.275302623614167,NA,0,31,31,NA,0
"706",2019-02-01,0.149906299421357,NA,0,32,32,NA,0
"707",2019-02-02,0.299515256875,NA,0,33,33,NA,0
"708",2019-02-03,0.214086517030583,NA,1.016,34,34,NA,0
"709",2019-02-04,0.269713941607923,NA,0,35,35,NA,0
"710",2019-02-05,0.261326000913667,NA,0,36,36,NA,0
"711",2019-02-06,0.162913034055833,NA,0,37,37,NA,0
"712",2019-02-07,0.252548307354583,NA,0,38,38,NA,0
"713",2019-02-08,0.1011069707275,NA,0,39,39,NA,0
"714",2019-02-09,0.174628838603125,NA,0,40,40,NA,0
"715",2019-02-10,0.223414099784792,NA,6.604,41,41,41,41
"716",2019-02-11,0.06095759866,NA,0,42,42,42,42
"717",2019-02-12,0.097749229271875,NA,0,43,43,43,43
"718",2019-02-13,0.2184229507175,NA,0,44,44,44,44
"719",2019-02-14,0.22157092699675,NA,1.651,45,45,45,45
"720",2019-02-15,0.237280056167917,NA,1.397,46,46,NA,0
"721",2019-02-16,0.27756843953375,NA,0,47,47,NA,0
"722",2019-02-17,0.31383441732375,NA,0,48,48,NA,0
"723",2019-02-18,0.212319836483958,NA,0,49,49,NA,0
"724",2019-02-19,0.070649734109375,NA,5.842,50,50,50,50
"725",2019-02-20,0.118766041209188,NA,0,51,51,51,51
"726",2019-02-21,0.131106930635333,NA,0,52,52,52,52
"727",2019-02-22,0.172120076772708,NA,12.319,53,53,53,53
"728",2019-02-23,0.246191345280208,NA,0.254,54,54,54,54
"729",2019-02-24,0.143394480792708,NA,0,55,55,55,55
"730",2019-02-25,0.139800202602604,NA,0,56,56,56,56
"731",2019-02-26,0.1066776550995,NA,0,57,57,57,57
"732",2019-02-27,0.0291830157913043,0.277090277777778,0,58,58,NA,0
"733",2019-02-28,0.190463117716596,0.299034722222222,0,59,59,NA,0
"734",2019-03-01,0.213774922948936,0.314666666666667,0,60,60,NA,0
"735",2019-03-02,0.23028813356625,0.361388888888889,0,61,61,NA,0
"736",2019-03-03,0.198228784287292,0.386777777777778,0,62,62,NA,0
"737",2019-03-04,0.230983259846341,0.370458333333333,0,63,63,NA,0
"738",2019-03-05,0.2435382328348,0.364722222222222,0,64,64,NA,0
"739",2019-03-06,0.366492487540208,0.433791666666667,0,65,65,NA,0
"740",2019-03-07,0.324065427408333,0.387166666666667,0,66,66,NA,0
"741",2019-03-08,0.198142843980208,0.390041666666667,0,67,67,NA,0
"742",2019-03-09,0.372022982177083,0.316854166666667,0,68,68,NA,0
"743",2019-03-10,0.339838502978542,0.316243055555556,0,69,69,NA,0
"744",2019-03-11,0.401208767591042,0.410972222222222,7.112,70,70,70,70
"745",2019-03-12,0.106687818371042,0.146340579710145,26.162,71,71,71,71
"746",2019-03-13,0.462242908981875,0.142145833333333,0,72,72,72,72
"747",2019-03-14,0.516394528431042,0.274513888888889,0,73,73,73,73
"748",2019-03-15,0.106386692607708,0.246430555555556,0,74,74,74,74
"749",2019-03-16,0.222813641241667,0.286083333333333,0,75,75,75,75
"750",2019-03-17,0.273380493803333,0.315118055555556,0,76,76,NA,0
"751",2019-03-18,0.262742441513333,0.354166666666667,0,77,77,NA,0
"752",2019-03-19,0.399417610228333,0.406805555555556,0,78,78,NA,0
"753",2019-03-20,0.428980292630333,0.440347222222222,0,79,79,NA,0
"754",2019-03-21,0.458849793220646,0.443666666666667,0,80,80,NA,0
"755",2019-03-22,0.484575900630833,0.462194444444444,0,81,81,NA,0
"756",2019-03-23,0.525574626866667,0.471444444444444,0,82,82,NA,0
"757",2019-03-24,0.522409839578917,0.502694444444444,0,83,83,NA,0
"758",2019-03-25,0.521720236849708,0.548791666666667,0,84,84,NA,0
"759",2019-03-26,0.802501215218354,0.601333333333333,0,85,85,NA,0
"760",2019-03-27,0.940388525991667,0.64819696969697,0,86,86,NA,0
"761",2019-03-28,0.996199615488958,0.740305555555556,0,87,87,NA,0
"762",2019-03-29,1.00742217391667,0.777013888888889,0,88,88,NA,0
"763",2019-03-30,1.04805042559896,0.671513888888889,0,89,89,NA,0
"764",2019-03-31,1.01899128938333,0.738611111111111,0,90,90,NA,0
"765",2019-04-01,1.04954949645833,0.65775,0,91,91,NA,0
"766",2019-04-02,1.32964976441771,0.764680555555556,0,92,92,NA,0
"767",2019-04-03,1.32407666545417,0.815969696969697,0,93,93,NA,0
"768",2019-04-04,1.15797066498812,0.722152777777778,0,94,94,NA,0
"769",2019-04-05,1.25543768663229,0.719305555555556,0,95,95,NA,0
"770",2019-04-06,1.22325606979042,NA,0,96,96,NA,0
"771",2019-04-07,1.46969316452625,NA,0,97,97,NA,0
"772",2019-04-08,1.70969868618667,NA,0,98,98,NA,0
"773",2019-04-09,1.69977560708125,NA,0,99,99,NA,0
"774",2019-04-10,1.63802175564896,NA,0,100,100,NA,0
"775",2019-04-11,1.19524756129687,NA,0,101,101,NA,0
"776",2019-04-16,1.67079079906729,1.43,3.048,106,106,NA,0
"777",2019-04-17,1.29001294367229,1.27536111111111,0.254,107,107,NA,0
"778",2019-04-18,1.61492721904583,1.06340277777778,0,108,108,NA,0
"779",2019-04-19,1.83101252335833,1.09791666666667,0,109,109,NA,0
"780",2019-04-20,2.08844694462917,1.39104166666667,0,110,110,NA,0
"781",2019-04-21,1.8445311129,1.34416666666667,0,111,111,NA,0
"782",2019-04-22,1.5809436637,1.14645833333333,0,112,112,NA,0
"783",2019-04-23,1.39548719367104,1.08340277777778,0,113,113,NA,0
"784",2019-04-24,1.53570546175062,1.22741666666667,0,114,114,NA,0
"785",2019-04-25,1.71007991648542,1.29286111111111,0,115,115,NA,0
"786",2019-04-26,1.45648156274104,1.36270833333333,0,116,116,NA,0
"787",2019-04-27,1.71837107663333,1.44458333333333,0,117,117,NA,0
"788",2019-04-28,1.9871609488,1.49395833333333,0,118,118,NA,0
"789",2019-04-29,1.5093257106594,1.266875,0,119,119,NA,0
"790",2019-04-30,1.76051035098479,1.35027777777778,0,120,120,NA,0
"791",2019-05-01,2.020096880465,1.33909722222222,0,121,121,NA,0
"792",2019-05-02,1.85736124458398,1.22770833333333,0,122,122,NA,0
"793",2019-05-03,1.69126207298333,1.36069444444444,0,123,123,NA,0
"794",2019-05-04,1.82778377191875,1.36173611111111,0,124,124,NA,0
"795",2019-05-05,1.826969094575,1.33694444444444,0,125,125,NA,0
"796",2019-05-06,1.71391556480417,1.20993055555556,0,126,126,NA,0
"797",2019-05-07,1.86511927439125,1.44145833333333,0,127,127,NA,0
"798",2019-05-08,1.69401049757979,1.31215277777778,0,128,128,NA,0
"799",2019-05-09,1.53500622691042,1.09791666666667,0,129,129,NA,0
"800",2019-05-10,1.61677091491625,1.03395833333333,0,130,130,NA,0
"801",2019-05-11,1.23786360282292,1.09597222222222,0,131,131,NA,0
"802",2019-05-12,0.679101824251042,1.03906944444444,4.953,132,132,NA,0
"803",2019-05-13,1.28300025130833,1.06673611111111,0,133,133,NA,0
"804",2019-05-14,1.33935926965833,1.10430555555556,0,134,134,NA,0
"805",2019-05-15,1.46480013435417,1.21194444444444,0,135,135,NA,0
"806",2019-05-16,1.62363730144375,1.22340277777778,0,136,136,NA,0
"807",2019-05-17,2.09604193159167,1.29833333333333,0,137,137,NA,0
"808",2019-05-18,1.75644064083542,1.140625,0,138,138,NA,0
"809",2019-05-19,1.38015152697813,0.986180555555556,0,139,139,NA,0
"810",2019-05-20,1.60478824352229,1.03368055555556,0,140,140,NA,0
"811",2019-05-21,1.671169263795,1.07854166666667,0,141,141,NA,0
"812",2019-05-22,1.27654316262833,1.02631944444444,0,142,142,NA,0
"813",2019-05-23,1.36479812281125,0.984930555555556,0,143,143,NA,0
"814",2019-05-24,1.26852335350833,0.947083333333333,0,144,144,NA,0
"815",2019-05-25,1.18724112269375,0.9575,0,145,145,NA,0
"816",2019-05-26,1.0104220383575,1.01,0,146,146,NA,0
"817",2019-05-27,1.54241639526792,1.10493055555556,0,147,147,NA,0
"818",2019-05-28,1.43430741837083,0.995486111111111,0,148,148,NA,0
"819",2019-05-29,1.29898250881478,0.879416666666667,0,149,149,NA,0
"820",2019-05-30,1.2272578513875,0.887916666666667,0,150,150,NA,0
"821",2019-05-31,1.056797692515,0.903680555555556,0,151,151,NA,0
"822",2019-06-01,0.937156560754375,0.943958333333333,0,152,152,NA,0
"823",2019-06-02,0.8879395587375,0.962152777777778,0,153,153,NA,0
"824",2019-06-03,0.80674437252,0.946527777777778,0,154,154,NA,0
"825",2019-06-04,0.758387083642792,0.913402777777778,0,155,155,NA,0
"826",2019-06-05,1.03307214790625,0.950625,0,156,156,NA,0
"827",2019-06-06,1.05764014928187,0.947222222222222,0,157,157,NA,0
"828",2019-06-07,0.894682607464583,0.946180555555556,0,158,158,NA,0
"829",2019-06-08,1.09230796277292,0.982361111111111,0,159,159,NA,0
"830",2019-06-09,0.891211138647917,0.931041666666667,0,160,160,NA,0
"831",2019-06-10,0.675078504805208,0.846736111111111,0,161,161,NA,0
"832",2019-06-11,0.998604551772708,0.944027777777778,0,162,162,NA,0
"833",2019-06-12,0.874100163345833,0.912430555555556,0,163,163,NA,0
"834",2019-06-13,0.815221634171667,0.952638888888889,0,164,164,NA,0
"835",2019-06-14,0.690458489267083,0.951472222222222,0,165,165,NA,0
"836",2019-06-15,0.768811885291667,0.887659090909091,0,166,166,NA,0
"837",2019-06-24,0.314100669296,0.86075,0,175,175,NA,0
"838",2019-06-25,0.316453299138958,0.739347826086956,0,176,176,NA,0
"839",2019-06-26,0.4058907726,0.713902777777778,0,177,177,NA,0
"840",2019-06-27,0.402544055964375,0.92925,0,178,178,NA,0
"841",2019-06-28,0.413412708131458,1.10493055555556,0,179,179,NA,0
"842",2019-06-29,0.346370844161458,1.04949275362319,0,180,180,NA,0
"843",2019-06-30,0.64049060485,0.915434782608696,0,181,181,NA,0
"844",2019-07-01,0.666738911229167,0.889710144927536,0,182,182,NA,0
"845",2019-07-02,0.652900487761042,0.895277777777778,0,183,183,NA,0
"846",2019-07-03,0.592500794875,0.994710144927536,0,184,184,NA,0
"847",2019-07-04,0.608355552075417,0.960984848484848,0,185,185,NA,0
"848",2019-07-05,0.407613889732292,0.932826086956522,0.762,186,186,NA,0
"849",2019-07-06,0.407760356235417,1.04645833333333,0,187,187,NA,0
"850",2019-07-07,0.281488226110417,1.33295833333333,9.017,188,188,188,188
"851",2019-07-08,0.245553666941667,1.59189393939394,0,189,189,189,189
"852",2019-07-09,0.268834850399167,1.42333333333333,0,190,190,190,190
"853",2019-07-17,1.54655534360556,0.953888888888889,6.096,198,198,198,198
"854",2019-07-18,0.741750892625,1.46770833333333,0.508,199,199,199,199
"855",2019-07-19,1.16344664935208,1.59190972222222,0,200,200,200,200
"856",2019-07-20,1.38925133136667,0.981388888888889,0,201,201,201,201
"857",2019-07-21,1.06602719072917,0.841145833333333,0,202,202,202,202
"858",2019-07-22,0.87634094714125,0.773541666666667,0,203,203,NA,0
"859",2019-07-23,0.545634070372917,1.00670138888889,0.889,204,204,NA,0
"860",2019-07-24,0.499401967963721,0.748645833333333,0,205,205,NA,0
"861",2019-07-25,0.744466134512917,0.665144927536232,0,206,206,NA,0
"862",2019-07-26,0.873158068471042,0.707604166666667,0,207,207,NA,0
"863",2019-07-27,0.6190554014425,0.901965277777778,3.302,208,208,NA,0
"864",2019-07-28,0.8144278269875,0.944638888888889,0,209,209,NA,0
"865",2019-07-29,0.871838448068958,0.72594696969697,42.545,210,210,210,210
"866",2019-07-30,0.20421269334375,1.33185606060606,8.255,211,211,211,211
"867",2019-07-31,0.431412237785417,1.17891304347826,8.255,212,212,212,212
"868",2019-08-01,1.23073044426063,1.83371527777778,0,213,213,213,213
"869",2019-08-02,1.18438420867292,2.19131944444444,0,214,214,214,214
"870",2019-08-03,2.25322404067917,2.50145833333333,0,215,215,215,215
"871",2019-08-04,3.50293434613333,2.7146875,0,216,216,216,216
"872",2019-08-05,2.75302121105833,2.59375694444444,0,217,217,NA,0
"873",2019-08-06,3.25402409997021,1.84458333333333,10.287,218,218,218,218
"874",2019-08-07,4.10922505433958,2.09614583333333,0,219,219,219,219
"875",2019-08-08,3.81763547236667,2.46236111111111,0,220,220,220,220
"876",2019-08-09,3.89561049719375,2.715,1.397,221,221,221,221
"877",2019-08-10,3.05532157406146,2.37306944444444,2.032,222,222,222,222
"878",2019-08-11,4.55188761400833,2.42822916666667,0.254,223,223,NA,0
"879",2019-08-12,4.06472106410417,2.28046212121212,0,224,224,NA,0
"880",2019-08-13,4.69985907572708,2.51878472222222,0,225,225,NA,0
"881",2019-08-14,3.28366894516667,2.5384375,0,226,226,NA,0
"882",2019-08-15,3.34354571849167,2.55791666666667,0,227,227,NA,0
"883",2019-08-16,3.45078869238125,2.20960144927536,0,228,228,NA,0
"884",2019-08-17,3.26728328432563,1.94280555555556,0,229,229,NA,0
"885",2019-08-18,2.71843939228958,1.67825,0,230,230,NA,0
"886",2019-08-19,2.30001014734375,1.57736111111111,0,231,231,NA,0
"887",2019-08-20,2.11091670329167,1.48608333333333,0,232,232,NA,0
"888",2019-08-21,2.27610552796542,1.07732638888889,21.844,233,233,233,233
"889",2019-08-22,2.92091319425,1.41222463768116,0,234,234,234,234
"890",2019-08-23,3.08672663461667,1.39375,8.001,235,235,235,235
"891",2019-08-24,3.95925505914542,1.42416666666667,0,236,236,236,236
"892",2019-08-25,4.6889040530625,1.90534722222222,0,237,237,237,237
"893",2019-08-26,4.97579721179375,2.03144444444444,0,238,238,238,238
"894",2019-08-27,4.30021711370625,2.11436111111111,0,239,239,239,239
"895",2019-08-28,3.30568239649875,1.65952777777778,12.065,240,240,240,240
"896",2019-08-29,5.02643757992292,1.53183333333333,0.635,241,241,241,241
"897",2019-08-30,4.81536929694167,2.12154166666667,0,242,242,242,242
"898",2019-08-31,5.03594987251667,2.07109722222222,0,243,243,243,243
"899",2019-09-01,3.67328816226729,1.97419444444444,0,244,244,244,244
"900",2019-09-02,2.98588098401667,1.87072222222222,0,245,245,NA,0
"901",2019-09-03,2.47902915381875,1.75151388888889,0,246,246,NA,0
"902",2019-09-04,2.40670651268438,1.54424444444444,0,247,247,NA,0
"903",2019-09-24,0.570954433621042,0.797333333333333,37.465,267,267,267,267
"904",2019-09-25,1.16871561507083,0.237284722222222,3.81,268,268,268,268
"905",2019-09-26,1.94105179281875,0.648977272727273,0,269,269,269,269
"906",2019-09-27,2.2046861396875,0.931291666666667,0,270,270,270,270
"907",2019-09-28,2.62925960226458,1.00574305555556,0,271,271,271,271
"908",2019-09-29,2.9570179160125,1.08154861111111,0,272,272,NA,0
"909",2019-09-30,3.09018329426667,1.13568055555556,0,273,273,NA,0
"910",2019-10-01,2.66644411429583,1.17163888888889,0,274,274,NA,0
"911",2019-10-02,1.40275580793711,1.19379166666667,0,275,275,NA,0
"912",2019-10-03,2.74988828841042,1.21390277777778,0,276,276,NA,0
"913",2019-10-04,2.78324136426042,1.27468055555556,0.254,277,277,NA,0
"914",2019-10-05,3.10840926832917,1.23820833333333,0,278,278,NA,0
"915",2019-10-06,2.75004201778542,1.30453472222222,0,279,279,NA,0
"916",2019-10-07,2.38180570874271,1.29565942028986,0,280,280,NA,0
"917",2019-10-08,2.49147102452813,1.36827083333333,0,281,281,NA,0
"918",2019-10-09,2.42763170556875,1.28125,0,282,282,NA,0
"919",2019-10-10,2.29168045262917,1.22173611111111,0,283,283,NA,0
"920",2019-10-11,1.86363366776875,1.12384027777778,0,284,284,NA,0
"921",2019-10-12,1.86824193398333,1.10102777777778,0,285,285,NA,0
"922",2019-10-13,1.78067822739375,1.09251388888889,0,286,286,NA,0
"923",2019-10-14,1.5205481465375,1.08177777777778,0,287,287,NA,0
"924",2019-10-15,1.65572651632108,1.02286111111111,0,288,288,NA,0
"925",2019-10-16,1.37176098703292,1.02910416666667,0,289,289,NA,0
"926",2019-10-17,1.43996338855271,1.05914583333333,0,290,290,NA,0
"927",2019-10-18,1.4848287946775,1.04868055555556,0,291,291,NA,0
"928",2019-10-19,1.1894124611075,0.909069444444444,0,292,292,NA,0
"929",2019-10-20,1.11877124759813,0.902506944444444,0,293,293,NA,0
"930",2019-10-21,1.10937714397143,0.792269841269841,0,294,294,NA,0
"931",2019-10-22,0.8664937829125,0.7663125,0,295,295,NA,0
"932",2019-10-23,0.79375574485625,0.757777777777778,0,296,296,NA,0
"933",2019-10-24,0.847728020711667,0.7276875,0,297,297,NA,0
"934",2019-10-25,0.501732450039583,0.593111111111111,0,298,298,NA,0
"935",2019-10-26,0.591887868571875,0.611625,0,299,299,NA,0
"936",2019-10-27,0.603558735945167,0.631743055555556,0,300,300,NA,0
"937",2019-10-28,0.722222018303125,0.600555555555556,0,301,301,NA,0
"938",2019-10-29,0.674196857795833,0.541493055555556,0,302,302,NA,0
"939",2019-10-30,0.393836566943958,0.475083333333333,0,303,303,NA,0
"940",2019-10-31,0.268756043801458,0.451090277777778,0,304,304,NA,0
"941",2019-11-01,0.311965036913958,0.4806875,0,305,305,NA,0
"942",2019-11-02,0.28830862916125,0.499847222222222,0,306,306,NA,0
"943",2019-11-03,0.255801502453125,0.493256944444444,0,307,307,NA,0
"944",2019-11-04,0.277653673998542,0.512424242424242,0,308,308,NA,0
"945",2019-11-05,0.154056548103542,0.5285,0,309,309,NA,0
"946",2019-11-06,0.234449108983542,0.545097222222222,0,310,310,NA,0
"947",2019-11-07,0.392341285428542,0.466270833333333,0,311,311,NA,0
"948",2019-11-08,0.272336179786667,0.482069444444444,0,312,312,NA,0
"949",2019-11-09,0.316368119563729,0.474472222222222,0,313,313,NA,0
"950",2019-11-10,0.419678529194854,0.468986111111111,0,314,314,NA,0
"951",2019-11-11,0.485629509992333,0.429826388888889,0,315,315,NA,0
"952",2019-11-12,0.178274791487083,0.399,0,316,316,NA,0
"953",2019-11-13,0.381161009122917,0.380430555555556,0,317,317,NA,0
"954",2019-11-14,0.182304120475208,0.376125,0,318,318,NA,0
"955",2019-11-15,0.205079835820812,0.373375,0,319,319,NA,0
"956",2019-11-16,0.260367846533604,0.403951388888889,0,320,320,NA,0
"957",2019-11-17,0.241179179520833,0.361763888888889,0,321,321,NA,0
"958",2019-11-18,0.44766144954375,0.3666875,0,322,322,NA,0
"959",2019-11-19,0.3608149885375,0.540361111111111,12.573,323,323,323,323
"960",2019-12-10,0.39000664958,0.15625,0,344,344,NA,0
"961",2019-12-11,0.246791708401875,0.226866666666667,0,345,345,NA,0
"962",2019-12-12,0.384431905389375,0.24856862745098,0,346,346,NA,0
"963",2019-12-13,0.457028861123958,0.25581884057971,0,347,347,NA,0
"964",2019-12-14,0.374419454854417,0.288222222222222,0,348,348,NA,0
"965",2019-12-15,0.33450841077625,0.296381944444444,0,349,349,NA,0
"966",2019-12-16,0.225851447807917,0.250625,0,350,350,NA,0
"967",2019-12-17,0.208071355638104,0.231909090909091,0,351,351,NA,0
"968",2019-12-18,0.100280452826021,0.240333333333333,0,352,352,NA,0
"969",2019-12-19,0.423012826048458,0.248651515151515,0,353,353,NA,0
"970",2019-12-20,0.363286123256042,0.245858333333333,0,354,354,NA,0
"971",2019-12-21,0.162309830093208,0.261818181818182,0,355,355,NA,0
"972",2019-12-22,0.089248179039375,0.2596875,0,356,356,NA,0
"973",2019-12-23,0.186424610379792,0.266048611111111,0,357,357,NA,0
"974",2019-12-24,0.0733300727520833,0.253269230769231,6.096,358,358,358,358
"975",2019-12-25,0.198283108487708,0.178597222222222,0,359,359,359,359
"976",2019-12-26,0.033832281525625,0.2572,0,360,360,360,360
"977",2019-12-27,0.0936371000227083,0.224333333333333,7.239,361,361,361,361
"978",2019-12-28,0.225433037294375,0.19,0.508,362,362,362,362
"979",2019-12-29,0.135561008251458,0.205350877192982,0.254,363,363,363,363
"980",2019-12-30,0.186544136568729,0.235673611111111,0,364,364,364,364
"981",2019-12-31,0.157136068164542,0.254743055555556,0,365,365,365,365
"982",2020-01-01,0.205717039819583,0.220166666666667,0,1,1,NA,0
"983",2020-01-02,0.210620593167188,0.206020833333333,0.762,2,2,NA,0
"984",2020-01-03,0.292426309892977,0.173128787878788,0,3,3,NA,0
"985",2020-01-04,0.133315761215,0.213972222222222,0,4,4,NA,0
"986",2020-01-05,0.141841902680833,0.247215277777778,0,5,5,NA,0
"987",2020-01-06,0.0704999425615833,0.232819444444444,0,6,6,NA,0
"988",2020-01-07,0.0921367099036875,0.214388888888889,0,7,7,NA,0
"989",2020-01-08,0.0952783355514167,0.228347222222222,0,8,8,NA,0
"990",2020-01-09,0.0868533107458333,0.232478260869565,4.445,9,9,NA,0
"991",2020-01-10,0.02417449584925,0.202486111111111,0.762,10,10,NA,0
"992",2020-01-11,0.0789039825039583,0.194597222222222,0,11,11,NA,0
"993",2020-01-12,0.146525905212104,0.216895833333333,0,12,12,NA,0
"994",2020-01-13,0.0660045953389583,0.225590277777778,0,13,13,NA,0
"995",2020-01-14,0.109319800269423,0.244652173913043,0,14,14,NA,0
"996",2020-01-15,0.109562254073625,0.263472222222222,0,15,15,NA,0
"997",2020-01-16,0.087070509205,0.434253623188406,2.032,16,16,NA,0
"998",2020-01-17,0.0600080876099167,0.282347222222222,0,17,17,NA,0
"999",2020-01-18,0.0751397650739583,0.414256944444444,0,18,18,NA,0
"1000",2020-01-19,0.04487059946,0.275895833333333,0,19,19,NA,0
"1001",2020-01-20,0.042073657646875,0.312041666666667,0,20,20,NA,0
"1002",2020-01-21,0.115226245158958,0.418642857142857,4.572,21,21,NA,0
"1003",2020-02-18,0.190995304139583,0.360777777777778,0,49,49,NA,0
"1004",2020-02-19,0.4093448112,0.377875,0,50,50,NA,0
"1005",2020-02-20,0.388228584227083,0.392,0,51,51,NA,0
"1006",2020-02-21,0.2720824416625,0.530347222222222,1.651,52,52,NA,0
"1007",2020-02-22,0.506843768347917,0.542333333333333,2.159,53,53,NA,0
"1008",2020-02-23,0.283191406924167,0.410094202898551,0,54,54,NA,0
"1009",2020-02-24,0.41361293956375,0.37175,0,55,55,NA,0
"1010",2020-02-25,0.308017655002083,0.330944444444444,0,56,56,NA,0
"1011",2020-02-26,0.251801845906687,0.263277777777778,0,57,57,NA,0
"1012",2020-02-27,0.3687118839765,0.296972222222222,0,58,58,NA,0
"1013",2020-02-28,0.203195801082083,0.343236111111111,0,59,59,NA,0
"1014",2020-02-29,0.454834239235417,0.409319444444444,0,60,60,NA,0
"1015",2020-03-01,0.36403045935375,0.379541666666667,0,61,61,NA,0
"1016",2020-03-02,0.29639737193725,0.418791666666667,0.635,62,62,NA,0
"1017",2020-03-03,0.348432852079583,0.395854166666667,9.906,63,63,63,63
"1018",2020-03-04,0.30481131669125,0.337055555555556,0,64,64,64,64
"1019",2020-03-05,0.213614133121042,0.370902777777778,0,65,65,65,65
"1020",2020-03-06,0.304645961113854,0.43,0,66,66,66,66
"1021",2020-03-07,0.507834647187065,0.514486111111111,0,67,67,67,67
"1022",2020-03-08,0.071521330335,0.260913043478261,19.812,68,68,68,68
"1023",2020-03-09,0.15117925321125,0.32675,0,69,69,69,69
"1024",2020-03-10,0.161564729854083,0.477708333333333,1.27,70,70,70,70
"1025",2020-03-11,0.127034079162222,0.590625,0.254,71,71,71,71
"1026",2020-03-12,0.173570576561688,0.559097222222222,6.096,72,72,72,72
"1027",2020-03-13,0.335039584960417,0.336388888888889,0,73,73,73,73
"1028",2020-03-14,0.316141334680417,0.404833333333333,0,74,74,74,74
"1029",2020-03-15,0.475791708860208,0.434930555555556,0,75,75,75,75
"1030",2020-03-16,0.395703895047729,0.522536231884058,0,76,76,76,76
"1031",2020-03-17,0.540064119084792,0.518208333333333,0,77,77,NA,0
"1032",2020-03-18,0.161859719661875,0.483355072463768,16.129,78,78,78,78
"1033",2020-03-19,0.5101451387375,0.25975,0,79,79,79,79
"1034",2020-03-20,0.457297353941667,0.371875,0,80,80,80,80
"1035",2020-03-21,0.668665996096042,0.468319444444444,0,81,81,81,81
"1036",2020-03-22,0.653842428559375,0.489166666666667,0,82,82,82,82
"1037",2020-03-23,0.704339935647917,0.599236111111111,0,83,83,NA,0
"1038",2020-03-24,0.71273373081875,0.617291666666667,0,84,84,NA,0
"1039",2020-03-25,0.871399586415833,0.740833333333333,0,85,85,NA,0
"1040",2020-03-26,0.688895026890625,0.754097222222222,0,86,86,NA,0
"1041",2020-03-27,0.607895295504792,0.686722222222222,0,87,87,NA,0
"1042",2020-03-28,0.697964318375,0.622930555555556,0,88,88,NA,0
"1043",2020-03-29,1.07547041840146,0.693333333333333,0,89,89,NA,0
"1044",2020-03-30,0.701371483252083,0.753125,0,90,90,NA,0
"1045",2020-03-31,0.94575707168125,0.846805555555556,0,91,91,NA,0
"1046",2020-04-01,1.17220166102729,0.973263888888889,0,92,92,NA,0
"1047",2020-04-02,1.31492447976229,0.975069444444444,0,93,93,NA,0
"1048",2020-04-03,1.47148082561083,1.08315277777778,0,94,94,NA,0
"1049",2020-04-04,1.54140301113479,1.23016666666667,0,95,95,NA,0
"1050",2020-04-05,1.64169629844812,1.22680555555556,0,96,96,NA,0
"1051",2020-04-06,1.71575722054833,1.30830555555556,0,97,97,NA,0
"1052",2020-04-07,1.75951659880625,1.31920138888889,0,98,98,NA,0
"1053",2020-04-08,1.40836360881927,1.44488194444444,0,99,99,NA,0
"1054",2020-04-09,1.77890609793896,1.48586111111111,0,100,100,NA,0
"1055",2020-04-10,1.76855488033482,1.38741666666667,0,101,101,NA,0
"1056",2020-04-11,1.28279571400417,1.31422222222222,5.334,102,102,102,102
"1057",2020-04-12,1.1818746224125,1.42420833333333,0,103,103,103,103
"1058",2020-04-13,1.79935465101604,1.30423611111111,0,104,104,104,104
"1059",2020-04-14,1.65827895745604,1.344125,0,105,105,105,105
"1060",2020-04-15,1.91144437775083,1.34081944444444,0,106,106,106,106
"1061",2020-04-16,1.88198733585833,1.46797222222222,0,107,107,NA,0
"1062",2020-04-17,2.05621332262104,1.43403472222222,0,108,108,NA,0
"1063",2020-04-18,1.89823125463354,1.59415277777778,0,109,109,NA,0
"1064",2020-04-19,1.99119316870208,1.68643055555556,0,110,110,NA,0
"1065",2020-04-20,2.0608398240625,1.85339583333333,0,111,111,NA,0
"1066",2020-04-21,2.20123188278542,1.895875,0,112,112,NA,0
"1067",2020-04-22,1.75017436914896,1.807,0,113,113,NA,0
"1068",2020-04-23,2.50033121233542,1.9763125,0,114,114,NA,0
"1069",2020-04-24,2.23055796550792,2.13174305555556,0,115,115,NA,0
"1070",2020-04-25,2.25692679727917,2.2693125,0,116,116,NA,0
"1071",2020-04-26,2.52421318125833,2.407875,0,117,117,NA,0
"1072",2020-04-27,2.41992625329375,2.78122222222222,0,118,118,NA,0
"1073",NA,NA,0.212222222222222,NA,NA,NA,NA,0
