"","DOY","meanAT2","meanAT6","sum_R","rain_events","meanRH2","meanRH6","meanSWC5","meanSWC15","meanSWC30","meanST5","meanST15","meanST30","meanNEE","meanGPP","meanRECO","sdReco","Season","high_day","Rain_DOY","Pulse_Days","Pulse_DOY"
"1",1,14.2964583333333,15.67375,0,0,18.2829116283333,17.0096429204167,1793.1125,293.872875161128,-0.133952910957447,-1.58145555685417,40.7611123747985,0.120912186666667,0.038311850596875,0.174930686745,0.213242537341667,0.0346208125263401,"Winter",0,0,0,NA
"2",2,12.88125,14.24375,0,0,17.3083473360417,16.2240904695833,982.910416666667,478.461339751086,-0.376863156859314,-3.3963525608125,36.2585299962,0.18168501125,0.0497989118429583,0.147155501714167,0.196954413552083,0.0371258470262787,"Winter",0,0,0,NA
"3",3,10.6127291666667,11.4362708333333,0,0,17.6534408289583,17.4256257779167,1080.10416666667,415.357749495106,0.426382289338149,-2.1194753458875,16.5150059840638,0.272906911458333,0.113313931586708,0.104690086123542,0.218004017714583,0.0699453451660314,"Winter",0,0,0,NA
"4",4,11.2877083333333,12.4802083333333,0,0,32.8085343533333,31.5850774572917,1290.34375,80.0162017232636,-0.268878838578087,-2.3753448822625,27.8540314096159,0.146638861458333,0.0360371391983958,0.176792609389954,0.21282974856875,0.0357382830949917,"Winter",0,0,0,NA
"5",5,13.2159375,14.7610416666667,0,0,31.5286251347917,29.4672155027083,1558.20833333333,675.843639900136,-0.312402307168431,-3.7493067655625,54.6319812308442,0.143355317916667,0.083798027296875,0.207306702906042,0.291104730197917,0.0661936752456977,"Winter",0,0,0,NA
"6",6,14.0102083333333,15.17375,0,0,23.005901374375,21.960952763125,1467.96875,306.463013707213,0.124189068533617,1.61689399741667,28.8093174926436,0.163761335625,0.0984580692877083,0.27691198896725,0.375370058264583,0.0827234346965698,"Winter",0,0,0,NA
"7",7,12.214375,13.4085416666667,0,0,35.39097676875,33.833515964375,1484.29166666667,156.8548889582,0.0105519715026667,-3.561222129375,31.3508479091089,0.1560580175,0.183132758463958,0.2307256222575,0.413858380716667,0.0702562505145391,"Winter",0,0,0,NA
"8",8,13.4654166666667,14.6360416666667,0,0,38.4880734522917,36.8410793254167,1635.60416666667,187.338145920244,-0.208345951381563,2.47402059254792,25.9416274004729,0.159772887083333,0.214805647192708,0.30174132804375,0.516546975245833,0.0909266441913331,"Winter",0,0,0,NA
"9",9,13.6777083333333,14.714375,0,0,40.9587346345833,39.92528514625,-1319.38541666667,336.5623605115,0.688705642904375,-0.332355968985417,0.478840453395834,0.338320262291667,0.307331247221667,0.307282852225,0.614614099445833,0.164408396773346,"Winter",0,0,0,NA
"10",10,6.5045,7.1633125,1.524,2,74.90663219125,75.161306391875,1883.61041666667,2233.01656858432,2.41761353980375,-14.4696588418542,11.7650622650638,0.353295299375,0.434274388895958,0.115609790949167,0.549884179847917,0.42473464222256,"Winter",0,0,0,NA
"11",11,7.105875,8.06166666666667,0,0,65.1297774433333,64.210257206875,3023.17291666667,1051.0952121931,0.202292200690488,-6.792248466875,36.1493997124884,0.202709495416667,0.137049059862,0.269950916552375,0.406999976402083,0.101507282515384,"Winter",0,0,0,NA
"12",12,11.2203125,12.5704375,0,0,29.90835342625,27.9175376025,1912.33958333333,1121.86977148836,-0.126530965183,-3.934548074375,49.0870588103841,0.180263443541667,0.137787235981833,0.282537226604167,0.420324462585417,0.094502547429535,"Winter",0,0,0,NA
"13",13,11.6576041666667,12.6071041666667,0,0,26.7206704347917,25.8045566879167,1104.47291666667,738.392494174871,-0.511654850940323,-2.5465552649375,62.0530099618136,0.287412333541667,0.0337613842795833,0.239282070957625,0.27304345524375,0.0490583191119769,"Winter",0,0,0,NA
"14",14,12.1103125,13.4166666666667,0,0,22.3644617427083,21.2087780435417,1072.65833333333,588.321189506124,-0.476765120318378,-2.82921373489583,50.4466948503405,0.203728037916667,-0.0309400621214583,0.181124988998958,0.150184926872917,0.0411158559433582,"Winter",0,0,0,NA
"15",15,12.7416666666667,14.4925,0,0,21.3415233816667,19.4856904964583,1398.77708333333,394.169441817419,-0.357113188461458,-2.72169215791667,38.886128304225,0.123292769791667,-0.0523787936797917,0.119069400407083,0.0666906067433333,0.0528415105984719,"Winter",0,0,0,NA
"16",16,7.6370625,8.42554166666667,0,0,31.21085143375,31.4412622383333,2848.21875,214.608705912775,-0.516405693314,-5.4087118583125,49.832598303995,0.283503090416667,-0.074000240505625,0.152738011084583,0.0787377705935417,0.107354825533438,"Winter",0,0,0,NA
"17",17,5.7798125,6.58779166666667,0,0,34.0479570647917,34.578511086875,2555.59166666667,242.132828364668,-1.21092056424474,-7.35902787327083,42.8088311898421,0.293790967708333,-0.215647216505625,0.315667003779917,0.10001978727625,0.115480347771704,"Winter",0,0,0,NA
"18",18,8.6296875,9.79145833333333,0,0,28.7451780735417,28.0407898935417,2114.16041666667,304.737033960575,-0.949432449679225,-4.24331446145833,53.7281930743261,0.192732692083333,-0.0789881165057125,0.25173154486625,0.172743428363333,0.0539663462660962,"Winter",0,0,0,NA
"19",19,11.6845833333333,13.115625,0,0,22.2798624826042,20.9478025547917,1925.35625,346.264554952265,-0.447791267672917,-0.822487777041667,44.0024337951875,0.151254223541667,0.0521230084327083,0.248952326405625,0.301075334839583,0.0879346966791432,"Winter",0,0,0,NA
"20",20,9.5173125,10.2865833333333,2.54,3,41.196111883125,40.9583232714583,2692.72916666667,436.287596496435,1.4672144819755,-4.80357768798333,33.1476268215208,0.4158089625,0.302625370504179,0.184790510279792,0.487415880785417,0.442108099315393,"Winter",0,0,0,NA
"21",21,0.707875,1.56897916666667,0,0,49.4860842683333,49.280554528125,2776.16666666667,2385.23144728359,0.637561247460625,-21.354254820875,29.6217811968542,0.235541823333333,0.152848001945292,0.0971636167041667,0.25001161865,0.167034916393276,"Winter",0,0,0,NA
"22",22,2.48139583333333,3.6406875,0,0,32.3586770366667,31.826081054375,1533.5625,770.360438892475,-0.965768033778857,-10.7487676770417,28.6324608372393,0.221172378333333,-0.0409007900439583,0.226308296841042,0.185407506790833,0.0797201809233141,"Winter",0,0,0,NA
"23",23,5.8664375,6.83497916666667,0,0,16.551064946125,16.3425729884375,2146.46458333333,646.382932202778,0.115033730688235,-5.4480041788125,13.1718955417222,0.284292511875,0.0907545948477917,0.114852068155833,0.205606662995833,0.109384472432708,"Winter",0,0,0,NA
"24",24,7.62929166666667,8.88729166666667,0,0,14.4210748778542,13.92975613125,2348.23541666667,594.213727645581,1.48841899688535,-4.128845478875,50.2719602363023,0.306114419375,0.307566006519896,0.0635523780299167,0.371118384550208,0.390752747466279,"Winter",0,0,0,NA
"25",25,9.81889583333333,10.7811666666667,0,0,15.4208379428125,15.415228954875,2308.27083333333,606.559135689704,0.104960074530417,-1.41028097447917,36.3306845838958,0.236172433958333,0.019088491987625,0.0991799194213333,0.118268411406667,0.0538941438431116,"Winter",0,0,0,NA
"26",26,9.25825,10.619125,0,0,17.26439856325,16.4556951069792,2937.35833333333,576.742723066745,0.0145189967078724,-3.78663430633333,45.8281938269836,0.210416162708333,0.0351511904493125,0.0780938523665208,0.113245042812917,0.118783676481126,"Winter",0,0,0,NA
"27",27,9.71877083333333,10.5753958333333,0,0,16.4614027189167,16.4018646183333,2274.37291666667,499.072856091778,0.000986579647037022,0.112119801083333,82.6625104263704,0.2829330475,0.047999537965,0.0630625918321042,0.111062129797083,0.120428102021937,"Winter",0,0,0,NA
"28",28,10.3356458333333,11.5415,0,0,12.4443533246458,12.4750926218333,2457.53125,312.990387342432,0.380683217937324,-2.44712288943125,48.4785913446757,0.271146807708333,0.07628770141625,0.0563741566864583,0.132661858103542,0.15257403196882,"Winter",0,0,0,NA
"29",29,11.2091666666667,12.2384375,0,0,14.8430365942917,14.6429598670833,2491.75208333333,222.620716151957,1.51983202271617,-0.2171043941875,40.2083843274255,0.343466256666667,0.340207816012604,0.0251582916292708,0.36536610764,0.503689306410168,"Winter",0,0,0,NA
"30",30,12.6167916666667,13.6570416666667,0,0,20.6976862145625,20.1268735989583,2540.98333333333,333.684092405,-0.333828975882,1.763471471,54.5030203554,0.229371849375,0.00542596822166667,0.125083536700167,0.130509504919167,0.140030666532168,"Winter",0,0,0,NA
"31",31,14.4445833333333,16.0516666666667,0,0,11.9082679904167,11.4684705847083,2460.93541666667,608.754116007133,0.0924623142588,-0.277829109937499,47.39139030964,0.145265221041667,0.0506988427092708,0.106211630261727,0.156910472964167,0.121492040960037,"Winter",0,0,0,NA
"32",32,14.714375,16.2341666666667,0,0,9.19921926816667,9.26439887583333,2761.20833333333,399.432102444363,0.163249151484565,0.279279522437501,49.1572198069522,0.161778562291667,0.0949831461327083,0.0785262901185833,0.173509436252083,0.0649352229234707,"Winter",0,0,0,NA
"33",33,14.2204166666667,15.7716666666667,0,0,13.6625813676042,13.0438250304167,4089.5,355.656064744656,0.204931113730426,4.251343368125,49.2260084986298,0.1476325575,0.0983441090079167,0.101274181545417,0.199618290552083,0.0714489542945423,"Winter",0,0,0,NA
"34",34,12.3445208333333,13.6152083333333,0,0,21.556978066375,20.385532009375,3933.16875,397.122813170492,0.108926695722083,-0.48788151205625,45.7210926168044,0.216538308541667,0.07629097222875,0.106333953009792,0.1826249252375,0.0629306930038245,"Winter",0,0,0,NA
"35",35,13.3111458333333,14.7983333333333,0,0,19.9933955677083,18.7551463558333,3586.375,267.232899966298,0.0589054559871739,1.453876979625,53.3269757411957,0.138066995833333,0.116428483883125,0.07384692417625,0.190275408056458,0.156687812049579,"Winter",0,0,0,NA
"36",36,13.871875,15.3241666666667,0,0,21.3258931014583,19.981797261875,3948.60416666667,422.369119336908,0.00118194859655832,1.80294250597917,50.5067094188063,0.150326674375,0.052813800828125,0.0865680947635417,0.139381895608333,0.108163226609504,"Winter",0,0,0,NA
"37",37,13.2220833333333,14.3764583333333,0,0,21.2656293889583,20.3738716691667,3502.55208333333,329.165872628396,-0.0441796996485417,-0.367599042687501,40.2636748007479,0.192884818125,-0.00762392608020833,0.07491437720875,0.067290451125,0.0669939472483789,"Winter",0,0,0,NA
"38",38,11.621125,12.4383333333333,0,0,22.740727866875,22.425811283125,3349.6625,373.097040888947,-0.486752751973158,-0.427254661333333,63.0936663676842,0.306291449375,0.007932389308125,0.0501382153908125,0.0580706046983333,0.0857361853333236,"Winter",0,0,0,NA
"39",39,12.938625,14.1460416666667,0,0,15.0710313944583,14.8467475426667,3594.89583333333,518.383024581,0.215470489967948,-0.0291579254166664,59.9537998237333,0.221045172916667,0.0493728730824052,0.0621312118502083,0.111504084932396,0.207291766083421,"Winter",0,0,0,NA
"40",40,15.5560416666667,16.8002083333333,0,0,11.7552585157292,11.6326507250208,4063.425,403.387517895362,0.13912273307766,1.8125365036875,51.8870482410479,0.150145479166667,0.0322970985776875,0.0389922666798125,0.0712893652583333,0.124865781073781,"Winter",0,0,0,NA
"41",41,13.4052083333333,14.4479166666667,0,0,16.2237720243333,15.9068249522917,4547.52083333333,462.434707632167,-0.275218284155083,0.213729752645833,55.0546664034667,0.257550714583333,-0.0405512601909312,0.0914635050505625,0.0509122448594583,0.102756631589949,"Winter",0,0,0,NA
"42",42,11.7158958333333,12.5202083333333,0,0,34.45001540375,34.182051253125,3866.025,-238.997515126809,-0.0647032355006383,0.5293643096875,52.5483954234255,0.261284592291667,-0.0128788596297083,0.0780040455385417,0.0651251859087708,0.108050923534211,"Winter",0,0,0,NA
"43",43,10.7222916666667,11.51825,0,0,43.77036738875,43.5580453297917,4806.16666666667,229.830536843958,0.137371533313479,-0.2453669816,60.1692544370833,0.373849268958333,0.0253165664720833,0.062511847315625,0.0878284137864792,0.126163315637682,"Winter",0,0,0,NA
"44",44,11.3085208333333,11.9464791666667,0,0,35.3864422727083,35.5651627522917,5228.7375,518.184314529,0.105376243656042,2.44243849845833,51.5149667274583,0.28840502625,0.0319295051776042,0.080512989151875,0.112442494324583,0.121007371795745,"Winter",0,0,0,NA
"45",45,10.1579166666667,10.9679166666667,3.556,5,64.1353972897917,62.3590455564583,866.225,1425.32464234313,0.965528830347857,-6.40054926954167,-5.24484024202444,0.182867243541667,0.175153329044792,0.0703449892183333,0.245498318265833,0.272990773487864,"Winter",0,0,0,NA
"46",46,10.2383333333333,10.9116666666667,17.145,28,94.89222463875,91.6163376533333,3504.07291666667,6558.85921892,3.83123349454286,-2.41811254041042,-2.55170917268229,0.377063024166667,0.371233329323958,0.00594133946666667,0.377174668791667,0.265932633178597,"Winter",1,46,1,46
"47",47,9.30372916666667,9.90708333333333,15.367,16,97.6069797633333,93.814051748125,3086.53125,1991.361335,0.9912272027,-6.62207865158333,-1.38508184532791,0.180195639782609,0.436534903591667,0.00155370308104167,0.438088606672917,0.177587569548805,"Winter",1,47,1,47
"48",48,9.9595625,10.7201458333333,0,0,81.8916646129167,80.1329668275,8306.27291666667,4493.12025958355,2.56744168142043,-0.880278162458334,32.4270031162113,0.161511696666667,0.470996943358333,0.180954492605417,0.651951435954167,0.495685365788583,"Winter",0,0,0,48
"49",49,11.4095833333333,12.1341666666667,0.762,2,71.8179922077083,70.9609704577083,4469.0875,2659.92187266233,2.01435467060714,-5.067016314375,29.4958511751663,0.223957706458333,0.579700515863125,0.0381892883508333,0.617889804208333,0.133535099949082,"Winter",0,0,0,49
"50",50,9.20641666666667,9.76604166666667,2.159,4,67.3413592589583,66.9950255920833,8448.27708333333,6788.13866645128,3.23612258474211,-8.61355395,43.0110334091583,0.455563289583333,0.684911522733333,0.0280096660560417,0.71292118879375,0.250228665113524,"Winter",0,0,0,50
"51",51,3.89166666666667,4.44472916666667,0,0,70.5880810664583,71.8062698533333,5982.00833333333,2076.80304410933,1.41653881412553,-16.7727530113125,58.327327017446,0.215138166458333,0.380309521320833,0.0451598073418542,0.425469328664583,0.130472167140726,"Winter",0,0,0,51
"52",52,5.90716666666667,6.66960416666667,0,0,51.8277258477083,51.0088274710417,9527.375,2903.03211239083,1.55035700122167,-1.85050102270833,69.5322240868,0.263387503958333,0.376451501381042,0.0996336858708333,0.4760851872625,0.202026635872781,"Winter",0,0,0,NA
"53",53,3.72154166666667,4.59639583333333,0,0,43.13592973875,42.58660511125,7372.1875,1801.01896842904,1.07402314547396,-13.3662643170625,78.2865552164896,0.168077068333333,0.296095533966042,0.07105266469425,0.367148198666667,0.157778175508411,"Winter",0,0,0,NA
"54",54,6.72254166666667,7.52397916666667,0,0,32.4518732075,31.9792125289583,7048.46458333333,2325.85661219376,0.777624701188787,-7.5232400185,71.793138172063,0.295834595,0.233979733720208,0.170775472964792,0.404755206675,0.116320993313511,"Winter",0,0,0,NA
"55",55,2.59347916666667,3.38002083333333,0,0,41.3516108897917,41.496317445625,7507.5625,1476.22819030804,0.0373289885261702,-10.8476040606875,79.4580395714319,0.206085396041667,0.129681918417292,0.117604430698979,0.247286349116667,0.0770838597971243,"Winter",0,0,0,NA
"56",56,5.73010416666667,6.67810416666667,0,0,22.89198731625,21.8746633264583,7067.07916666667,1200.41081987213,0.686550550264167,-4.98025328077083,66.176817539504,0.159700848541667,0.215981824646458,0.07282376487875,0.288805589522917,0.0990829368456116,"Winter",0,0,0,NA
"57",57,9.9445,10.9343333333333,0,0,14.578620350875,14.2969456431458,6638,1162.19040758479,0.808961035734043,0.818303440458333,68.4975260450532,0.257985539375,0.290112227743125,0.0561141817528333,0.3462264094875,0.171318913851901,"Winter",0,0,0,NA
"58",58,9.32477083333333,10.1035416666667,0,0,21.8207683554167,21.8973524697917,7035.91458333333,1131.2023630525,1.05791660114708,2.12360809566667,65.7614569003333,0.35415261125,0.271823276267083,0.0460131268647917,0.31783640313125,0.193177693028659,"Winter",0,0,0,NA
"59",59,1.9131875,2.6404375,3.175,4,66.2934367485417,66.7306018727083,7119.62708333333,4760.66263886976,0.249553000636389,-25.8429333841042,39.998594904175,0.295937400625,0.0684441308155833,0.0999802790558333,0.168424409876667,0.180627085666897,"Winter",0,0,0,NA
"60",60,6.80870833333333,7.74877083333333,0,0,37.7307798172917,36.617231231875,8830.20208333333,3237.84575761316,1.91126592870289,2.97954074541667,79.8078931094737,0.270433615208333,0.346621296033542,0.0263660440602083,0.372987340094167,0.36991043769824,"Spring",0,0,0,NA
"61",61,12.4085833333333,13.7053333333333,0,0,23.150928796,21.2562812455833,8313.8125,1657.80637061229,0.482852091730625,9.34560320741667,64.4909709431658,0.198767865833333,0.134352922419583,0.0789244809075,0.213277403329167,0.0978889002158617,"Spring",0,0,0,NA
"62",62,13.4379166666667,14.4739583333333,0,0,16.173946461875,15.674768299625,7606.60416666667,1724.32118729292,1.00658258986437,0.607393457145834,67.6105955755562,0.246839940625,0.285698459661458,0.0504216933025,0.3361201529625,0.21425045702374,"Spring",0,0,0,NA
"63",63,10.6891041666667,11.5734583333333,0,0,24.0806897659583,23.5315399028333,8378.35416666667,1277.51855259006,0.61219781238635,0.580292764791667,74.8184511645208,0.253633301875,0.165297035510979,0.140091595102917,0.3053886306125,0.133460299055719,"Spring",0,0,0,NA
"64",64,8.96829166666667,9.83797916666667,0,0,40.442245550625,39.61210016875,8275.84166666667,1539.49394455345,0.712587061734255,1.35300545797917,77.0229660315313,0.210135982708333,0.193408547927854,0.12594641982625,0.319354967754167,0.171210278363521,"Spring",0,0,0,NA
"65",65,11.6606875,12.5059375,0,0,20.3093451582083,19.5308051428542,6704.60625,1318.8239814521,0.377536345520476,2.98312394447917,67.4105692183714,0.239695852083333,0.159571960577687,0.168160117211062,0.327732077785417,0.106208133009027,"Spring",0,0,0,NA
"66",66,13.6603541666667,14.7308333333333,0,0,13.1597241027708,12.527202775625,7648.39583333333,1211.77778654526,1.13545271046383,6.70812385810417,62.2135342460851,0.250272908541667,0.255270441664333,0.131206570039312,0.386477011689583,0.19821264941654,"Spring",0,0,0,NA
"67",67,14.45625,15.5854166666667,0,0,12.6555756388333,12.0284239842083,6790.60625,1166.52126607873,1.06496619537532,3.64688255991667,57.0762390775191,0.141454419791667,0.238482025354375,0.111555663832917,0.350037689183333,0.103877167666583,"Spring",0,0,0,NA
"68",68,14.4272916666667,15.4622916666667,0,0,14.4427046221875,13.6327153479583,9454.66666666667,965.187835135478,0.876143597031933,5.38975627020833,68.5077380684553,0.1882794175,0.238998703111667,0.112299135869375,0.351297838983333,0.152059235675055,"Spring",0,0,0,NA
"69",69,13.2041666666667,14.0970833333333,0,0,34.088831421875,33.5877093622917,5060.22916666667,961.376823304511,1.17745674533532,-2.15393983385417,39.2512964833617,0.175044408333333,0.317708368202083,0.0895554450395833,0.4072638132375,0.396343017778105,"Spring",0,0,0,NA
"70",70,12.8597916666667,13.3885416666667,0,0,59.2324189852083,59.4299864310417,8324.89583333333,1191.943169,1.45746938367273,6.56563351203542,67.5092697937467,0.188291250625,0.187013951371667,0.133326645731396,0.320340597104167,0.14603826578068,"Spring",0,0,0,NA
"71",71,12.2438958333333,12.7549375,0,0,50.8557317983333,51.126820888125,7885.70416666667,946.204219644087,0.88384508883913,1.87798615991667,54.9982269366087,0.248369155208333,0.224554781297292,0.151560784492708,0.376115565791667,0.135051644862981,"Spring",0,0,0,NA
"72",72,15.245,15.913125,0,0,34.407927445,33.8629883664583,10287.6666666667,1395.587799125,0.696147018559737,10.7772524338542,88.9964887451316,0.248326007291667,0.250074382217208,0.238227883445833,0.488302265675,0.171818054081348,"Spring",0,0,0,NA
"73",73,15.6295833333333,16.4639583333333,0,0,33.7438324872917,32.7810525975,6073.72083333333,1151.9181886465,0.112600804293333,-2.81829404039583,58.6329761072167,0.226782004583333,0.12861433386625,0.416098925385417,0.544713259277083,0.138408525963525,"Spring",0,0,0,NA
"74",74,11.1971041666667,11.8725416666667,0,0,40.147816425625,39.7425758720833,10341.375,1552.52378040708,-0.504157483258333,-6.32744130214583,85.5448487108333,0.346245196666667,-0.0998299665810417,0.518688663935833,0.41885869735,0.0850829160721236,"Spring",0,0,0,NA
"75",75,11.4055833333333,12.273875,0,0,26.6751010127083,25.8277621878958,9088.85416666667,1508.68510179958,-0.195418525642667,2.00727137427083,91.8773454291267,0.26013120125,0.04620503270525,0.348978649113125,0.395183681789583,0.10359137646691,"Spring",0,0,0,NA
"76",76,11.8034791666667,12.3419583333333,0,0,30.2708014570833,30.5437371877083,10851.6229166667,1346.8538519425,0.472616228475625,1.62212134927083,90.2673736039646,0.358860503541667,0.123846594439375,0.275932974597854,0.399779569039583,0.132627000596478,"Spring",0,0,0,NA
"77",77,7.01547916666667,7.62735416666667,0,0,48.798037563125,49.6611865945833,10487.8541666667,801.520882831667,-0.167444463815,-10.6768420840833,92.0663469699583,0.285363910208333,-0.02816573472375,0.284201705198625,0.256035970472917,0.0739482938232949,"Spring",0,0,0,NA
"78",78,8.6959375,9.6679375,0,0,23.6681839754792,23.0591159589375,9560.45833333333,1287.99789964647,-0.657661201896596,-2.89706378729167,91.0654913001015,0.195988552083333,-0.100734545185208,0.370264003192292,0.269529458014583,0.0825185765522111,"Spring",0,0,0,NA
"79",79,13.2135625,14.0794583333333,0,0,15.5432170983333,15.12263648125,10440.6041666667,1454.84432599461,-0.177152420702391,7.98869527986042,91.0314420993978,0.195121871666667,0.0258275717272083,0.3318713889025,0.357698960622917,0.141346691357317,"Spring",0,0,0,NA
"80",80,16.3289583333333,17.4591666666667,0,0,19.5539797521667,18.362435585625,10645.9166666667,1289.21018176532,-0.530208128087447,9.1458536935625,89.2592515385149,0.177098034166667,0.0209704629410833,0.37061340324125,0.391583866177083,0.0936002626570403,"Spring",0,0,0,NA
"81",81,19.090625,20.1016666666667,0,0,20.4976416575,19.3792506886667,10009.9541666667,1782.49539107269,-0.235802643174,12.1518148145417,70.4643230638708,0.205650569583333,0.0565324877420208,0.391524011052083,0.4480564988125,0.120541106724421,"Spring",0,0,0,NA
"82",82,17.128125,18.0647916666667,0,0,29.1127352954167,27.8103326085417,12120.8541666667,1714.73684165463,0.155373066672174,6.37279223581042,93.6554006323261,0.234862945416667,0.0558753758352083,0.366278543537563,0.422153919364583,0.101228315577242,"Spring",0,0,0,NA
"83",83,14.98,15.8714583333333,0,0,40.19413297875,39.1439202645833,4607.18125,1677.30545655277,-0.508391975652174,-8.25248627002083,46.6882415858596,0.294951156666667,0.0111307000070833,0.37219845434875,0.383329154314583,0.101013388848134,"Spring",0,0,0,NA
"84",84,15.31375,15.9964583333333,0,0,27.6907464642292,27.4431359006875,9969.12291666667,2231.54101413257,-0.762971500533192,2.23118019139583,74.9371494930468,0.323189525,-0.161142456395625,0.542139393088333,0.380996936660417,0.0790742813703675,"Spring",0,0,0,NA
"85",85,11.8856666666667,12.517375,0,0,28.8627023058333,28.8586364477083,5697.37708333333,1227.93345461223,-0.12793665763375,-5.06410760095833,56.2922990132792,0.364869483125,-0.05601960533875,0.383260247533333,0.327240642185417,0.0921341103323963,"Spring",0,0,0,NA
"86",86,7.60627083333333,8.447,0,0,33.2589065679167,32.7227319308333,9330.83333333333,1071.56028522846,-0.538410378852708,-9.12387053020833,83.3207634414063,0.205200786458333,-0.117466148581667,0.359393102514375,0.241926953958333,0.113068697381196,"Spring",0,0,0,NA
"87",87,9.51341666666667,10.3260625,0,0,23.2697789235417,22.47513846375,11788.7916666667,1436.94567966912,-1.22424310005271,0.897374114270833,90.9062015377271,0.214940743333333,-0.236233994860625,0.491679446490063,0.255445451583333,0.0905263689489397,"Spring",0,0,0,NA
"88",88,13.8324791666667,14.941375,0,0,16.2253410756667,15.2997312029792,11409.3125,1753.55166007416,-1.39444096443144,7.81875492520833,95.4726326957813,0.179226786041667,-0.220920745336875,0.544276015505271,0.323355270135417,0.0871246793248512,"Spring",0,0,0,NA
"89",89,16.8047916666667,17.8252083333333,0,0,17.001732119375,16.1362906202083,11623.9791666667,2049.89158739285,-0.819594758912391,9.420461608125,94.66949063115,0.195279106875,-0.0819159726958333,0.455332669692083,0.373416696966667,0.0929098005293996,"Spring",0,0,0,NA
"90",90,17.7935416666667,19.0314583333333,0,0,15.1376296095208,14.1469057378333,9095.44166666667,1759.17127924353,-1.35251653093872,7.50273655585417,69.411157791217,0.176640846041667,-0.169487510242708,0.568374817636667,0.398887307389583,0.11273779269977,"Spring",0,0,0,NA
"91",91,17.7125,18.7510416666667,0,0,12.988561632625,12.4541975654583,6432.47291666667,1627.54652440021,-1.21148456059617,0.797630777708333,56.8007441231366,0.191097926875,-0.21225640323125,0.59845106351875,0.386194660314583,0.0667395858419179,"Spring",0,0,0,NA
"92",92,16.7429166666667,17.8164583333333,0,0,13.9527627931875,13.2237525854167,11765.75,2129.55811231919,-1.67771416698596,6.98077608534167,102.482320369298,0.2672202275,-0.354006887568125,0.725760981629167,0.3717540940125,0.0916839458890376,"Spring",0,0,0,NA
"93",93,16.1658333333333,17.126875,0,0,16.7912554296458,16.1190982908333,11687.9375,2140.72051883426,-1.78550533379,6.63005703964583,96.8325637621702,0.207101222291667,-0.349629277153125,0.724767048359125,0.375137771185417,0.105963507557326,"Spring",0,0,0,NA
"94",94,18.2466666666667,19.2733333333333,0,0,15.7330732899375,14.9326779277917,11415.1666666667,2394.29264010102,-1.03325843641104,9.1484051154375,93.4314564126229,0.198710744583333,-0.20013512696325,0.650752541272917,0.450617414333333,0.103015042155097,"Spring",0,0,0,NA
"95",95,18.4133333333333,19.4616666666667,0,0,18.0769931471042,17.0115309034583,11699.7083333333,1998.07436703093,-0.87137359581625,9.49533315941667,85.4747090648771,0.208140718125,-0.188591914671667,0.732740169453542,0.54414825476875,0.133246147951907,"Spring",0,0,0,NA
"96",96,18.1545833333333,19.0414583333333,0,0,19.1828558733542,18.2424137396458,11165.875,2312.86355611206,-1.18063458958711,6.5331611138625,85.9047226431872,0.265712281041667,-0.214601487046583,0.804071039267729,0.589469552227083,0.137206923126453,"Spring",0,0,0,NA
"97",97,19.238125,19.945625,0,0,23.2836860185417,22.5240409529167,11074.5833333333,2334.36009419778,-0.626087647151111,11.338711773125,90.0288903367822,0.204970331666667,-0.0512573221647917,0.722656238574167,0.671398916404167,0.159130410059262,"Spring",0,0,0,NA
"98",98,19.1633333333333,19.7654166666667,0,0,28.5560327395833,27.7750093714583,13337.325,2117.36510072979,-0.632893032070213,8.24825367206937,85.6169326050425,0.275827776875,-0.136077796209792,0.825227364860417,0.6891495686375,0.12496511523081,"Spring",0,0,0,NA
"99",99,19.158125,20.3441666666667,0,0,15.0745422916458,14.1899179321667,11090.1854166667,2322.16948580432,-1.2702692354417,7.1138874254375,90.3745047846787,0.192433221041667,-0.0860169401071875,0.732960642908333,0.646943702877083,0.113568497048147,"Spring",0,0,0,NA
"100",100,21.5104166666667,22.5020833333333,0,0,10.642102690875,10.5387871700833,11544.5833333333,2109.68328867907,-0.505098726022744,10.7503260581667,88.6257756214791,0.279132320625,0.0444353055864583,0.76266939835,0.807104703914583,0.385184722092945,"Spring",0,0,0,NA
"101",101,21.88,22.973125,0,0,10.3564306116042,10.151667156625,11784.2708333333,2542.08612415437,-0.994233876127083,7.96981141816667,84.2909068080977,0.240663584375,-0.0837770089185417,0.800405783277083,0.716628774389583,0.112854809573035,"Spring",0,0,0,NA
"102",102,18.776875,19.4985416666667,0,0,18.2546519462917,17.8708655939375,12068.0833333333,2024.95535505663,-1.98523265159896,0.111607643770834,104.543469218542,0.456161447291667,-0.382950139599979,0.944914880073417,0.561964740475,0.0976777218491082,"Spring",0,0,0,NA
"103",103,9.60977083333333,10.0291041666667,0,0,13.4827232275,13.9071581925417,12190.4791666667,1707.80417922638,-2.00000451149483,-11.4147857661813,97.4912799684792,0.403194753333333,-0.467572568487765,0.762083818933152,0.2945112504375,0.0994006889143575,"Spring",0,0,0,NA
"104",104,11.5447083333333,12.3152916666667,0,0,10.618630454125,10.8636683743125,11835.6875,1126.82383672439,-0.0278068731209756,2.28325603025,68.5373945609512,0.291083905625,-0.166068726822083,0.46883998310875,0.302771256308333,0.0798038047820604,"Spring",0,0,0,NA
"105",105,17.5822916666667,18.5133333333333,0,0,7.31685701072917,7.77697046041667,11755.9375,1565.50205658978,-0.542992416623913,9.8649581861875,97.3366953055826,0.265262287708333,-0.06458513004375,0.495034578727083,0.430449448635417,0.110532266224367,"Spring",0,0,0,NA
"106",106,19.320625,20.175,0,0,6.8820226868125,7.66238466433333,10210.1520833333,1606.61297964581,-0.150877443490813,4.90931239035417,84.8177602866604,0.321564602291667,0.03303709025375,0.491361625072708,0.52439871533125,0.139459920969223,"Spring",0,0,0,NA
"107",107,16.5572916666667,17.1189583333333,0,0,12.0458018487708,12.3236032585,13129.9166666667,1922.54316433276,-1.74162656668936,2.598952028625,110.18254347667,0.330951185625,-0.407426101909792,0.858945936910625,0.451519834970833,0.101925199868951,"Spring",0,0,0,NA
"108",108,16.6859791666667,17.7095833333333,0,0,12.9851392600625,12.7133183858125,12365.5208333333,1657.58534695757,-0.516537903854043,8.53585516979167,110.293712144462,0.228897125625,-0.0659627258791667,0.529344449016667,0.463381723166667,0.130603680778112,"Spring",0,0,0,NA
"109",109,19.1654166666667,20.0216666666667,0,0,8.47932549527083,8.89878901929167,9514.375,1596.80078469604,0.0358239774227083,6.324445740375,81.2360624916042,0.360494486458333,0.0822042115020833,0.49617320986875,0.578377421352083,0.180531080887897,"Spring",0,0,0,NA
"110",110,11.49075,11.8771875,0,0,24.2054045879167,24.6347552925,13377.2729166667,1280.86247777476,-0.568821738521792,-2.88716481783333,105.082855840979,0.302752808333333,-0.137861402963792,0.526045534486875,0.388184131533333,0.16213843466075,"Spring",0,0,0,NA
"111",111,15.5597708333333,16.41625,0,0,21.3744083608125,20.59002872,12712.25,1266.29269229082,-0.478343595013024,8.965877809625,107.537031488746,0.242795435833333,-0.0720260657000208,0.37898792655,0.3069618608375,0.0828063047109296,"Spring",0,0,0,NA
"112",112,19.865625,20.6770833333333,0,0,14.4954255363958,14.10510638875,11537.1395833333,1827.95522570913,0.208084200146667,10.0021058147083,96.9089568591378,0.247872308125,0.136489322544167,0.233964111657292,0.37045343419375,0.128077166784154,"Spring",0,0,0,NA
"113",113,20.4891666666667,21.5404166666667,0,0,15.7780594397083,15.0666332228125,12775.2270833333,1724.26506486483,0.00224904064106387,11.8014424399583,107.124753106717,0.209034103333333,0.03480462586875,0.3366813598875,0.371485985745833,0.0792213900403881,"Spring",0,0,0,NA
"114",114,21.45375,22.3545833333333,0,0,12.7000204327292,12.3409349797083,11714.9416666667,1775.13969624848,0.230856925596667,9.575738917625,94.0545395965646,0.229863690208333,0.104271623932292,0.329156151138125,0.433427775072917,0.118801394471269,"Spring",0,0,0,NA
"115",115,21.994375,22.78375,0,0,11.9019212891875,11.7093157417083,13595.875,1822.77462501231,0.494704389929167,12.7118583095,109.386751326183,0.250074328125,0.14388464460375,0.318294704319062,0.462179348910417,0.128817230696286,"Spring",0,0,0,NA
"116",116,21.255625,22.2783333333333,0,0,15.3272528657917,14.6011629320833,11095.5208333333,1373.77270134267,-0.144104794318125,7.08634874425,88.8099215985685,0.207068148958333,0.00900358675958334,0.449633070399792,0.458636657164583,0.0981277606900705,"Spring",0,0,0,NA
"117",117,21.6302083333333,22.17,0,0,17.3758307510417,16.9148248685417,14030.0229166667,1026.3323173151,0.770286676731896,11.6810135246458,87.0693435328792,0.311329814166667,0.27018240230775,0.233313972462292,0.50349637476875,0.130977615618186,"Spring",0,0,0,NA
"118",118,21.200625,22.0591666666667,0,0,18.9612543062083,18.1894645320833,12355.8541666667,1639.02068614756,0.47776775254,5.7524335131875,104.491540225021,0.246123033541667,0.173263351309167,0.319708703801042,0.49297205510625,0.175869636771607,"Spring",0,0,0,NA
"119",119,20.1789583333333,20.8964583333333,0,0,15.3911607008958,15.1442651033125,13304.00625,1864.91716269169,0.280424368838444,6.09489449125,116.428402229698,0.314451590416667,0.10512276768875,0.29997402746625,0.405096795147917,0.0820127026804229,"Spring",0,0,0,NA
"120",120,18.1072916666667,18.485625,0,0,21.0258463106875,21.0713945432708,13558.7083333333,1407.9376770226,0.417771164866098,3.35835761854167,113.586544473604,0.437891485416667,0.0949479920113,0.246989150231125,0.34193714224375,0.108984306689562,"Spring",0,0,0,NA
"121",121,15.941875,16.418125,0,0,20.2942817414375,20.3705957988958,10927.05,872.962307776222,0.313443474139583,-4.09684364122917,95.2330294164167,0.458199402083333,0.07123715321,0.230742706986746,0.301979860195833,0.0941180069269455,"Spring",0,0,0,NA
"122",122,13.1170625,13.49125,0,0,26.9680010877083,27.2601964083333,15037.8645833333,923.677264786667,-0.391146764833333,-2.84879651225417,136.165255243031,0.41276841375,-0.0822513010125,0.352233674602292,0.26998237359375,0.0778936895686244,"Spring",0,0,0,NA
"123",123,13.3934791666667,14.0454375,0,0,26.6821507550208,26.3862059079792,14233.9145833333,996.270882363261,0.106077467815435,4.8294759285,120.362255936965,0.228826659583333,0.0664173489977083,0.2787572453575,0.345174594379167,0.255051733312277,"Spring",0,0,0,NA
"124",124,18.0683333333333,18.763125,0,0,15.2943572450208,15.3749150500417,13897.4979166667,1062.88993156849,1.43050018032507,9.68076769433333,97.8982976069144,0.301405596666667,0.256355191184583,0.250227972362292,0.506583163547917,0.410457794342278,"Spring",0,0,0,NA
"125",125,21.79875,22.3825,0,0,11.205309401125,11.4092148176875,13558.6875,1279.92416702813,2.35404240717083,14.1533147092292,88.8164858570063,0.33215432625,0.536788537809792,0.124702968299792,0.6614915061125,0.304788489703527,"Spring",0,0,0,NA
"126",126,25.1139583333333,25.731875,0,0,12.4001904534792,12.2500083858333,12423.5833333333,1213.14443147694,2.06376820163333,15.108693112875,81.81650591025,0.289872712291667,0.473680955948542,0.156077488389583,0.629758444335417,0.224408302912496,"Spring",0,0,0,NA
"127",127,24.9091666666667,25.7920833333333,0,0,15.0616196013542,14.4072425180625,11574.5625,1865.71250350917,0.771981412927447,9.0472799195,96.2503586818298,0.21837925875,0.235807587590833,0.237341002975208,0.473148590554167,0.082093860508596,"Spring",0,0,0,NA
"128",128,24.8566666666667,25.8652083333333,0,0,10.0171534383125,9.879109327125,13360.2208333333,2043.45594715256,1.09480767421458,11.8285152516667,104.089721450761,0.20940749,0.258170938782083,0.185084874295625,0.443255813075,0.143926574647332,"Spring",0,0,0,NA
"129",129,24.8427083333333,25.9177083333333,0,0,8.9688549890625,9.0789540704375,13315.2708333333,1547.7655819043,1.14647628222894,11.9728408655833,103.543506008791,0.223027390625,0.26085203440875,0.185955546829583,0.446807581235417,0.210483136205548,"Spring",0,0,0,NA
"130",130,25.3779166666667,26.36875,0,0,9.8646496160625,9.85176694058333,13464.525,1433.18524042571,1.61223180929417,10.5828502437562,112.031673662973,0.254510879375,0.284101332170708,0.195283205706667,0.479384537889583,0.466300562246742,"Spring",0,0,0,NA
"131",131,23.01,23.57625,0,0,18.6194919462292,18.1968930247917,14253.0416666667,845.393119668298,0.832282563747917,7.75570436608333,119.179537911729,0.377859574583333,0.2006512688335,0.150333062326042,0.350984331158333,0.144461577805645,"Spring",0,0,0,NA
"132",132,21.254375,21.7064583333333,0,0,19.0505162364583,18.9036759296042,14531.7708333333,1039.31552279335,0.922267311980625,3.74222640114583,117.382465203813,0.489789841666667,0.176661491503479,0.153690337478333,0.33035182898125,0.160375021718774,"Spring",0,0,0,NA
"133",133,20.1960416666667,20.733125,0,0,23.782478679375,23.3924807908333,8459.31458333333,714.694808066667,-0.0108115131560417,-4.29250691154792,76.036174228875,0.409832035833333,0.000863133104854166,0.25816362834625,0.25902676144375,0.0432911985629095,"Spring",0,0,0,NA
"134",134,21.7625,22.4958333333333,0,0,19.6472840472708,18.727396205,14515.5833333333,1271.88150545556,0.291196680265833,7.89465159236104,122.955418010463,0.274206855416667,0.0936039191355833,0.210130295215625,0.30373421435625,0.0940101385631095,"Spring",0,0,0,NA
"135",135,22.8935416666667,23.516875,0,0,13.4052172027917,13.2731808890208,13903.125,1206.98622982304,0.699425659341042,9.47936450845833,116.632754956054,0.257811464375,0.198140302072854,0.170153213941458,0.368293516008333,0.187273011040433,"Spring",0,0,0,NA
"136",136,23.461875,24.50875,0,0,9.49888653941667,9.48662205708333,13428.125,1076.0370727104,1.97624986515308,10.6542935183958,111.498361722202,0.199266620520833,0.259276886510604,0.143785484899375,0.403062371416667,0.308602338553458,"Spring",0,0,0,NA
"137",137,22.719375,23.7272916666667,0,0,9.7786231648125,9.65739637120833,13636.1895833333,1157.8698555479,-0.245872496987937,3.95712724097917,125.357379059317,0.263964559791667,0.0886919878441667,0.259833475538542,0.3485254633875,0.161229901114106,"Spring",0,0,0,NA
"138",138,19.7308333333333,20.6416666666667,0,0,11.4568267425,11.299431376375,13977.00625,1210.66328223919,0.264985499654708,3.4430841025,125.527624730881,0.220854211458333,0.119800262126,0.171427116624167,0.29122737875,0.140807673707593,"Spring",0,0,0,NA
"139",139,20.6283333333333,21.6370833333333,0,0,13.31963888575,13.176537545375,13727.63125,1434.13819676052,0.442452122894043,7.48587109475,120.671754167146,0.20305799375,0.188641239428958,0.135117364986813,0.323758604416667,0.246927151922427,"Spring",0,0,0,NA
"140",140,21.8495833333333,22.6760416666667,0,0,10.0498020322292,10.2807401370417,13887.0166666667,1039.29905723879,0.8298025922525,6.97769920895833,126.74431912174,0.248398481458333,0.255658307405625,0.101339692850208,0.356998000252083,0.303311309954556,"Spring",0,0,0,NA
"141",141,21.6177083333333,22.4158333333333,0,0,10.024831814,10.2701793495208,14002.8125,1010.47807047032,0.713108714184979,5.23235791337917,120.717578244681,0.316773292916667,0.210797454135271,0.0918546866768333,0.3026521408125,0.227919984014094,"Spring",0,0,0,NA
"142",142,20.1045833333333,20.6239583333333,0,0,19.3873651328125,19.2572649370208,14446.0833333333,654.776207402292,1.17522225502877,6.88479297377083,119.215780004896,0.342163097291667,0.27217273161125,0.07937586864375,0.351548600245833,0.358605949761335,"Spring",0,0,0,NA
"143",143,21.0258333333333,21.7308333333333,0,0,21.2717329891667,20.7648946520833,15049.1875,847.287005143426,0.466309247385217,8.64998829504167,123.139464761935,0.255709229166667,0.158113878355625,0.133815498678958,0.29192937701875,0.204513057336113,"Spring",0,0,0,NA
"144",144,22.4345833333333,23.2747916666667,0,0,13.8420728155625,13.71014467475,14096.7708333333,1020.47545639809,0.908694023587174,8.65431332291667,126.261780246976,0.250206353125,0.182779020009583,0.151748327447187,0.334527347454167,0.232394210752063,"Spring",0,0,0,NA
"145",145,23.451875,24.231875,0,0,12.7604532079583,12.4389618726875,13862.875,951.68193793964,1.11294635778771,10.7343607638125,103.379243017167,0.227245204583333,0.251578818224354,0.103824093534167,0.355402911758333,0.236186743972892,"Spring",0,0,0,NA
"146",146,23.8554166666667,24.6004166666667,0,0,12.6332570641042,12.3262281118125,11026.6458333333,804.071218254894,0.72895618754,2.53470495125,96.8431684900745,0.316337868541667,0.149174672709375,0.194702752407083,0.343877425110417,0.16023838293487,"Spring",0,0,0,NA
"147",147,21.27625,22.0308333333333,0,0,11.3810054724375,11.2718983311458,13728.9791666667,1099.76673596649,0.743190421411277,7.14512494708333,117.065834708326,0.256127288125,0.115843640367854,0.246420141338333,0.362263781716667,0.184741924538874,"Spring",0,0,0,NA
"148",148,22.058125,22.7147916666667,0,0,16.1330183110417,15.7906639614583,14184.6666666667,877.069215118833,0.505537339134792,7.30387197083333,111.668870224806,0.226831989791667,0.119041659143521,0.244743501209792,0.363785160352083,0.140910065397701,"Spring",0,0,0,NA
"149",149,24.364375,25.0916666666667,0,0,12.423569561,12.2966087078542,14253.8125,1120.94260631651,0.532984559701702,9.40478678947917,119.550505336705,0.22936379875,0.144517415855208,0.237940292508958,0.382457708339583,0.14597327196932,"Spring",0,0,0,NA
"150",150,24.401875,25.2041666666667,0,0,12.0286263906458,11.9640662055208,14402.0833333333,1115.41459085922,0.67965603553,8.05868382145833,128.308160692135,0.265986592916667,0.195399318073437,0.164985179677917,0.360384497752083,0.133198108318025,"Spring",0,0,0,NA
"151",151,24.895625,25.805,0,0,10.0749570012083,10.1663608045417,10324.1270833333,781.428933602609,0.839650423624565,2.744609969375,96.8706114214478,0.237898159791667,0.211435217977354,0.107066554740833,0.318501772727083,0.136507881833019,"Spring",0,0,0,NA
"152",152,25.5466666666667,26.5091666666667,0,0,8.99526104954167,9.1856723858125,14162.1875,938.766568667277,0.311503048336404,9.843238697125,121.688889123349,0.260618045625,0.205825516622958,0.0920688507786458,0.297894367402083,0.199253944072124,"Spring",0,0,0,NA
"153",153,27.4039583333333,28.2775,0,0,7.73869108579167,8.20040770477083,14072.4166666667,992.58155506534,1.06995965474566,12.8012907776667,118.33322375166,0.277281780416667,0.282928028799125,0.0701800442074583,0.353108073002083,0.266281033037292,"Spring",0,0,0,NA
"154",154,28.0564583333333,28.963125,0,0,6.8245550991875,7.24032489054167,13275.625,1108.71356629862,1.00407630109956,10.3148029847083,118.969538507736,0.265398317708333,0.286309976841167,0.09282200449125,0.379131981333333,0.197336818022826,"Spring",0,0,0,NA
"155",155,28.0170833333333,28.68875,0,0,8.54648345566667,8.900197846875,13715.3958333333,900.389497249362,1.20060101042472,10.6631117410625,116.723750479968,0.246502362291667,0.393237664677708,0.0875951504402083,0.480832815116667,0.24208373966297,"Spring",0,0,0,NA
"156",156,26.3685416666667,27.115625,0,0,24.2134887433333,23.083842844375,11122.2708333333,827.720625846809,0.383296850601292,5.74694460751458,103.267747716321,0.2619949225,0.327109487278229,0.199950240252708,0.527059727525,0.195475782333206,"Spring",0,0,0,NA
"157",157,26.8091666666667,27.42375,0,0,24.5611406235417,23.69967193375,13117.7916666667,684.791594076109,0.921188226051064,6.68311487225,106.670128871877,0.28790704875,0.270183406544167,0.239439148396167,0.509622554954167,0.123355315721835,"Spring",0,0,0,NA
"158",158,26.3927083333333,27.2247916666667,0,0,20.7595600191667,19.6589338589583,11914.6666666667,2535.92633627359,1.77978310914022,4.294956870125,95.5770375997783,0.28357572875,0.459832098160417,0.0842981877564583,0.544130285914583,0.465557199005371,"Spring",0,0,0,NA
"159",159,27.409375,28.189375,0,0,18.5519126722917,17.2837323525,9803.45833333333,1107.97639994956,1.04919129526,5.49110346766667,92.3858777261021,0.264713083125,0.292240924171667,0.0776065353499583,0.36984745951875,0.335976536934336,"Spring",0,0,0,NA
"160",160,25.1070833333333,25.7252083333333,0,0,25.852812173125,25.05853650875,5831.8125,489.67738874087,0.878721364585106,-1.76588541849583,47.2877149351298,0.285449812916667,0.17516487704625,0.0950871888033125,0.270252065841667,0.180583071754139,"Spring",0,0,0,NA
"161",161,25.990625,26.769375,0,0,18.6644816046458,17.6747149489583,14934.6041666667,1043.13693650521,0.586007861747854,10.4125071270625,123.037424601437,0.23048212,0.185485811191146,0.0767333649577083,0.262219176147917,0.201377958609931,"Spring",0,0,0,NA
"162",162,26.2939583333333,27.2054166666667,0,0,9.0274949739375,8.98320169408333,13558.3125,1238.20450800517,1.38969292585042,10.1251179488958,113.365921536263,0.200502700833333,0.375693156211667,0.0173009694518292,0.392994125664583,0.325272515384234,"Spring",0,0,0,NA
"163",163,27.4929166666667,28.3891666666667,0,0,8.55709707804167,8.88715382564583,10991.25,911.885233212104,1.22143643698875,6.37248278875,91.2686451294375,0.242412934166667,0.30066157785,0.0458998295896667,0.346561407441667,0.212448871984393,"Spring",0,0,0,NA
"164",164,29.2427083333333,29.9914583333333,0,0,9.4026907873125,9.53267743504167,13476.6791666667,864.623111926277,1.49606533391383,13.3510863858542,111.1163360342,0.258237351458333,0.335482146435375,0.103258492468021,0.438740638914583,0.254073928448556,"Spring",0,0,0,NA
"165",165,26.5089583333333,27.2208333333333,0,0,24.5152593816667,23.4559350735417,7005.78333333333,2108.30132403524,-0.0435293001866667,-2.49008070920833,61.4892087361522,0.283278395625,0.2744092386325,0.132217222931792,0.4066264615625,0.159141811565509,"Spring",0,0,0,NA
"166",166,20.8747916666667,21.3439583333333,7.874,13,57.3939236183333,55.832546180625,8485.64375,253.361071663548,-0.0543796843021875,-12.9466825963104,60.5257096775957,0.235419419583333,0.514333776180625,0.163174499882083,0.677508276070833,0.547513519675816,"Spring",1,166,1,166
"167",167,16.4429166666667,17.0791666666667,22.352,11,82.9138241825,79.2427721077083,12777.4145833333,11383.9891272381,13.4664019934118,-30.4792977594083,41.0255446134684,0.323909627234043,1.3064556148,0,1.3064556148,1.02734153131018,"Spring",1,167,1,167
"168",168,20.4120833333333,21.043125,0,0,46.4771666860417,44.6470345795833,18304.3375,9019.39138082479,10.3714315114146,3.41966278108333,82.6449466239937,0.233524653125,1.9508328958125,0,1.9508328958125,1.36162502848872,"Spring",0,0,0,168
"169",169,24.419375,25.2945833333333,0,0,29.46467902625,26.8843285497917,17347.55,6934.72866856894,6.32489755371447,9.490521945,92.8328331263128,0.221259444791667,1.57411178982458,0.0385742594172917,1.61268604922083,0.818422499855098,"Spring",0,0,0,169
"170",170,25.0570833333333,25.9239583333333,0,0,17.924652775375,16.1909573252292,16146.5020833333,5890.44812916458,4.315264928325,3.65006439695833,89.7214680291021,0.23969973,1.295395044175,0.292324096621458,1.58771914083333,0.599385082752806,"Spring",0,0,0,170
"171",171,25.4683333333333,26.2477083333333,0,0,17.87114743625,16.4016698793125,15823.9791666667,5526.28224054742,3.90348714192917,6.46056777870833,82.0596492803958,0.225118295416667,0.921588358642917,0.647341844554167,1.56893020320833,0.324781554012545,"Spring",0,0,0,171
"172",172,27.471875,28.13125,0,0,16.8935333820208,15.9201840898125,15452.5,5270.10565417085,2.82440757525217,8.21072389577083,73.9148148635208,0.238239158958333,0.705992120034792,1.00164581523604,1.70763793522917,0.299690505648365,"Spring",0,0,0,NA
"173",173,27.6775,28.4664583333333,0,0,13.9577901392292,13.0131419762708,15318.6041666667,4982.76875336458,1.48274115091292,3.79423808833333,77.9814327614542,0.215611469166667,0.369081024927917,1.11455755779871,1.4836385826875,0.206992063438192,"Spring",0,0,0,NA
"174",174,26.1414583333333,26.7972916666667,0,0,24.91456189625,23.5959839164583,16170.9,4547.69778961125,1.00469570890208,5.91217614372917,102.469916886979,0.237151780625,0.15789417310875,0.972269723122917,1.13016389620208,0.175143721408556,"Spring",0,0,0,NA
"175",175,24.9660416666667,25.5327083333333,0,0,37.0987219845833,36.1526135847917,16508.6291666667,3660.06072888202,-0.4889835663675,3.42183213760417,108.304916422298,0.22344069375,-0.045104043790625,0.910493346491667,0.865389302747917,0.120973751402817,"Spring",0,0,0,NA
"176",176,25.5585416666667,26.2222916666667,0,0,25.7977552766667,24.3194148491667,15644.4375,3241.77439697723,1.197035754375,7.76723574110417,104.694255668792,0.22082819125,0.101120046031042,0.750064968001625,0.851185014045833,0.161141672809499,"Spring",0,0,0,NA
"177",177,28.0747916666667,28.7652083333333,0,0,14.0869641843958,13.1413765845833,15106.5625,3258.5979427375,0.842174847147708,10.0864311818292,92.6020394065604,0.24286954,0.229242921923333,0.73860185756875,0.96784477949375,0.172137500572493,"Spring",0,0,0,NA
"178",178,27.9095833333333,28.5527083333333,0,0,14.5391803406667,13.9719678354583,14894.1875,3319.41371163427,0.281147986684468,7.71018317625,95.0839872803917,0.224974329375,0.0892838914602083,0.900798684018979,0.990082575420833,0.157968518521619,"Spring",0,0,0,NA
"179",179,25.5772916666667,26.358125,0.381,1,27.9513100275,26.099066101875,12426.3770833333,4498.03812988953,2.38025712611163,-4.36639878875,85.2941218700894,0.286860204791667,0.50028303091625,0.651654516817917,1.15193754778542,0.675665933539426,"Spring",0,0,0,NA
"180",180,22.1489583333333,22.6766666666667,0.254,1,50.6823344352083,50.0682189547917,12842.6770833333,5165.93329465348,2.14427526816826,-5.3479039575625,78.5263146311064,0.329706777083333,0.385018141311104,0.598723593299375,0.983741734645833,0.388875010857881,"Spring",0,0,0,NA
"181",181,23.6939583333333,24.3385416666667,0,0,30.1154437055208,29.3303111783333,15909.6729166667,2157.52085628896,-0.0899880132748936,7.8684988255625,113.710932628362,0.250999956041667,0.13414758825625,0.595698885021458,0.729846473283333,0.108234185391803,"Spring",0,0,0,NA
"182",182,24.496875,25.1091666666667,0,0,14.2406601098125,13.8076123588542,14570.2291666667,1904.70457371458,0.835183051856604,7.12499107214583,95.9079857746667,0.225727849583333,0.214123991199354,0.4147923104,0.628916301591667,0.10409984221934,"Summer",0,0,0,NA
"183",183,26.05375,26.759375,0,0,14.0925880316458,13.4899645384167,14770.3125,1734.78319754461,0.837118931247917,9.38560952939583,101.616978693,0.235645502708333,0.237054169965417,0.382432928559583,0.619487098558333,0.0941743741239776,"Summer",0,0,0,NA
"184",184,26.2952083333333,26.9977083333333,0,0,16.5677308722917,15.705940143125,14402.7083333333,1621.96636570956,1.27578813075521,9.45820337486042,104.575767162721,0.213268316666667,0.418500984512917,0.2701697934975,0.6886707780125,0.142868252962867,"Summer",0,0,0,NA
"185",185,26.3495833333333,27.0279166666667,0,0,22.385155926875,21.520709701875,12911.85625,1283.50628534232,0.574050130390426,9.62097432785417,79.9355655870808,0.242001862916667,0.293552894675417,0.4744967388625,0.7680496335125,0.159170674078971,"Summer",0,0,0,NA
"186",186,28.3714583333333,28.9672916666667,0,0,23.13489872875,22.0600079445833,13656.9541666667,801.607554248958,3.17345147228958,10.0040871583542,90.7377970734167,0.424454044583333,0.801032144505417,0.282911964244583,1.083944108775,0.349420176952329,"Summer",0,0,0,NA
"187",187,26.681875,26.9733333333333,0,0,33.2930087039583,33.0077981089583,16502.1666666667,932.95809584587,6.242442175625,8.45059273704167,128.503178257396,0.59147060625,1.41873685807292,0.0624791283979167,1.481215986475,0.64294931999614,"Summer",0,0,0,NA
"188",188,27.5029166666667,27.8041666666667,0,0,29.5210194179167,28.751693044375,15459.75,1293.06087964489,2.44932097587174,12.3743714958333,103.895351647522,0.376015815833333,0.588315034841667,0.558878018539583,1.14719305339375,0.201581210525412,"Summer",0,0,0,NA
"189",189,26.52375,26.8847916666667,0,0,35.03803590875,34.3851935952083,14705.0625,1674.06473492375,1.45710701476905,7.42876451635417,106.004458224351,0.334114654791667,0.557452367972708,0.66251872294375,1.21997109084792,0.209940226548603,"Summer",0,0,0,NA
"190",190,24.3241666666667,24.6454166666667,0,0,42.3605432047917,42.0918835964583,14374.2083333333,1007.50965256689,2.80321406251333,4.14515052370833,111.280880596277,0.369622358541667,0.789161838792292,0.456965341655625,1.24612718040417,0.170676829376976,"Summer",0,0,0,NA
"191",191,21.105625,21.6191666666667,22.098,7,70.798261829375,69.094320398125,8595.60416666667,3420.72548132226,5.28286275540367,-24.1240962215625,32.4290761432211,0.216242158541667,1.08764440128854,0.41719750428125,1.50484190559375,0.631551066563632,"Summer",1,191,1,191
"192",192,20.700625,21.1385416666667,1.397,1,71.895849091875,70.3987743589583,12305.75625,6765.5396245093,7.55326219602273,-12.3720878596667,46.257825882683,0.233978445208333,1.69575361274167,0.141383594154583,1.83713720691667,0.998061211631015,"Summer",0,0,0,192
"193",193,21.266875,22.1245833333333,13.462,3,66.02068921125,62.57203051375,8939.33125,5674.46419697032,3.30380441233812,-18.9821276579375,30.948922413166,0.236411355833333,1.28431317916592,0.472780825404167,1.75709400458333,0.653255456733445,"Summer",1,193,1,193
"194",194,21.3664583333333,21.99875,1.905,3,65.6157188991667,63.1171436229167,14742.16875,9884.75934688378,7.21368339381081,-3.59921756645417,50.9721731351222,0.202528958958333,1.43731622646292,0.510168347014583,1.94748457341667,1.14285329628021,"Summer",0,0,0,194
"195",195,21.50875,22.3972916666667,0.254,1,63.3240384895833,60.3140314952083,8407.59583333333,5191.8580875682,1.64547947012821,-10.1543421528542,33.4180201180262,0.155892250416667,1.03308337053542,0.859638200513958,1.89272157104167,0.376102033198126,"Summer",0,0,0,195
"196",196,20.6920833333333,21.519375,2.159,3,71.9981451916667,68.7467783104167,8199.29166666667,4982.45110108203,1.04053475343611,-11.9654847030833,23.5281953719422,0.17938996,0.217868397721042,1.60453795301917,1.82240635079167,0.149385604337124,"Summer",0,0,0,196
"197",197,21.4058333333333,22.1839583333333,8.636,3,70.4371995525,67.9158576052083,8988.33333333333,5928.95214045977,1.22931297016667,-8.22143756712917,25.5220759828174,0.175873872916667,0.448996557399375,1.53459667434375,1.9835932316875,0.187105649664016,"Summer",1,197,1,197
"198",198,23.86125,24.4008333333333,0,0,54.7765375283333,53.1202441639583,17840.1854166667,10362.4018120361,1.73431852147222,8.086039332,68.231425822175,0.32475165375,0.421991918620833,1.97493809047292,2.396930009125,0.566834157982186,"Summer",0,0,0,198
"199",199,24.4454166666667,24.9527083333333,0,0,56.9276699583333,55.4617188402083,18506.5416666667,7713.43917336706,-1.3339996492234,12.9638466067292,70.8292824619521,0.228471076458333,-0.1749461227,2.56520165400313,2.39025553129167,0.434937973685189,"Summer",0,0,0,199
"200",200,24.4189583333333,24.9947916666667,0,0,59.5910197058333,57.90152939875,17119.8958333333,7516.90483625591,-2.04278797412766,4.11281795125,71.5807695059292,0.231634247083333,-0.699575534391667,3.03868083259792,2.33910529814583,0.388956638137181,"Summer",0,0,0,200
"201",201,24.1179166666667,24.8872916666667,7.239,6,61.6522132322917,58.8024707916667,12560.2291666667,7272.7630592589,-6.76803525529025,-6.39228348341667,50.5896135344021,0.278151945208333,-0.695358972985417,3.0466286718125,2.3512696988125,0.617343731176916,"Summer",1,201,1,201
"202",202,23.8954166666667,24.3858333333333,1.143,2,59.6589059014583,57.5813870504167,21929.1520833333,11667.1152033955,-3.56783907645455,4.20705230941667,64.2625921754702,0.217993444375,-0.804516595954167,3.0541309884125,2.24961439241667,0.454257993911529,"Summer",0,0,0,202
"203",203,26.2222916666667,26.8641666666667,0,0,45.1348924025,42.5626558739583,19147.6041666667,8574.23305554229,-5.84421927170417,9.32177815354167,59.8429979408646,0.198875169166667,-1.24931150590417,3.59276327295,2.34345176697917,0.415024156268079,"Summer",0,0,0,203
"204",204,29.0916666666667,29.7960416666667,0,0,29.5665173341667,27.1671817970833,18711.625,9024.72285210765,-5.65926162531479,13.348745963125,54.9678003950875,0.219707785625,-1.2206742466125,3.88258580459375,2.66191155797917,0.425265642028083,"Summer",0,0,0,204
"205",205,30.525625,31.3114583333333,0,0,23.3621222633333,21.355258045625,17532.91875,9343.52509702381,-6.60136164023256,12.6308027649583,71.3100825324116,0.311967758958333,-0.91777240326875,3.88645162974479,2.96867922654167,0.644406049828499,"Summer",0,0,0,205
"206",206,28.4775,29.3610416666667,1.143,2,30.8835393852083,27.9324598358333,14071.1854166667,8229.7672832635,-7.89578623280263,-5.90564353485417,43.4455112288478,0.27590788375,-0.766213618804792,3.70068237056667,2.93446875160417,1.09441450076039,"Summer",0,0,0,NA
"207",207,25.9764583333333,26.4039583333333,0,0,45.4984502489583,43.6880524033333,19501.79375,7554.66266479156,-1.7547069147,4.42883414716667,83.5076443984044,0.294143232708333,-0.532599219377083,3.10044928340521,2.5678500640625,0.446496115102983,"Summer",0,0,0,NA
"208",208,24.190625,24.4845833333333,0,0,54.6080880610417,54.5452521529167,13391.4041666667,4140.43464080833,-3.23399281744043,1.73341447852083,64.4184133107958,0.28603229375,-0.63294558677,3.05103875524167,2.4180931685,0.328546804652157,"Summer",0,0,0,NA
"209",209,24.5341666666667,24.9627083333333,0.508,1,51.6953015970833,50.917672895,15960.3979166667,5485.35564427876,-3.91826282564048,5.5857369633125,82.9994824995614,0.273116631458333,-0.0562614978333333,2.54904610490625,2.4927846070625,0.349503309126628,"Summer",0,0,0,NA
"210",210,22.380625,23.1475,2.794,2,65.0181754729167,62.8712244310417,8394.9375,4004.09906809717,-0.93056571487625,-17.7371606025208,38.6954394404213,0.246534249375,0.166217143021667,2.25271287168958,2.418930014625,0.348352597239915,"Summer",0,0,0,NA
"211",211,24.0479166666667,24.52375,9.271,6,57.3591258195833,54.320833756875,19606.3333333333,8615.01502181081,-3.92524107648286,3.06654302770833,87.2500581130518,0.252636448333333,0.383506723373333,2.27794296935417,2.66144969266667,0.588396900549935,"Summer",1,211,1,211
"212",212,23.5670833333333,24.110625,0,0,56.113922984375,54.075512534375,18534.7520833333,8403.99455585104,-1.75107491127083,-0.3067498733125,55.0706809563875,0.23856703,-0.1244810890875,2.79724544897917,2.67276435985417,0.463217171898543,"Summer",0,0,0,212
"213",213,26.4397916666667,27.2629166666667,0,0,40.6850380279167,37.8212018110417,17459.09375,8116.3625163525,-5.466356074245,9.23724004102083,83.79055352438,0.272804779791667,-0.488504383394583,2.93897603007917,2.45047164664583,0.666609457033796,"Summer",0,0,0,213
"214",214,27.0047916666667,27.588125,0,0,36.37957456875,34.4684828766667,17482.375,5432.62226567209,-1.31978153057381,8.60949953735417,99.3599473379667,0.209348282291667,-0.27058610115625,2.18980711908146,1.9192210179375,0.907331398038275,"Summer",0,0,0,214
"215",215,26.9833333333333,27.5458333333333,0,0,42.1297752595833,40.2870992927083,15802.0645833333,4291.72226725096,-2.95779473943958,4.9161541894375,83.8719044123125,0.226424310208333,-0.513142274437708,2.08412899402292,1.57098671960417,0.205163486174751,"Summer",0,0,0,215
"216",216,26.5433333333333,27.269375,0,0,43.8505068979167,41.6095109991667,13848.73125,3635.69413011027,0.456023019790732,2.145662378125,82.5021426842594,0.231876823125,0.0717082254958333,1.69748679238542,1.76919501789583,0.331527924287498,"Summer",0,0,0,NA
"217",217,27.2385416666667,28.20125,1.905,1,40.30321457,36.9055933072917,10945.2145833333,5470.71927446091,1.33953528797533,-4.86976186134042,42.8994839076894,0.21022921125,0.613063494946042,1.66575796699167,2.27882146197917,0.524283891559237,"Summer",0,0,0,NA
"218",218,27.385625,28.1616666666667,11.557,5,40.7395873364583,37.5219713972917,15774.4583333333,5375.23291118816,-0.553320820498421,1.77885530995833,71.8364716901556,0.309334329583333,0.585087620179708,2.04676830688333,2.63185592710417,0.517722252762035,"Summer",1,218,1,218
"219",219,24.7547916666667,25.51375,17.399,5,53.77180381375,50.334775069375,19557.7916666667,14961.9056159308,-0.262432730235676,-5.50779779570213,53.3429877311478,0.269854678125,0.351230841081813,2.49588993964271,2.84712078070833,1.56026035419116,"Summer",1,219,1,219
"220",220,22.2395833333333,22.7622916666667,0.254,1,64.1766233416667,62.42489536375,16406.7916666667,11969.9680254333,0.739507774285714,-8.70140625020833,62.5457140709163,0.269506789166667,0.171931501514583,2.42512594415625,2.5970574456875,0.606376914291443,"Summer",0,0,0,220
"221",221,20.6039583333333,21.2295833333333,0,0,61.924167376875,60.78699364375,10253.3666666667,7218.43105919489,-2.75052844186913,-9.1802060658125,37.3281868573333,0.248592517083333,-0.607745004916667,2.94188724544375,2.33414224047917,0.405847797149323,"Summer",0,0,0,221
"222",222,20.5810416666667,21.1516666666667,0.762,2,70.2974098127083,68.5722288110417,11308.2604166667,5584.65493787395,-3.18555745273171,-8.6091187288125,47.237680747217,0.199826565833333,-0.39527959463,2.65019070573542,2.2549111110625,0.311499547110327,"Summer",0,0,0,222
"223",223,20.5364583333333,21.3189583333333,2.286,2,65.2136679758333,62.289101145625,11801.675,8790.72027723829,-4.09943286661111,-9.75431210014583,40.9504034313685,0.235310878333333,-0.764197392103542,3.01690276368667,2.25270537170833,0.420158658442773,"Summer",0,0,0,223
"224",224,22.2608333333333,23.0529166666667,0,0,50.9255861845833,48.209387250625,18064.1458333333,8356.13089045486,-3.65937938934737,5.76213629145833,57.6644990335763,0.249329630208333,-1.25079694095,3.64860053954583,2.39780359858333,0.452496272340053,"Summer",0,0,0,NA
"225",225,22.97375,23.739375,0,0,50.54742507375,48.13126051125,16249.2708333333,8103.09973851594,-6.40629275881277,5.15937950705,69.8181903333935,0.2342984575,-1.18590850740208,3.63594486216021,2.45003635477083,0.818182693552251,"Summer",0,0,0,NA
"226",226,22.4820833333333,23.1797916666667,5.08,2,60.6328538154167,58.5954904345833,13443.2833333333,6744.02985786386,-6.52153322107045,-4.22128220089583,58.8323438931711,0.22579566625,-0.810473044275,3.05683721299792,2.24636416866667,0.946913811016548,"Summer",1,226,1,226
"227",227,20.113125,20.7741666666667,0,0,70.1410905004167,67.91066270125,10333.0770833333,6541.29737785,-4.72137346166667,-10.6397663320833,35.291175976375,0.1899119725,-1.11432516914167,2.78381003971667,1.6694848705625,0.356007453149096,"Summer",0,0,0,227
"228",228,22.7285416666667,23.3508333333333,0,0,62.5464355135417,60.6420921291667,17490.2375,7687.37663802083,-5.74450737861042,8.92014562291667,76.4892078383958,0.1906929125,-1.33929825733333,3.15963260033125,1.82033434304167,0.350060016415771,"Summer",0,0,0,228
"229",229,23.5716666666667,24.5120833333333,0,0,59.437175931875,56.656524956875,10116.0416666667,4721.22982789743,-7.63031515121542,-2.79568926941667,52.5203978428313,0.1817714925,-1.44473888527794,3.28500684997917,1.84026796477083,0.256058100491534,"Summer",0,0,0,229
"230",230,24.1347916666667,24.904375,0,0,54.1572592866667,51.90333556125,15089.1875,4765.16752078687,-5.24248569354542,5.98084500816667,68.7561001113063,0.199099811458333,-0.726114408575,2.57559220300833,1.84947779439583,0.21363855757217,"Summer",0,0,0,230
"231",231,25.5654166666667,26.3316666666667,0,0,47.17395566875,44.92183166875,11908.5625,4165.47167476583,-3.26006781652292,5.12958270975,57.8695638497271,0.182125179791667,-0.483158374904167,2.44617855704167,1.96302018222917,0.305668733607008,"Summer",0,0,0,NA
"232",232,23.7779166666667,24.615625,1.905,1,56.9899384125,54.3154630310417,12001.1354166667,5158.19667012186,-1.25063464958133,-6.00950804852083,48.5877357370833,0.225893166666667,0.14752222644375,1.98712880929375,2.13465103583333,0.874435554953636,"Summer",0,0,0,NA
"233",233,22.7691666666667,23.4704166666667,0,0,52.1425086541667,50.3556098445833,10322.3333333333,5903.15276090881,-2.45786515949535,-3.93799521090208,54.1080369633488,0.219493831875,-0.355487012238125,2.17943016888875,1.82394315666667,0.457910652316008,"Summer",0,0,0,NA
"234",234,22.1995833333333,22.7760416666667,0.254,1,59.9233987547917,58.7960648704167,12016.4791666667,3127.939709005,-2.16823109416444,1.34805273685417,66.6607020683192,0.213183633541667,-0.245783445800596,1.98869701640079,1.74291357054167,0.367553541153138,"Summer",0,0,0,NA
"235",235,18.955,19.7772916666667,57.15,11,79.7110925835417,76.758320161875,6066.925,1794.04366018323,-1.99972470815862,-14.4042444897391,38.6746836799795,0.223968803125,0.655960657151667,0.9099667416575,1.5659273988125,0.394367190846932,"Summer",1,235,1,235
"236",236,19.44875,20.13375,20.066,6,77.674098475625,74.773385241875,12890.4979166667,6290.29465660405,-2.56312900244,-1.54320787404255,37.9218474667407,0.175436265208333,-0.476199426310417,2.02758587038708,1.55138644404167,0.216758630346293,"Summer",1,236,1,236
"237",237,20.3504166666667,21.266875,0,0,69.6982782641667,66.2944196679167,12325.9791666667,7609.336573684,-1.68800410092864,-4.92320056729167,35.7200639963106,0.169063314791667,-0.279461670654458,1.95913126559375,1.67966959497917,0.218825569981378,"Summer",0,0,0,237
"238",238,22.2245833333333,23.2585416666667,0,0,61.16119045125,57.704579646875,14807.21875,8099.32284616808,-4.1383500571766,2.2327438628125,60.7709633477447,0.166137037291667,-0.580727964530833,2.44741536660417,1.86668740197917,0.221564488015291,"Summer",0,0,0,238
"239",239,23.2235416666667,24.27125,0,0,53.856715808125,50.08384600625,16191.2916666667,8601.772611725,-6.63545061114792,4.924027748125,60.2364754687646,0.181346290833333,-1.11329650206458,3.15706465506667,2.0437681529375,0.360079864928562,"Summer",0,0,0,239
"240",240,23.7079166666667,24.87,0,0,44.2225359508333,40.13897712,15945.25,8781.72174881292,-8.39712462021071,5.30739683208333,62.7703654150688,0.158161910208333,-1.27000621042292,3.35245058298125,2.0824443725625,0.312311835401487,"Summer",0,0,0,240
"241",241,24.5027083333333,25.3260416666667,0,0,42.0038794995833,39.6240925902083,15970.6666666667,8809.19278314523,-6.16313470543556,6.77544234988333,50.1516116476042,0.237013131041667,-1.49881683837292,3.77423984432417,2.27542300610417,0.431226174419452,"Summer",0,0,0,NA
"242",242,23.1316666666667,24.02125,0,0,48.6317878566667,45.9442765389583,12874.4,7916.74914736295,-7.3569019893,1.42742520604167,48.3915860731705,0.2283029475,-1.28969041166042,3.39021888654792,2.1005284748125,0.374113939019937,"Summer",0,0,0,NA
"243",243,24.1120833333333,25.2229166666667,0,0,46.515852899375,43.143544841875,14394.0791666667,6576.22732842519,-9.48826971694894,2.93420688235417,57.5577121615438,0.161460085625,-1.48069909950125,3.55984262782708,2.0791435283125,0.270146347086299,"Summer",0,0,0,NA
"244",244,21.9235416666667,22.744375,0,0,64.411901599375,62.4882916229167,8964.55833333333,5127.56053590042,-6.02227331531191,-8.05961637729167,39.6431236470062,0.209190210208333,-1.07151736472625,3.02927055478542,1.95775319008333,0.330027224151157,"Summer",0,0,0,NA
"245",245,19.0589583333333,19.645,8.636,2,71.1127044177083,70.0047828041667,11815.7708333333,3147.39921713941,-2.39988812672857,-1.78132661071702,31.5203750223575,0.3029912525,-1.11403729688125,2.70072063544375,1.58668333854167,0.507853087508439,"Summer",1,245,1,245
"246",246,19.240625,20.0402083333333,6.096,3,63.521596805,60.09942223875,16078.9583333333,10227.3512023845,-9.04788008445676,-14.3941645970208,61.6167002489084,0.189575813333333,-1.49457104704583,3.16225122166667,1.66768017470833,1.26064505885173,"Summer",1,246,1,246
"247",247,21.0083333333333,22.1666666666667,0,0,58.1531762172917,53.96366640125,13280.0520833333,9221.56872304024,-12.5650914387289,-4.49632220214583,66.9632192050881,0.168312367708333,-1.51103926397292,3.02104750692292,1.51000824285417,0.180604889012361,"Summer",0,0,0,247
"248",248,22.0172916666667,23.0654166666667,0,0,49.593821864375,46.1049651225,10602.5,8154.996438827,-12.0201965100088,-6.2135086668125,32.8493832553133,0.207555704791667,-1.40340595576875,2.8811770496625,1.4777710938125,0.177585761593685,"Summer",0,0,0,248
"249",249,21.334375,21.9208333333333,0,0,49.5085541054167,48.1116398641667,14696.6041666667,5760.60484130455,-2.7478232136,3.9394958345625,53.1557522638537,0.293145130416667,-1.78170154538104,3.21526416688913,1.43356262154167,0.395007704204826,"Summer",0,0,0,249
"250",250,21.9177083333333,22.771875,0,0,46.900533904375,44.1277643585417,15340.6666666667,5417.84572104154,-5.48444858085886,4.23247829965208,56.87690244085,0.267070753125,-1.85479367014625,3.2527719821,1.39797831195833,0.424912042743479,"Summer",0,0,0,250
"251",251,22.8275,23.768125,0,0,46.4581358025,43.5498626014583,14989.125,5600.92585385778,-7.09726968328889,3.93611059108542,57.5342937190444,0.192561463541667,-1.76738058497327,3.08626754079167,1.31888695583958,0.324138949095153,"Summer",0,0,0,NA
"252",252,23.8520833333333,25.1895833333333,0,0,39.5916481933333,35.2731598435417,10841.2083333333,4927.69100227894,-9.00274430798383,-2.08184574060417,40.544505050466,0.185838832916667,-1.48330675837917,2.78973716019792,1.30643040175,0.3729009666605,"Summer",0,0,0,NA
"253",253,23.950625,25.3733333333333,0,0,38.0286856854167,33.6103381708333,10732.9166666667,4770.58256123595,-7.06040947967609,-0.664122891395833,36.0530173135391,0.224217184166667,-1.42621386591156,2.65686647846875,1.23065261255833,0.299119078738205,"Summer",0,0,0,NA
"254",254,25.1010416666667,26.444375,0,0,32.615060609375,28.5559124127083,11707.3958333333,5490.2827851983,-7.49737434432255,2.72715804104167,48.3210784327766,0.177141988541667,-1.58611127432938,2.741556357625,1.15544508327708,0.131924479038531,"Summer",0,0,0,NA
"255",255,25.1739583333333,26.3872916666667,0,0,29.4730543416667,26.0593901420833,11170.3125,6087.19619304979,-5.46728731298511,3.152909333875,38.5298789150292,0.164864821875,-1.37198118179375,2.62917604754958,1.25719486573958,0.452980132109369,"Summer",0,0,0,NA
"256",256,24.7733333333333,26.22375,0,0,26.7387313283333,23.1947762466667,9221.52083333333,5384.47329170702,-6.31143648709362,-1.77320406408333,32.2848418279787,0.180198320416667,-1.59956089841667,2.82096176082917,1.22140086254583,0.391857937112486,"Summer",0,0,0,NA
"257",257,26.489375,27.6495833333333,0,0,20.5633264522917,18.244408201875,12582.3125,5528.45519007273,-5.29988867452727,7.20587316375,50.72179195775,0.225491602291667,-1.13933393748125,2.5216547932625,1.3823208557125,0.609896192611447,"Summer",0,0,0,NA
"258",258,26.0622916666667,27.0335416666667,0,0,26.6288420454167,24.036158675625,13251.8333333333,4975.93556372,-5.31640610674125,7.43648140658333,51.3468871529562,0.187999141458333,-1.12844678940646,2.4321216908,1.3036749013375,0.204798172285539,"Summer",0,0,0,NA
"259",259,24.15375,25.3902083333333,0,0,41.1603166327083,37.7570869060417,7974.89583333333,4117.13799319,-4.06420916352687,-3.904490055,39.6420162380932,0.185782199375,-0.829933749796667,2.15797824285417,1.32804449305625,0.364279143718483,"Summer",0,0,0,NA
"260",260,25.4658333333333,26.5195833333333,0,0,35.96630629875,33.0881397622917,12504.9583333333,3699.62500894047,-3.11280553546535,6.79718522770833,35.8302568133721,0.215329246666667,-0.772290232994167,2.47545395584375,1.7031637228125,0.995055944140717,"Summer",0,0,0,NA
"261",261,24.005625,24.881875,0.635,1,44.896755625,42.5271129979167,11531.6041666667,4035.27905713598,-3.71056083062927,3.22949557274167,37.0386960718222,0.233947487708333,-0.552123763851667,2.47938294818958,1.92725918420833,0.481224023072228,"Summer",0,0,0,NA
"262",262,18.5433333333333,19.32125,13.462,13,83.71182242,80.43410656875,6908.22916666667,5518.23238523692,1.14782987255238,-19.0137477950833,22.3739750638282,0.192604676222222,0.546083116993125,1.31596437016667,1.86204748714583,0.294016232966426,"Summer",1,262,1,262
"263",263,19.31625,19.8091666666667,0.254,1,76.641965608125,75.0540367270833,14443.325,6758.11798944348,0.524556447111111,-6.5889788955,43.9398481375565,0.28491293375,0.115754283977083,2.32665038416437,2.442404668125,0.599873288172296,"Summer",0,0,0,263
"264",264,21.1277083333333,22.099375,0,0,51.4269060591667,48.3582902408333,11683.9791666667,4646.75090550222,-1.12666832503556,-5.3755037825,32.81587050218,0.199515723333333,-0.296295030870625,2.97583923123833,2.6795442003125,0.472471546259088,"Summer",0,0,0,264
"265",265,20.945,21.4677083333333,0,0,48.6345865470833,47.7992954591667,12462.9791666667,5286.64755161875,-1.135431773625,-1.684623041625,50.99405519525,0.286096835416667,-0.275797066158333,2.68477576121271,2.40897869502083,0.311521979755846,"Summer",0,0,0,265
"266",266,20.984375,21.8408333333333,0,0,42.6066092477083,40.3038667383333,11874.2520833333,5982.82826608634,-6.29403269622857,-1.01358963097917,74.0206296964952,0.227889644166667,-1.03023502389021,2.49827795336792,1.46804292951875,0.457851118044454,"Summer",0,0,0,266
"267",267,22.351875,23.3039583333333,0,0,48.6382689066667,46.0364029375,10380.875,4519.66051832496,-4.79631297176646,-0.401461178368063,49.4033947050208,0.149849325,-0.649876173927917,1.79881095005417,1.14893477613125,0.236394062379288,"Summer",0,0,0,NA
"268",268,21.9941666666667,23.0664583333333,0,0,45.554462193125,42.6571985664583,11700.6708333333,3984.32821633979,-6.17421820285437,0.858601309166666,72.0571095929229,0.17167948125,-1.10423888267292,2.10632158292271,1.00208270030625,0.143471603448043,"Summer",0,0,0,NA
"269",269,22.8916666666667,23.9135416666667,0,0,36.963615153125,34.279973729375,10454.8333333333,3957.39202252816,-4.72649053911395,-0.8339025170625,60.4217677542684,0.215454565,-0.885797466769458,1.86348670039083,0.977689233610417,0.122823245316826,"Summer",0,0,0,NA
"270",270,23.9316666666667,25.0866666666667,0,0,34.597339596875,31.7625452695833,11416.4166666667,4570.92424026762,-6.29284302487535,3.298162358125,79.0542295592279,0.180289363958333,-0.918511795435417,1.99475973977667,1.07624794431458,0.427641168499866,"Summer",0,0,0,NA
"271",271,24.0935416666667,25.29,0,0,28.5529909414583,25.753066194375,10974.6041666667,4011.25028298134,-5.2439749764617,0.817565817270833,69.0223258890067,0.1834138175,-0.93765633816375,1.9080105469625,0.970354208814583,0.133825846254259,"Summer",0,0,0,NA
"272",272,23.695,24.904375,0,0,31.07352971125,28.1401612020833,10709.2083333333,3404.32168247843,-4.22056027191277,1.85812336689583,69.5652220415468,0.176943656041667,-0.630412763322292,1.58986970820917,0.959456944902083,0.169729736588824,"Summer",0,0,0,NA
"273",273,22.6647916666667,23.5447916666667,0,0,38.2821056452083,36.195500745,8796.03541666667,3093.97164351043,-1.73750104938696,0.0594195452708335,57.7373157326217,0.212329057916667,-0.304762459887292,1.37347797120083,1.06871551134792,0.208452964287963,"Summer",0,0,0,NA
"274",274,18.375,19.1291666666667,4.953,5,79.2463123785417,76.7197078225,5533.34791666667,4929.65294214564,2.02623897675472,-15.4333732406458,16.452931383561,0.200445575625,0.0757680837020833,1.12240253219667,1.19817061583958,0.295879351442065,"Summer",0,0,0,NA
"275",275,20.8160416666667,21.379375,0,0,60.7046315429167,59.4569297633333,12701.2291666667,4977.82765033125,0.721056987614583,-1.386391405875,68.0230776645417,0.357390292916667,0.218917218158333,1.54443432763958,1.76335154579167,0.342502942756061,"Summer",0,0,0,NA
"276",276,20.0908333333333,20.92375,0,0,60.714169726875,58.5603584139583,11069.0833333333,3818.05739890202,-1.67404440348511,-1.24420721627083,75.5041669218723,0.218001400208333,-0.1577882330875,1.67595328179146,1.5181650486875,0.257699932190924,"Summer",0,0,0,NA
"277",277,20.3495833333333,21.3691666666667,0,0,46.653072593125,43.8164496239583,10270.1875,3598.32701924253,-3.97663577036292,-4.715212028125,77.1282562460112,0.195874825625,-0.385792623664167,1.74425628622917,1.35846366260417,0.207894184301857,"Summer",0,0,0,NA
"278",278,19.159375,20.1747916666667,0,0,37.4901255233333,35.3446008795833,9524.79166666667,2762.10852506377,-3.40884792676958,-5.78026292416667,80.7689942223921,0.225441284375,-0.51228214511875,1.61353663895396,1.10125449389583,0.204563350730104,"Summer",0,0,0,NA
"279",279,18.3914583333333,19.1872916666667,0,0,34.6947354366667,33.5046599285417,8854.6375,2826.56901227073,-2.09797450946542,-3.15852777047917,79.0525530786392,0.321786041041667,-0.33349921478125,1.26582465158937,0.932325436839583,0.195677648423359,"Summer",0,0,0,NA
"280",280,15.1435,15.6495833333333,0,0,53.2574959354167,53.270632418125,8420.25208333333,2217.2473334843,-0.331145943723404,-9.366889627875,78.0203468538271,0.451273778541667,-0.0870601649485417,0.919768661723958,0.832708496802083,0.18998935473115,"Summer",0,0,0,NA
"281",281,10.5964583333333,11.135625,0,0,55.422872631875,54.2635166341667,-7056.76470588235,167.300296822,-0.728284262358667,-16.8226938741458,3.62465926746667,0.130033357058824,-0.4070060319775,0.961638504485833,0.554632472520833,0.0968695300647191,"Summer",0,0,0,NA
"282",282,11.5121875,11.5121875,0,0,46.3277020379167,46.3277020379167,NA,NA,NA,-9.73009578289583,NA,NA,-0.522439347450208,1.1130371686875,0.59059782118125,0.152904486592168,"Summer",0,0,0,NA
"283",283,14.9401666666667,14.9401666666667,0,0,39.585891491875,39.585891491875,NA,NA,NA,-1.10124328970208,NA,NA,-0.391797938511042,1.14618819951042,0.754390260966667,0.184781317995404,"Summer",0,0,0,NA
"284",284,15.215625,15.215625,0,0,59.96858723,59.96858723,NA,NA,NA,-0.956645103872917,NA,NA,-0.191537922205833,0.991059329245833,0.799521407052083,0.158035778329942,"Summer",0,0,0,NA
"285",285,12.3514583333333,12.3514583333333,12.573,20,92.3581438345833,92.3581438345833,NA,NA,NA,-18.4999527135833,NA,NA,0.217461058116458,0.48740591959375,0.704866977689583,0.0247301433821956,"Summer",1,285,1,285
"286",286,13.6852083333333,13.6852083333333,1.397,2,84.6423363714583,84.6423363714583,NA,NA,NA,-7.09063711252083,NA,NA,0.165877010921958,0.64627140815625,0.812148419070833,0.119105876003825,"Summer",0,0,0,286
"287",287,12.836875,12.836875,0,0,70.6669767604167,70.6669767604167,NA,NA,NA,-12.5706940897917,NA,NA,0.06216040140525,0.7563005227875,0.81846092418125,0.14388935160167,"Summer",0,0,0,287
"288",288,10.9232916666667,12.3313541666667,12.446,7,79.8980759202083,79.0736093996296,2536.86666666667,8763.004547,NA,-15.5985578695208,5.11307936178421,0.42076020952381,0.133503768303958,0.707396698397917,0.840900466677083,0.161210155166032,"Summer",1,288,1,288
"289",289,7.1776875,11.1713541666667,6.985,8,81.5486160120833,NA,9885.5,2245.2928025,NA,-18.8056267806042,60.6967715964571,0.551305316666667,0.126377738235625,0.706646315983333,0.833024054245833,0.231403050613107,"Summer",1,289,1,289
"290",290,8.45270833333333,11.0252083333333,0,0,68.3624652397917,78.93199804,10404.9166666667,1036.62185075107,2.768617031908,-12.4389798450917,59.4722680961739,0.320392734166667,0.0767515154666667,0.814118830302292,0.890870345802083,0.166861659514351,"Summer",0,0,0,290
"291",291,11.0754791666667,11.84025,0,0,72.736150409375,71.88245911,10086.2291666667,2966.72563455024,-0.471100799983333,-1.464416530625,71.6644314556905,0.274519349166667,0.173660919908958,0.805993438704375,0.97965435858125,0.248922334991009,"Summer",0,0,0,291
"292",292,14.2333333333333,14.858125,0,0,72.0461338025,71.8735553102083,9508.77083333333,3723.18282065588,0.0583398444708824,3.78168048083333,89.4686789209412,0.333004285416667,0.290446294059396,0.94087072775625,1.23131702177708,0.269554714901834,"Summer",0,0,0,292
"293",293,16.1545833333333,16.8127083333333,0,0,63.688382204375,63.6414120220833,7211,2540.65797420563,3.29949289875,-1.0150663618125,38.5741399877292,0.42502806875,0.749884749660208,0.702535188581458,1.45241993816667,0.246612176223057,"Summer",0,0,0,293
"294",294,15.2602083333333,15.8227083333333,7.112,3,66.177403435,65.9259688177083,10202.5145833333,3422.62857981254,0.57254006072973,-0.439003348749999,55.803709770986,0.38068435,0.395835689447917,1.01596783401937,1.4118035235,0.284941125108242,"Summer",1,294,1,294
"295",295,16.5141666666667,17.16375,0,0,68.265584524375,67.8939399439583,8329.70833333333,3647.07101768957,1.6680976599234,0.97238860625,31.5093582907447,0.2891982375,0.412413206122292,1.09542027791958,1.50783348395833,0.236609812901715,"Summer",0,0,0,295
"296",296,12.6835416666667,13.8004166666667,21.971,13,79.4042137314583,76.1607324791667,59.3083333333333,4996.77731157455,5.79263978178276,-23.8726529965208,-22.7298449874587,0.273724818125,1.05208827876042,0.208884353506417,1.26097263225,1.01761199004727,"Summer",1,296,1,296
"297",297,13.9270833333333,15.1922916666667,0,0,65.2589031395833,61.9932696364583,9245.53541666667,4719.00141631123,-1.91234057877198,-0.895556274583334,52.0037784558188,0.139591881875,-0.372732932095833,0.905208262564583,0.5324753305,0.170072785334366,"Summer",0,0,0,297
"298",298,15.1879166666667,16.4989583333333,0,0,56.0420122641667,52.8709622841667,8386.5875,3573.37477040079,-2.47596472089771,-5.71919894104167,48.5720710436431,0.156961476666667,-0.556431452865208,0.770047264196583,0.213615811335833,0.297942770436396,"Summer",0,0,0,298
"299",299,15.5410416666667,17.0935416666667,0,0,48.275442901875,44.3056136902083,8520.97916666667,3006.88719772406,-1.01277618008795,-4.0042895725,32.1315767858318,0.20051507,-0.566876611806792,0.685498614428958,0.118622002576354,0.384398825562367,"Summer",0,0,0,299
"300",300,17.5385416666667,19.16,0,0,35.5898037272917,31.4356647495833,7930.38541666667,3795.03676116632,-3.26173380410026,-1.21833850154167,58.5571493315,0.1593618075,-0.524735757567333,0.690395563314583,0.165659805827083,0.231298396876506,"Summer",0,0,0,300
"301",301,19.3379166666667,20.9608333333333,0,0,32.522292375625,28.5646338533333,7822.15208333333,3255.37464403374,-3.10850543124426,0.758596589854166,51.9738810902381,0.152783737916667,-0.607502040914792,0.896738558036042,0.289236517135417,0.193725529555934,"Summer",0,0,0,NA
"302",302,18.7427083333333,20.0602083333333,0,0,32.8812053597917,30.2487715195833,5961.41666666667,3460.03423619732,-3.48872538404854,-4.44505793625,37.0638314961458,0.158176676041667,-0.617149516316667,1.02065943871667,0.403509922327083,0.0691430505517984,"Summer",0,0,0,NA
"303",303,15.9045833333333,17.0695833333333,0,0,46.9445277670833,44.8858751752083,4479.60416666667,1912.56502099853,-1.70099815492021,-5.56399032297917,35.2629317592747,0.274428742083333,-0.351600579337083,0.904515017022917,0.552914437760417,0.251235387847836,"Summer",0,0,0,NA
"304",304,10.91775,11.9982916666667,0,0,47.7929985972917,45.96821798375,6682.14583333333,2428.83070945987,-1.53697739084312,-17.6558909537292,46.7171458518896,0.276856284166667,-0.359953650613125,0.813228953773694,0.453275303122917,0.229205826784774,"Summer",0,0,0,NA
"305",305,10.4626041666667,11.8993541666667,0,0,33.6899743597917,30.818077759375,6010.4125,1889.22496827065,-2.86817626610196,-11.9927001192292,51.6323539709587,0.190239111666667,-0.606824812391667,1.00425181460669,0.397427002204167,0.241473822300214,"Winter",0,0,0,NA
"306",306,13.4585416666667,14.8191666666667,0,0,28.4736784647917,25.9456270570833,6672.975,2407.12243367491,-2.95381994906667,-4.875641894125,54.5956392146022,0.181520310833333,-0.568468444417708,1.02313964812271,0.45467120366875,0.152640230070276,"Winter",0,0,0,NA
"307",307,13.0293333333333,14.475625,0,0,36.4561182875,33.3923257747917,6643.35416666667,1945.48509994617,-2.0403775333875,-5.13051559135,41.0289568852479,0.193314186458333,-0.49319160461875,0.929992491591667,0.436800886945833,0.108141360242554,"Winter",0,0,0,NA
"308",308,14.1647916666667,15.4966666666667,0,0,33.1973014329167,30.5564163129167,6389.9375,1872.50496254234,-2.37520890017596,-2.97423777497917,43.6494287554043,0.152430098333333,-0.4796357036275,0.961010860229167,0.481375156591667,0.0999576144766966,"Winter",0,0,0,NA
"309",309,15.7275,17.07125,0,0,32.6056157708333,29.9133807147917,6743.4375,2156.63429423564,-2.65714291291732,-2.44871961783333,45.4495749323553,0.161372034375,-0.447108336889167,1.07730467608125,0.630196339210417,0.216226361130272,"Winter",0,0,0,NA
"310",310,16.4616666666667,17.7525,0,0,31.55011660125,29.4929238985417,6584.70833333333,1907.71676973463,-3.30020890526717,-4.296876484375,52.8403970242043,0.158382198958333,-0.380342122699583,1.04619128237083,0.665849159620833,0.119080600963551,"Winter",0,0,0,NA
"311",311,16.0808333333333,17.59875,0,0,28.8119339166667,26.1524616854167,6150.5625,2263.33542889075,-3.35890794932396,-5.92283807608333,50.6145368679508,0.163154025833333,-0.497516846252083,1.24292975272292,0.745412906408333,0.133215025027442,"Winter",0,0,0,NA
"312",312,15.1539583333333,16.3675,0,0,28.839732565,27.0650725854167,6135.10416666667,1883.13479480376,-2.94379253823662,-6.57938923345833,49.2178174162316,0.171043670625,-0.326177980029792,1.0977640637875,0.771586083779167,0.12678727268041,"Winter",0,0,0,NA
"313",313,13.0389583333333,13.8189583333333,0,0,39.5641576879167,38.7917217402083,5792.18125,1800.0027317219,-0.80048659487619,-4.127632890875,55.033003704619,0.3333674875,-0.03128029729375,0.912161830527708,0.880881533222917,0.271366506565158,"Winter",0,0,0,NA
"314",314,11.285875,12.1760208333333,0,0,49.8949265245833,49.1317659097917,5651.79166666667,1505.45699297294,-1.57874564664583,-10.0171619432167,49.9786154533479,0.22985045125,-0.286361958048,1.02368540103917,0.73732344301875,0.175726592938606,"Winter",0,0,0,NA
"315",315,9.77577083333333,11.0072083333333,0,0,33.2434073835417,31.2552036822917,4944.8125,1532.74014872311,-1.89064001954174,-15.2190158544438,46.0144455868957,0.23605885625,-0.249996000386667,0.930461884571042,0.68046588419375,0.110259921673822,"Winter",0,0,0,NA
"316",316,4.93485416666667,5.98989583333333,0,0,25.7310941175,24.5006102704167,4193.54166666667,713.423452478667,0.765886721602333,-19.1021218177083,16.9274532743,0.369783875,0.10806727909625,0.456037892373687,0.564105171439583,0.160663176367018,"Winter",0,0,0,NA
"317",317,1.9994375,2.6545,0,0,29.5914206535417,29.6795191814583,4492.10416666667,776.239015073146,1.78127199962271,-18.9973663970833,52.2523164849792,0.350037490833333,0.404678807937042,0.144475274469896,0.54915408240625,0.316977734579436,"Winter",0,0,0,NA
"318",318,4.95929166666667,6.14629166666667,0,0,25.5208604997917,24.411240805625,2380.625,599.91352715686,0.920239637810605,-13.3022395004188,38.8975643814256,0.244045258333333,0.24048559082625,0.0923473256645625,0.332832916491667,0.224065403487163,"Winter",0,0,0,NA
"319",319,8.35245833333333,9.73875,0,0,19.715691304375,18.1860824158333,4499.14166666667,875.491876049311,-0.134730205481778,-7.99628805958333,55.5388594729333,0.211479120625,0.0276759264213958,0.190457613598833,0.21813354001875,0.110916646039531,"Winter",0,0,0,NA
"320",320,11.1080625,12.7468333333333,0,0,17.7769873196875,16.0509784873958,4143.79583333333,891.512803882683,-1.25781109948,-4.77981486933333,48.6080509037,0.160801576875,-0.189694575866042,0.426138404414187,0.2364438285125,0.108263207783285,"Winter",0,0,0,NA
"321",321,11.2416666666667,12.8341666666667,0,0,26.06818664,23.911711508125,3365.45208333333,964.353199399244,-1.20562306561,-7.14209241091667,53.1994373442267,0.143496569583333,-0.191633174699792,0.422068398991667,0.23043522429375,0.050312408683131,"Winter",0,0,0,NA
"322",322,11.0267916666667,12.66,0,0,22.3267332399583,20.292141431875,4682.6375,1021.26097700887,-1.35776678727326,-5.5243648446875,52.0373938558957,0.135561363541667,-0.212395847635104,0.44904532775875,0.236649480175,0.0648531447212139,"Winter",0,0,0,NA
"323",323,11.386375,12.7654166666667,0,0,21.2829644791667,19.738413640625,4149.375,1026.08596291659,-2.21827457294818,-4.6566930125,49.8486616945795,0.16725413625,-0.249225063862792,0.494663510831042,0.245438446985417,0.0610647952739874,"Winter",0,0,0,NA
"324",324,11.9827291666667,13.0991666666667,0,0,23.6525515689583,22.5279279072917,4291.875,908.385529143256,0.0997714127790698,-1.51731030566667,47.6613577252767,0.260818718125,0.0928759057839583,0.1702969911125,0.263172896891667,0.0798298655875928,"Winter",0,0,0,NA
"325",325,11.8002291666667,13.389375,0,0,37.9795469545833,35.13317507125,4675.85416666667,750.611960733188,-0.747911779327771,-3.76757057304167,48.7659851050375,0.176262313958333,-0.1314508828925,0.39540657403125,0.26395569114375,0.0770597675824203,"Winter",0,0,0,NA
"326",326,9.79758333333333,11.1908958333333,0,0,53.3615733,51.416781369375,-388.925,347.830193578875,0.0138896659575,-7.21766183679167,7.98696777185,0.179207659583333,0.0765403939939583,0.19873226796,0.275272661954167,0.125951973150127,"Winter",0,0,0,NA
"327",327,9.12116666666667,10.5845208333333,0,0,43.986619373125,41.413499480625,3923.85416666667,1067.55183766783,-1.53521433480978,-10.4164324884583,51.8871536306193,0.15159989375,-0.24302624993375,0.465629029009792,0.222602779072917,0.0546370361053004,"Winter",0,0,0,NA
"328",328,11.112875,12.3177083333333,0,0,34.1146503947917,32.299573225625,3920.80625,779.412472769958,-0.376760086752042,-3.59084947125833,35.5937893473146,0.176364568125,-0.02132572260375,0.311486530156042,0.290160807589583,0.139800745518141,"Winter",0,0,0,NA
"329",329,9.98570833333333,11.1665625,0,0,45.9403641808333,44.3732639714583,4425.22916666667,788.6826619045,-1.384573403358,-5.5154894654375,52.726990392165,0.165340732291667,-0.203039603883125,0.431007978621875,0.227968374747917,0.0636207861177322,"Winter",0,0,0,NA
"330",330,9.33954166666667,10.5100625,0,0,34.1304956579167,32.350527946875,2088.72916666667,816.920731892424,-0.43469041502303,-6.36067756483333,44.3389271824545,0.248510435833333,-0.00441387266395833,0.203101943411042,0.19868807075,0.046420672149109,"Winter",0,0,0,NA
"331",331,11.3965,12.609875,0,0,29.839587281875,28.235367059375,3828.81041666667,771.132339872404,-0.82834699482087,-5.78529442966667,44.6146493878022,0.172562182083333,-0.110329643562604,0.326363920887292,0.216034277295833,0.0651325862772819,"Winter",0,0,0,NA
"332",332,12.8709375,14.4483333333333,0,0,22.3198459919375,20.5346648364583,3831.33125,925.978638959391,-0.841242578496087,-4.58363179566667,41.8318037830761,0.165276866041667,-0.0943356989263958,0.322188832277083,0.227853133345833,0.0572161405443826,"Winter",0,0,0,NA
"333",333,13.037625,14.14875,0,0,27.6215914958333,26.586789634375,2037.97708333333,894.991221400213,-0.580163060567021,-0.00594773000000025,23.2475354589234,0.298901234479167,-0.0887986281010417,0.366624280478542,0.277825652383333,0.0984510864170158,"Winter",0,0,0,NA
"334",334,7.04525,7.831625,6.604,6,69.9041898341667,69.5045134829167,5398.13541666667,2538.48906675588,1.43879128631688,-12.997233254,21.0920359515,0.306148137083333,0.136449156025625,0.148173497050833,0.28462265308125,0.183026508754353,"Winter",1,334,1,334
"335",335,5.98791666666667,7.13610416666667,0,0,70.9723313154167,68.742068014375,7127.20833333333,2635.07503950889,0.503289156866667,-13.7222865542708,39.3616540595208,0.151493229791667,0.0666363297777083,0.1579884197225,0.22462474949375,0.043793895155704,"Winter",0,0,0,335
"336",336,5.22652083333333,6.07291666666667,0,0,70.0212894441667,69.395153128125,5434.41666666667,1751.54666321271,-0.0661373417947917,-9.56089711658333,35.8064804049442,0.257682980208333,0.00722899236270833,0.225849833949604,0.233078826304167,0.0676971755213446,"Winter",0,0,0,336
"337",337,6.21345833333333,7.5246875,0,0,54.8708043479167,51.91208902875,4530.43541666667,1449.74541738923,-1.00855281756677,-12.6738705342917,55.805369459341,0.13869965125,-0.109772882764583,0.346857372906042,0.2370844901625,0.0557769957405186,"Winter",0,0,0,337
"338",338,9.63727083333333,10.965,0,0,40.2277169472917,37.5031574754167,4042.90625,1419.81945221319,-0.385020738442596,-2.72206265745833,32.232660741634,0.162221773958333,0.0235696759823125,0.300841716821875,0.324411392810417,0.0962745315302459,"Winter",0,0,0,338
"339",339,11.0754791666667,11.9958333333333,0,0,41.82094092625,40.9607423741667,1056.9875,1057.57008511917,0.671061277320833,0.746911613125,-0.757411969104167,0.282671454166667,0.15356005098375,0.19877774785375,0.352337798835417,0.0617911651282328,"Winter",0,0,0,NA
"340",340,11.4739583333333,12.315,0,0,60.12528242875,60.0662678647917,4364.2875,970.1184668375,0.041951295995625,1.5494934336875,30.2530707355958,0.282709385416667,0.0369624535564583,0.3242224854966,0.361184939066667,0.0796782376060205,"Winter",0,0,0,NA
"341",341,6.40333333333333,7.51322916666667,17.78,13,89.9695512560417,87.0728570960417,1321.01666666667,2709.85694154762,-1.170717249226,-13.1488445937234,0.0364397624434782,0.199636451875,0.142202054660188,0.113765788209792,0.255967842866667,0.034850315887921,"Winter",1,341,1,341
"342",342,7.12164583333333,8.17966666666667,0,0,77.12872191875,74.9127146372917,5093.76875,2609.09306837756,-0.407245483808781,-5.75653841382083,40.9999870599157,0.139762099375,0.122866563711,0.183811207304167,0.306677771008333,0.0697279575249622,"Winter",0,0,0,342
"343",343,8.63670833333333,9.72839583333333,0,0,55.7098376583333,53.585504995625,3423.11666666667,2288.02547120967,-0.435395923933333,-8.8936672585625,42.0970293263333,0.221099638333333,0.0492240436929167,0.345034662277708,0.394258705995833,0.124588985359393,"Winter",0,0,0,343
"344",344,8.85770833333333,9.8333125,0,0,46.9786842391667,45.8291340583333,2299.14375,1993.33104461304,0.793072318617174,-7.2790212430625,11.6338744258913,0.264959541666667,0.190884224217375,0.246186754120625,0.437070978325,0.103297557251965,"Winter",0,0,0,344
"345",345,10.1284375,11.22875,0,0,51.6671169864583,50.3920886635417,627.9375,972.819664235229,0.538164045027292,-2.64513486914583,1.92243887372917,0.164360898333333,0.208136553145,0.276949594253125,0.485086147397917,0.0574349279590451,"Winter",0,0,0,345
"346",346,9.08460416666667,10.2241458333333,0,0,59.6441873225,58.3518531275,3211.29375,1247.23636627904,0.260559527112292,-8.779764151875,25.0294234493063,0.218680377083333,0.120427588757083,0.38140820340875,0.501835792185417,0.0915980637413358,"Winter",0,0,0,NA
"347",347,5.64558333333333,6.89329166666667,0,0,37.2653562171458,35.4108254235,2383.85416666667,1992.27471852578,0.0328741778962222,-18.9019013031875,23.4795978336444,0.232256226875,0.161341075227083,0.345480869601479,0.5068219448375,0.498486208083057,"Winter",0,0,0,NA
"348",348,7.18916666666667,8.57866666666667,0,0,18.90529231,17.0746239097917,1260.79166666667,1124.24804083727,-0.438864776610644,-11.8575564761812,23.0894139466556,0.190844024791667,0.0118322991800271,0.34019064385,0.352022943027083,0.0564778954874614,"Winter",0,0,0,NA
"349",349,7.93654166666667,9.18627083333333,0,0,20.5719016897917,18.7954382366667,558.239583333333,983.94913877575,0.220341497167083,-3.78327720989583,-1.04665008373125,0.172811906666667,0.108248858271042,0.206931133079583,0.315179991352083,0.111096880690368,"Winter",0,0,0,NA
"350",350,8.72939583333333,9.68054166666667,0,0,37.7318594016667,36.5259223754167,1435.38125,1026.42105234426,0.400621545262174,-0.335463200633333,1.69374271177083,0.202155547291667,0.167237613818958,0.119511910990958,0.28674952480625,0.119366612399888,"Winter",0,0,0,NA
"351",351,8.35435416666667,8.4136875,0,0,61.3524223,61.1494410425,-1950,42.85787298,0.62796620695,-0.125772171577083,-2.1404508425,0.089300845,-0.006590980704375,0.176879327549375,0.170288346845833,0.0347997145798516,"Winter",0,0,0,NA
"352",352,6.2300625,7.42229166666667,0,0,63.7111223,61.489136623125,5016.34782608696,1680.37408169916,-0.0265644961737778,-11.7573114787083,34.0070536994239,0.201133748695652,0.0292115233340833,0.111762057368542,0.140973580701667,0.0458946480846101,"Winter",0,0,0,NA
"353",353,7.86854166666667,9.16377083333333,0,0,48.0532205664583,46.1317616558333,3433.60625,1041.802256865,0.115173484651521,-7.9798946865,24.4967038192771,0.192783333333333,0.00412873431318542,0.187964322544167,0.192093056864375,0.144905611468808,"Winter",0,0,0,NA
"354",354,11.776125,13.5037708333333,0,0,27.7640244820833,25.1791321525,3144.47708333333,868.024683486125,-0.465591236783583,-4.31412764557917,37.2227119182646,0.154835677291667,-0.0154959752298125,0.189822425873542,0.17432645064375,0.0571896260851419,"Winter",0,0,0,NA
"355",355,12.9589583333333,14.84,0,0,19.1252102802083,17.0132368577083,-36.9041666666667,916.150667298936,-0.366392872466234,-3.7156783711875,13.6693434215106,0.118718000833333,0.0159637405789167,0.177884981420208,0.193848722,0.0294328493100703,"Winter",0,0,0,NA
"356",356,13.285625,14.7933333333333,0,0,16.9045681270833,15.5919896633333,3435.1875,854.034065281938,-0.279445892293167,-3.44145197679167,32.2977653348375,0.1667949525,-0.0178225101622917,0.24450328308875,0.22668077291875,0.0519308499430531,"Winter",0,0,0,NA
"357",357,12.6609166666667,14.459375,0,0,21.9177066954167,19.706994574375,2989.53333333333,886.066224064063,-0.449329645594042,-2.9028063655625,39.352622654289,0.151237494583333,-0.0239438762939583,0.278194005891667,0.254250129616667,0.0539257329861254,"Winter",0,0,0,NA
"358",358,12.9902083333333,14.5447916666667,0,0,24.5979519354167,22.627853655,3391.77083333333,729.253563682229,-0.401697753307917,-3.8655593650625,38.5790994621742,0.127263778541667,0.00964638179370833,0.271267720708333,0.280914102502083,0.0479860711341407,"Winter",0,0,0,NA
"359",359,10.5423125,11.5943333333333,0,0,33.6974714716667,32.7801115889583,2777.22916666667,1217.35532076263,-0.605284858019767,-2.73356350654167,31.1906067124348,0.328419845416667,0.0734009186277083,0.258814466733333,0.332215385358333,0.362877563662957,"Winter",0,0,0,NA
"360",360,2.06058333333333,2.96164583333333,1.905,5,88.9620662277083,87.10131395,1553.19166666667,2964.389639721,-1.46555514919217,-20.3915497152042,3.52503163149348,0.256140173541667,-0.0967873931460417,0.270609408514167,0.17382201536875,0.128901562028937,"Winter",0,0,0,NA
"361",361,3.13647916666667,4.07422916666667,0,0,66.3067005591667,65.27525575875,5534.75416666667,2774.53448532171,-0.210116460266976,-12.1023963993333,40.6179311390102,0.1970207675,0.00577277472133333,0.135975034482708,0.141747809207917,0.0442224663265996,"Winter",0,0,0,NA
"362",362,0.119979166666667,1.03572916666667,5.715,4,73.669564724375,72.2270359520833,3997.40625,4346.23876113846,0.156460241990435,-22.2276823952083,4.79780213175714,0.19233431625,-0.0569664594872917,0.15814909037639,0.101182630890417,0.0518887147722467,"Winter",1,362,1,362
"363",363,-2.05245833333333,-1.1916875,0,0,72.71695243625,73.3288592185417,1515.4375,1775.032336452,-1.00383736485238,-15.2681043361042,9.00888712447969,0.315791244791667,-0.143356025712292,0.224083472532917,0.08072744682375,0.0761560500339415,"Winter",0,0,0,363
"364",364,-0.109333333333333,0.9556875,0,0,62.1627989210417,61.4671105429167,4874.41666666667,2345.96272694802,-0.579339987238571,-12.2990696106667,51.1040752967302,0.21605984125,-0.08240911065725,0.204382968329375,0.121973857681458,0.153899184385237,"Winter",0,0,0,364
"365",365,2.89929166666667,3.88347916666667,0,0,48.314639169375,47.5882050860417,2990.19791666667,1945.47996789937,-0.374138739708125,-7.74024521288958,20.1884620313521,0.317385672083333,-0.0554292861267917,0.162264595220271,0.106835309095417,0.0669793701223103,"Winter",0,0,0,365
