"","X","DOY","meanAT2","meanAT6","sum_R","rain_events","meanRH2","meanRH6","meanSWC5","meanSWC15","meanSWC30","meanST5","meanST15","meanST30","meanNEE","meanGPP","meanRECO","sdReco","Season","high_day","Rain_DOY","Pulse_Days","Pulse_DOY"
"1",14,14,10.9273958333333,11.5215416666667,9.271,4,54.4647450022917,"53.5573074004167",16.9166666666667,"16.0208333333333","NA",9.475,10.4645833333333,10.2354166666667,0.355086571816104,0.158186574368125,0.513273146189583,0.516780647486254,"Winter",1,14,1,14
"2",15,15,3.33216666666667,3.79227083333333,5.969,15,96.2525700560417,"94.5646848054167",25.4166666666667,"22.6666666666667","17",7.51666666666667,8.89166666666667,10.1666666666667,0.261894796245833,0.0248615527708333,0.286756349016667,0.019083161998482,"Winter",1,15,1,15
"3",16,16,4.79954166666667,5.50954166666667,0,0,80.317735019375,"78.932327396875",21.6041666666667,"22.8333333333333","15.9375",6.90625,7.9875,9.25208333333333,0.214236452536208,0.201491271194021,0.415727723745833,0.250508052992877,"Winter",0,0,0,16
"4",17,17,6.427875,6.98475,0,0,67.8696834958333,"67.574802885",19.7083333333333,"21.5625","15.0208333333333",6.87916666666667,7.91666666666667,9.03333333333333,0.284234555317292,0.175544171603958,0.459778726914583,0.125780005278387,"Winter",0,0,0,17
"5",18,18,6.5945,7.66085416666667,0,0,65.3873550170833,"63.3119792747917",18.5833333333333,"20.6041666666667","14",6.58125,7.72708333333333,9.03125,0.250418782071458,0.249676168643958,0.50009495070625,0.0793956870364113,"Winter",0,0,0,18
"6",19,19,5.50925,6.36235416666667,0,0,60.1011152589583,"58.7081771627083",17.7916666666667,"19.9791666666667","13.2291666666667",5.89375,6.84791666666667,8.61875,0.219680455776875,0.276866001295417,0.496546457075,0.10492180168361,"Winter",0,0,0,19
"7",21,21,3.63020833333333,4.16022916666667,7.239,7,69.813891015,"70.06026380125",22.7708333333333,"23.875","14.3333333333333",5.64375,6.475,8.15833333333333,0.215717190537083,0.255717889971875,0.47143508051875,0.11511797898795,"Winter",1,21,1,21
"8",22,22,5.2043125,6.28441666666667,0,0,55.0996674247917,"52.9768284225",20.2708333333333,"22.5208333333333","15.9166666666667",4.98333333333333,5.85416666666667,7.60208333333333,0.213046888267396,0.336314737670833,0.549361625927083,0.152168603548558,"Winter",0,0,0,22
"9",23,23,9.86810416666667,10.5373333333333,0.254,1,43.2161161254167,"42.2011009052083",19.2083333333333,"21.5625","15.4583333333333",6.33958333333333,7.01458333333333,7.77083333333333,0.618125094855417,0.19658877316875,0.814713868020833,0.265325451544514,"Winter",0,0,0,23
"10",24,24,2.45077083333333,2.88354166666667,0.762,3,68.1670793410417,"68.3631721170833",18.6458333333333,"20.9583333333333","14.9375",6.19375,7.29791666666667,8.3,0.190007886487292,0.204633192874729,0.394641079354167,0.101942094432961,"Winter",0,0,0,24
"11",25,25,0.128604166666667,1.02310416666667,0,0,62.1063618579167,"61.6154405195833",17.5625,"20","14.2291666666667",4.2,5.66458333333333,7.725,0.088852864135,0.124769002915625,0.213621867052083,0.105115021248094,"Winter",0,0,0,25
"12",172,172,30.1022916666667,30.95625,6.35,2,22.0156161508333,"19.3329769095833",9.39583333333333,"9.33333333333333","9.79166666666667",33.0895833333333,32.69375,31.39375,0.390277567969167,0.432773140456667,0.82305070841875,0.848147385360175,"Spring",1,172,1,172
"13",173,173,29.1889583333333,29.658125,0,0,28.1714879152083,"25.9016279733333",9.97916666666667,"9.04166666666667","9.125",31.7020833333333,29.6229166666667,29.6395833333333,1.02197168486917,0.0701391414729167,1.09211082633542,0.633204972638254,"Spring",0,0,0,173
"14",174,174,29.2264583333333,29.66875,0,0,27.2329649595833,"25.65930436",10.75,"9.33333333333333","9.10416666666667",33.1333333333333,30.9833333333333,29.8479166666667,0.670389885905979,0.3627410765925,1.03313096245417,0.282899028237142,"Spring",0,0,0,174
"15",175,175,30.6154166666667,31.0754166666667,0,0,19.9168613590208,"18.5921845915625",10.7291666666667,"9.41666666666667","9.22916666666667",34.1708333333333,32.1625,30.21875,0.841159299408333,0.618899063301042,1.460058362625,0.307666099614889,"Spring",0,0,0,175
"16",176,176,26.5022916666667,27.0235416666667,25.654,2,36.5915993472917,"34.429162389375",16.2708333333333,"9.54166666666667","9.3125",31.1104166666667,31.0270833333333,30.5541666666667,1.07698990546458,0.632367271842083,1.7093571773125,0.836103305928092,"Spring",1,176,1,176
"17",177,177,25.710625,26.3970833333333,1.651,1,39.2225425827083,"36.6968901170833",23.125,"15","9",26.025,26.08125,28.2083333333333,2.20722611385833,0.145342542008187,2.35256865585417,1.00710190393923,"Spring",0,0,0,177
"18",178,178,27.5004166666667,28.161875,0,0,25.2079798533333,"22.8240022979167",21.1666666666667,"16.2708333333333","9.04166666666667",27.88125,26.7895833333333,27.425,1.4361089690625,0.271991581058333,1.70810055016667,0.411111714800384,"Spring",0,0,0,178
"19",179,179,26.73125,27.2120833333333,0,0,29.0564934958333,"27.4461539770833",19.6458333333333,"15.5416666666667","9.33333333333333",28.8958333333333,28.2395833333333,28.075,1.10436245535522,0.297490533607292,1.401852989,0.274591584837839,"Spring",0,0,0,179
"20",180,180,26.5141666666667,27.1372916666667,0,0,25.3132466523542,"23.6758401925833",18.6875,"14.75","10",30.05625,29.6208333333333,28.7125,0.708218095604792,0.4507872375125,1.1590053331625,0.252138560161753,"Spring",0,0,0,180
"21",184,184,23.9095833333333,24.6739583333333,59.944,8,42.3695251897917,"39.1370632714583",19.7916666666667,"16.625","13.125",28.4083333333333,28.6104166666667,28.9395833333333,0.250794065914583,0.713105076380833,0.963899142254167,0.321030743686402,"Summer",1,184,1,184
"22",185,185,25.8291666666667,26.3554166666667,0,0,39.8791099441667,"37.2497872202083",25.375,"26.8541666666667","22.2708333333333",26.16875,25.6395833333333,27,1.20051411942152,0.320532446412396,1.52104656583333,0.574762779510458,"Summer",0,0,0,185
"23",186,186,26.9335416666667,27.5227083333333,0,0,32.5038172964583,"29.7368530891667",22.1875,"23.1666666666667","20.375",27.2979166666667,26.74375,26.8270833333333,0.571663620448333,1.09628963761458,1.6679532580625,0.415857266720377,"Summer",0,0,0,186
"24",187,187,28.0495833333333,28.953125,0,0,31.0038752110417,"27.7246296725",20.625,"21.1875","19.7916666666667",29.5229166666667,28.4083333333333,27.79375,0.167981889011458,1.72660513723333,1.89458702627083,0.360961137082799,"Summer",0,0,0,187
"25",188,188,28.1727083333333,28.7341666666667,0,0,25.648646215,"23.4062983329167",19.2916666666667,"19.25","19.0208333333333",30.4916666666667,29.5020833333333,28.66875,0.105086737842292,2.19087779655625,2.2959645344375,0.344005156584367,"Summer",0,0,0,188
"26",190,190,23.9995833333333,24.91375,8.509,2,50.2329106391667,"46.4783423389583",20.1666666666667,"17.7916666666667","18",27.8395833333333,28.2729166666667,28.9979166666667,0.49037738437125,2.09784036321271,2.58821774758333,0.340821443442233,"Summer",1,190,1,190
"27",191,191,22.0429166666667,22.7904166666667,2.159,5,63.2817508027083,"59.246413746875",21.8333333333333,"20.4583333333333","17.4166666666667",25.9770833333333,25.5979166666667,27.1916666666667,0.212766649385417,2.42190855136875,2.63467520075,0.503061868030955,"Summer",0,0,0,191
"28",192,192,22.4879166666667,22.853125,0,0,62.1299196454167,"60.2692697466667",21.0625,"18.8125","17.5625",27.6291666666667,25.5625,26.7354166666667,-0.313106248927083,3.17683167024979,2.86372542135417,0.543216490491745,"Summer",0,0,0,192
"29",193,193,21.2547916666667,21.8889583333333,14.732,4,71.926970745625,"69.290322439375",23.4375,"22.5","18.8541666666667",25.2041666666667,25.3333333333333,26.8916666666667,0.36164575676875,2.279728936325,2.64137469308333,0.394275656580112,"Summer",1,193,1,193
"30",194,194,21.8177083333333,22.49125,39.751,7,66.5930848489583,"62.9939740370833",26.125,"28.7291666666667","22.4375",25.0479166666667,24.0604166666667,25.6729166666667,-0.973376234066667,3.59742215455,2.62404592047917,0.483584240957166,"Summer",1,194,1,194
"31",195,195,23.936875,24.5264583333333,0,0,55.70677154625,"53.0444827441667",25.9583333333333,"29.5625","25.3541666666667",25.2979166666667,23.9791666666667,25.3354166666667,-0.793170190775,3.72018189790625,2.92701170716667,0.590340800634025,"Summer",0,0,0,195
"32",196,196,23.8197916666667,24.3279166666667,0.635,1,60.3462146841667,"57.8352000395833",23.25,"25.1875","23.2708333333333",26.4020833333333,25.0895833333333,25.70625,-0.927159537672917,3.81738883300417,2.89022929554167,0.982015470830628,"Summer",0,0,0,196
"33",197,197,20.6335416666667,21.081875,2.286,2,79.5183730547917,"76.8067443422917",21.75,"23.375","22.1458333333333",25.45625,25.0708333333333,26.0229166666667,-0.4168792699125,2.84108667104854,2.42420740110417,0.640135864395888,"Summer",0,0,0,197
"34",198,198,20.2277083333333,20.8241666666667,8.128,3,78.173007745,"75.2869686597917",23.6875,"25.5208333333333","21.8333333333333",24.1208333333333,24.0541666666667,25.3041666666667,-1.04192594926458,3.23439635702708,2.19247040760417,0.210347303679957,"Summer",1,198,1,198
"35",199,199,22.3802083333333,22.795,0,0,66.1684545039583,"64.0088586683333",24.4166666666667,"26.3333333333333","23",24.95,23.9541666666667,24.8520833333333,-1.44902242411458,3.80431301798688,2.3552905938125,0.55397048193672,"Summer",0,0,0,199
"36",200,200,21.5383333333333,22.0847916666667,0,0,67.6304650383333,"65.4552764827083",22.125,"23.75","22.125",24.3104166666667,24.175,25.1041666666667,-1.39397738713,3.59234171781667,2.198364330875,0.583693297203171,"Summer",0,0,0,200
"37",201,201,21.1127083333333,21.5160416666667,0,0,70.3892176522917,"68.8714530414583",20.9583333333333,"22.3958333333333","21.2708333333333",25.6770833333333,24.4020833333333,25.01875,-1.71682008774792,3.84899592568542,2.132175838125,0.718546088955346,"Summer",0,0,0,201
"38",202,202,20.6447916666667,21.2377083333333,0.508,1,77.6941340895833,"75.177924930625",19.875,"21.2083333333333","21",24.7729166666667,24.525,25.2729166666667,-1.67356772968333,3.49148012930563,1.81791239972917,0.176507887968958,"Summer",0,0,0,202
"39",207,207,23.055625,23.900625,11.684,3,66.9906808625,"62.476051520625",21.4166666666667,"21.4375","19.2083333333333",26.0625,25.0604166666667,25.5354166666667,-1.86635524985153,3.71783284363125,1.85147759404167,0.226178285560022,"Summer",1,207,1,207
"40",208,208,22.7545833333333,23.4835416666667,8.382,6,67.013542151875,"63.126098234375",24.9166666666667,"26.6458333333333","21",25.1458333333333,24.35,25.1270833333333,-2.46474414494375,4.38665053621875,1.92190639127083,0.459429374057043,"Summer",1,208,1,208
"41",209,209,20.7145833333333,21.3602083333333,29.464,8,72.5979811577083,"69.07245713375",26.875,"30.3541666666667","23.1041666666667",24.6,23.53125,24.78125,-3.03989309475,4.77322589996667,1.73333280535417,0.360357633973379,"Summer",1,209,1,209
"42",210,210,19.9339583333333,20.5435416666667,3.683,6,79.4664008845833,"76.05836777875",26.9791666666667,"30.7291666666667","25.5416666666667",24.0833333333333,23.1625,24.4895833333333,-2.34527186525833,4.11912566535417,1.77385380022917,0.719492532668634,"Summer",0,0,0,210
"43",211,211,21.039375,21.5210416666667,2.286,3,79.476964475,"76.9618571927083",25.7083333333333,"28.9583333333333","24.8958333333333",24.8375,23.6520833333333,24.4604166666667,-2.37271358946875,4.1299934866875,1.75727989729167,0.272372114913762,"Summer",0,0,0,211
"44",212,212,23.4802083333333,24.1295833333333,0,0,65.711691341875,"62.0346921270833",23.75,"26.5","23.5833333333333",25.2166666666667,24.09375,24.6395833333333,-2.06253952205417,4.319382233425,2.256842711375,1.24248595741025,"Summer",0,0,0,212
"45",213,213,21.0054166666667,21.3591666666667,11.684,6,77.7512394354167,"75.931740345625",27.0416666666667,"31.4791666666667","25.0208333333333",24.8104166666667,23.96875,24.7875,-2.57530118709167,4.45920638847917,1.88390520177083,0.533148499882578,"Summer",1,213,1,213
"46",214,214,21.2904166666667,21.8972916666667,23.368,3,73.6389662620833,"70.867074694375",26.7708333333333,"30.9375","25.1666666666667",24.1895833333333,23.5520833333333,24.5645833333333,-1.95641694283125,4.07440036244958,2.11798341939583,1.10050614609601,"Summer",1,214,1,214
"47",215,215,23.1141666666667,23.79,0,0,62.6794470320833,"58.8361840395833",26.5625,"30.7708333333333","25.9166666666667",24.8416666666667,23.6229166666667,24.3645833333333,-2.73716276137292,4.91523368708333,2.17807092591667,0.631106560391188,"Summer",0,0,0,215
"48",216,216,23.15875,23.9995833333333,0,0,64.5600011514583,"60.4651740339583",24.4166666666667,"27.3541666666667","24.3541666666667",25.0541666666667,24.1916666666667,24.6708333333333,-3.21653371792027,5.3971507481875,2.18061703020833,0.581710503913255,"Summer",0,0,0,216
"49",217,217,23.379375,24.06875,0,0,59.9604524258333,"56.4730164670833",22.75,"25.4583333333333","23.2916666666667",26.1479166666667,24.7458333333333,25,-3.54003860877708,5.74483932937292,2.20480072035417,0.389559723316605,"Summer",0,0,0,217
"50",218,218,23.2266666666667,24.0708333333333,0,0,55.011324309375,"50.8778626052083",21.1666666666667,"23.625","22.3958333333333",26.6020833333333,25.1625,25.4708333333333,-3.7635790359875,5.9653008338375,2.20172179839583,0.330660039700074,"Summer",0,0,0,218
"51",222,222,22.8591666666667,23.739375,9.779,8,60.973499356875,"56.3300676589583",18.0208333333333,"17.875","19.8541666666667",26.1916666666667,25.825,26.0375,-1.73369467469875,4.19622427375,2.4625295994375,0.827829893838828,"Summer",1,222,1,222
"52",223,223,24.128125,24.8329166666667,0,0,57.1375156022917,"53.4103635585417",22,"22.875","19.0833333333333",25.1041666666667,24.6291666666667,25.325,-2.35286282584208,4.93447182058333,2.58160899485417,0.511080848310991,"Summer",0,0,0,223
"53",224,224,22.8364583333333,23.475625,25.654,6,64.2460412789583,"61.3165253647917",22.1875,"23.2916666666667","19.4583333333333",25.5729166666667,24.95,25.41875,-2.30746626183542,4.85830061889583,2.55083435766667,0.636774834638012,"Summer",1,224,1,224
"54",225,225,21.1529166666667,21.83875,0,0,71.2275132535417,"68.0087506704167",26.7916666666667,"31.125","24.8958333333333",23.8520833333333,23.7229166666667,24.8770833333333,-2.47744633178958,4.85891259780625,2.38146626585417,0.327553160371241,"Summer",0,0,0,225
"55",226,226,21.274375,22.0302083333333,0,0,70.860745696875,"67.40812930875",23.8958333333333,"26.875","23.5625",23.84375,23.7645833333333,24.4395833333333,-1.76860544545417,4.18974436889583,2.42113892383333,0.344247715608773,"Summer",0,0,0,226
"56",227,227,22.4470833333333,23.30875,0,0,57.826108699375,"54.2533675535417",22.5625,"24.9166666666667","22.5833333333333",23.7916666666667,23.8166666666667,24.2229166666667,-2.9132643005625,5.51264074808333,2.599376447625,0.312704815694242,"Summer",0,0,0,227
"57",228,228,22.2639583333333,23.3772916666667,0,0,40.767257305625,"35.9801225991667",20.7708333333333,"23.2291666666667","21.9375",24.1270833333333,23.6645833333333,24.2166666666667,-2.61867276797917,5.31887923449792,2.70020646610417,0.424989900482559,"Summer",0,0,0,228
"58",351,351,3.7824375,4.436125,5.588,5,89.1532909502083,"88.4230175989583",8.97916666666667,"7.52083333333333","7",8.62916666666667,9.75416666666667,11.9395833333333,0.665787879331042,0.030039336391125,0.695827215722917,0.617404188032666,"Winter",1,351,1,351
"59",352,352,3.85302083333333,4.81116666666667,1.397,4,85.8439319527083,"83.8071734429167",9.5,"7.02083333333333","7",7.7125,8.78333333333333,11.2833333333333,0.311285753090417,0.066572206560625,0.37785795965,0.192656134199335,"Winter",0,0,0,352
"60",353,353,5.98635416666667,7.363375,0,0,61.7641087572917,"59.356078705625",10.6666666666667,"7.02083333333333","7",7.25416666666667,7.97083333333333,10.6520833333333,0.180876878576646,0.139346933573542,0.3202238121375,0.162310774611482,"Winter",0,0,0,353
"61",354,354,8.8498085106383,10.1211489361702,0,0,47.4663073029787,"45.3403396087234",11.4255319148936,"7.21276595744681","7",7.59148936170213,8.17021276595745,10.5212765957447,0.247190209184681,0.0975728974938298,0.344763106668085,0.454945503893336,"Winter",0,0,0,354
"62",355,355,4.77852083333333,5.6424375,0,0,40.121990106875,"40.0427018520833",11.4375,"7","7",7.18333333333333,7.9,10.4520833333333,0.226876540350979,0.0443597522227083,0.271236292576458,0.251642597306482,"Winter",0,0,0,355
"63",46,46,10.2383333333333,10.9116666666667,17.145,28,94.89222463875,"91.6163376533333",16.3958333333333,"11.5416666666667","7.20833333333333",12.2441666666667,12.8302083333333,12.9452083333333,0.371233329323958,0.00594133946666667,0.377174668791667,0.265932633178597,"Winter",1,46,1,46
"64",47,47,9.30372916666667,9.90708333333333,15.367,16,97.6069797633333,"93.814051748125",24.8958333333333,"25.9166666666667","12.8541666666667",12.24375,12.5729166666667,12.9133333333333,0.436534903591667,0.00155370308104167,0.438088606672917,0.177587569548805,"Winter",1,47,1,47
"65",48,48,9.9595625,10.7201458333333,0,0,81.8916646129167,"80.1329668275",23.0416666666667,"25.875","20.1666666666667",12.4408333333333,12.2816666666667,12.6266666666667,0.470996943358333,0.180954492605417,0.651951435954167,0.495685365788583,"Winter",0,0,0,48
"66",49,49,11.4095833333333,12.1341666666667,0.762,2,71.8179922077083,"70.9609704577083",20.8125,"23.5833333333333","18.7708333333333",11.8458333333333,12.3027083333333,12.624375,0.579700515863125,0.0381892883508333,0.617889804208333,0.133535099949082,"Winter",0,0,0,49
"67",50,50,9.20641666666667,9.76604166666667,2.159,4,67.3413592589583,"66.9950255920833",21.5625,"23.6041666666667","18.0208333333333",11.4314583333333,12.1777083333333,12.494375,0.684911522733333,0.0280096660560417,0.71292118879375,0.250228665113524,"Winter",0,0,0,50
"68",51,51,3.89166666666667,4.44472916666667,0,0,70.5880810664583,"71.8062698533333",19.8541666666667,"22.2916666666667","18",10.3177083333333,10.7922916666667,11.84,0.380309521320833,0.0451598073418542,0.425469328664583,0.130472167140726,"Winter",0,0,0,51
"69",166,166,20.8747916666667,21.3439583333333,7.874,13,57.3939236183333,"55.832546180625",9.375,"9","10",29.9110416666667,29.6727083333333,29.3429166666667,0.514333776180625,0.163174499882083,0.677508276070833,0.547513519675816,"Spring",1,166,1,166
"70",167,167,16.4429166666667,17.0791666666667,22.352,11,82.9138241825,"79.2427721077083",18.1875,"15.75","9.75",24.1135416666667,25.1675,27.725,1.3064556148,0,1.3064556148,1.02734153131018,"Spring",1,167,1,167
"71",168,168,20.4120833333333,21.043125,0,0,46.4771666860417,"44.6470345795833",22.8333333333333,"26.5","10.9583333333333",23.0527083333333,23.274375,25.151875,1.9508328958125,0,1.9508328958125,1.36162502848872,"Spring",0,0,0,168
"72",169,169,24.419375,25.2945833333333,0,0,29.46467902625,"26.8843285497917",20.4166666666667,"23.5416666666667","14.25",25.460625,24.9339583333333,25.224375,1.57411178982458,0.0385742594172917,1.61268604922083,0.818422499855098,"Spring",0,0,0,169
"73",170,170,25.0570833333333,25.9239583333333,0,0,17.924652775375,"16.1909573252292",19.3333333333333,"22.0833333333333","14.9791666666667",27.201875,26.2397916666667,26.255625,1.295395044175,0.292324096621458,1.58771914083333,0.599385082752806,"Spring",0,0,0,170
"74",171,171,25.4683333333333,26.2477083333333,0,0,17.87114743625,"16.4016698793125",18.4583333333333,"20.5416666666667","15",28.5725,27.2277083333333,27.14625,0.921588358642917,0.647341844554167,1.56893020320833,0.324781554012545,"Spring",0,0,0,171
"75",191,191,21.105625,21.6191666666667,22.098,7,70.798261829375,"69.094320398125",12.4791666666667,"11.375","11.1875",29.0885416666667,29.3225,30.4789583333333,1.08764440128854,0.41719750428125,1.50484190559375,0.631551066563632,"Summer",1,191,1,191
"76",192,192,20.700625,21.1385416666667,1.397,1,71.895849091875,"70.3987743589583",26.2291666666667,"26.4375","11.0833333333333",24.78,25.1116666666667,27.718125,1.69575361274167,0.141383594154583,1.83713720691667,0.998061211631015,"Summer",0,0,0,192
"77",193,193,21.266875,22.1245833333333,13.462,3,66.02068921125,"62.57203051375",25.5833333333333,"26.375","13.5416666666667",24.1302083333333,24.484375,26.323125,1.28431317916592,0.472780825404167,1.75709400458333,0.653255456733445,"Summer",1,193,1,193
"78",194,194,21.3664583333333,21.99875,1.905,3,65.6157188991667,"63.1171436229167",27.0208333333333,"28.8541666666667","19",24.7854166666667,23.8535416666667,25.5247916666667,1.43731622646292,0.510168347014583,1.94748457341667,1.14285329628021,"Summer",0,0,0,194
"79",195,195,21.50875,22.3972916666667,0.254,1,63.3240384895833,"60.3140314952083",23.8333333333333,"25.1666666666667","19.2708333333333",24.2795833333333,23.67,25.3410416666667,1.03308337053542,0.859638200513958,1.89272157104167,0.376102033198126,"Summer",0,0,0,195
"80",196,196,20.6920833333333,21.519375,2.159,3,71.9981451916667,"68.7467783104167",23.1875,"23.9791666666667","18.9791666666667",23.8454166666667,23.2902083333333,24.96,0.217868397721042,1.60453795301917,1.82240635079167,0.149385604337124,"Summer",0,0,0,196
"81",197,197,21.4058333333333,22.1839583333333,8.636,3,70.4371995525,"67.9158576052083",25.1875,"26.1875","19.1875",23.789375,23.1322916666667,24.6179166666667,0.448996557399375,1.53459667434375,1.9835932316875,0.187105649664016,"Summer",1,197,1,197
"82",198,198,23.86125,24.4008333333333,0,0,54.7765375283333,"53.1202441639583",25.6041666666667,"27.3333333333333","21",24.73125,23.476875,24.5227083333333,0.421991918620833,1.97493809047292,2.396930009125,0.566834157982186,"Summer",0,0,0,198
"83",199,199,24.4454166666667,24.9527083333333,0,0,56.9276699583333,"55.4617188402083",22.8541666666667,"24.8333333333333","20.3333333333333",26.3989583333333,24.7558333333333,25.27,-0.1749461227,2.56520165400313,2.39025553129167,0.434937973685189,"Summer",0,0,0,199
"84",200,200,24.4189583333333,24.9947916666667,0,0,59.5910197058333,"57.90152939875",21.1458333333333,"23.2916666666667","19.9791666666667",27.8816666666667,25.9464583333333,26.3035416666667,-0.699575534391667,3.03868083259792,2.33910529814583,0.388956638137181,"Summer",0,0,0,200
"85",201,201,24.1179166666667,24.8872916666667,7.239,6,61.6522132322917,"58.8024707916667",20.2291666666667,"21.9583333333333","19.1458333333333",27.2275,26.2441666666667,26.7725,-0.695358972985417,3.0466286718125,2.3512696988125,0.617343731176916,"Summer",1,201,1,201
"86",202,202,23.8954166666667,24.3858333333333,1.143,2,59.6589059014583,"57.5813870504167",24.1458333333333,"23.7916666666667","18.9375",27.4645833333333,25.8,26.6185416666667,-0.804516595954167,3.0541309884125,2.24961439241667,0.454257993911529,"Summer",0,0,0,202
"87",203,203,26.2222916666667,26.8641666666667,0,0,45.1348924025,"42.5626558739583",21.3541666666667,"22.375","18.9375",28.8847916666667,26.538125,27.1575,-1.24931150590417,3.59276327295,2.34345176697917,0.415024156268079,"Summer",0,0,0,203
"88",204,204,29.0916666666667,29.7960416666667,0,0,29.5665173341667,"27.1671817970833",19.2916666666667,"20.4375","18.3125",30.1985416666667,27.749375,27.96875,-1.2206742466125,3.88258580459375,2.66191155797917,0.425265642028083,"Summer",0,0,0,204
"89",205,205,30.525625,31.3114583333333,0,0,23.3621222633333,"21.355258045625",17.9791666666667,"18.625","18",31.3835416666667,29.3158333333333,28.8829166666667,-0.91777240326875,3.88645162974479,2.96867922654167,0.644406049828499,"Summer",0,0,0,205
"90",211,211,24.0479166666667,24.52375,9.271,6,57.3591258195833,"54.320833756875",17.0833333333333,"14.0416666666667","14.8333333333333",28.2225,26.7285416666667,27.753125,0.383506723373333,2.27794296935417,2.66144969266667,0.588396900549935,"Summer",1,211,1,211
"91",212,212,23.5670833333333,24.110625,0,0,56.113922984375,"54.075512534375",23.375,"19.5625","14.1666666666667",26.675625,25.7110416666667,27.3760416666667,-0.1244810890875,2.79724544897917,2.67276435985417,0.463217171898543,"Summer",0,0,0,212
"92",213,213,26.4397916666667,27.2629166666667,0,0,40.6850380279167,"37.8212018110417",20.0416666666667,"17.9375","14",28.0202083333333,26.431875,27.2166666666667,-0.488504383394583,2.93897603007917,2.45047164664583,0.666609457033796,"Summer",0,0,0,213
"93",214,214,27.0047916666667,27.588125,0,0,36.37957456875,"34.4684828766667",17.3541666666667,"15.4583333333333","14",29.5666666666667,27.9239583333333,27.9866666666667,-0.27058610115625,2.18980711908146,1.9192210179375,0.907331398038275,"Summer",0,0,0,214
"94",215,215,26.9833333333333,27.5458333333333,0,0,42.1297752595833,"40.2870992927083",16.1666666666667,"14.25","14",30.5252083333333,29.0920833333333,28.725625,-0.513142274437708,2.08412899402292,1.57098671960417,0.205163486174751,"Summer",0,0,0,215
"95",218,218,27.385625,28.1616666666667,11.557,5,40.7395873364583,"37.5219713972917",15.3333333333333,"13","13.4791666666667",29.3370833333333,28.2483333333333,28.4372916666667,0.585087620179708,2.04676830688333,2.63185592710417,0.517722252762035,"Summer",1,218,1,218
"96",219,219,24.7547916666667,25.51375,17.399,5,53.77180381375,"50.334775069375",24.375,"NA","13.1666666666667",27.205,26.9991666666667,27.96,0.351230841081813,2.49588993964271,2.84712078070833,1.56026035419116,"Summer",1,219,1,219
"97",220,220,22.2395833333333,22.7622916666667,0.254,1,64.1766233416667,"62.42489536375",25.9772727272727,"NA","14.1818181818182",25.8286363636364,25.8277272727273,26.9184090909091,0.171931501514583,2.42512594415625,2.5970574456875,0.606376914291443,"Summer",0,0,0,220
"98",221,221,20.6039583333333,21.2295833333333,0,0,61.924167376875,"60.78699364375",22.6458333333333,"NA","14.75",23.9464583333333,24.4935416666667,25.8595833333333,-0.607745004916667,2.94188724544375,2.33414224047917,0.405847797149323,"Summer",0,0,0,221
"99",222,222,20.5810416666667,21.1516666666667,0.762,2,70.2974098127083,"68.5722288110417",20.8541666666667,"NA","14.8541666666667",24.2054166666667,24.285625,25.2170833333333,-0.39527959463,2.65019070573542,2.2549111110625,0.311499547110327,"Summer",0,0,0,222
"100",223,223,20.5364583333333,21.3189583333333,2.286,2,65.2136679758333,"62.289101145625",19.875,"NA","14.8125",24.1485416666667,23.9510416666667,24.97625,-0.764197392103542,3.01690276368667,2.25270537170833,0.420158658442773,"Summer",0,0,0,223
"101",226,226,22.4820833333333,23.1797916666667,5.08,2,60.6328538154167,"58.5954904345833",17.6666666666667,"NA","14.375",26.42625,25.3510416666667,25.9172916666667,-0.810473044275,3.05683721299792,2.24636416866667,0.946913811016548,"Summer",1,226,1,226
"102",227,227,20.113125,20.7741666666667,0,0,70.1410905004167,"67.91066270125",20.8333333333333,"NA","14.4375",24.3479166666667,24.1545833333333,25.4539583333333,-1.11432516914167,2.78381003971667,1.6694848705625,0.356007453149096,"Summer",0,0,0,227
"103",228,228,22.7285416666667,23.3508333333333,0,0,62.5464355135417,"60.6420921291667",19.3541666666667,"NA","14.5208333333333",25.50375,24.3472916666667,24.9979166666667,-1.33929825733333,3.15963260033125,1.82033434304167,0.350060016415771,"Summer",0,0,0,228
"104",229,229,23.5716666666667,24.5120833333333,0,0,59.437175931875,"56.656524956875",17.8125,"NA","14.2708333333333",25.6308333333333,25.1502083333333,25.5279166666667,-1.44473888527794,3.28500684997917,1.84026796477083,0.256058100491534,"Summer",0,0,0,229
"105",230,230,24.1347916666667,24.904375,0,0,54.1572592866667,"51.90333556125",17.0625,"NA","14.3333333333333",26.7189583333333,25.5247916666667,25.6529166666667,-0.726114408575,2.57559220300833,1.84947779439583,0.21363855757217,"Summer",0,0,0,230
"106",235,235,18.955,19.7772916666667,57.15,11,79.7110925835417,"76.758320161875",24.0416666666667,"18.5454545454545","15.8958333333333",22.9891666666667,23.793125,25.0566666666667,0.655960657151667,0.9099667416575,1.5659273988125,0.394367190846932,"Summer",1,235,1,235
"107",236,236,19.44875,20.13375,20.066,6,77.674098475625,"74.773385241875",29.5208333333333,"31.875","19.3541666666667",22.28,22.3760416666667,23.4585416666667,-0.476199426310417,2.02758587038708,1.55138644404167,0.216758630346293,"Summer",1,236,1,236
"108",237,237,20.3504166666667,21.266875,0,0,69.6982782641667,"66.2944196679167",28,"28.2291666666667","19.7291666666667",22.399375,22.2654166666667,23.2135416666667,-0.279461670654458,1.95913126559375,1.67966959497917,0.218825569981378,"Summer",0,0,0,237
"109",238,238,22.2245833333333,23.2585416666667,0,0,61.16119045125,"57.704579646875",25.3333333333333,"24.2708333333333","17.8958333333333",23.0860416666667,22.7054166666667,23.2766666666667,-0.580727964530833,2.44741536660417,1.86668740197917,0.221564488015291,"Summer",0,0,0,238
"110",239,239,23.2235416666667,24.27125,0,0,53.856715808125,"50.08384600625",23.6666666666667,"22.9375","16.9375",23.9766666666667,23.435625,23.69375,-1.11329650206458,3.15706465506667,2.0437681529375,0.360079864928562,"Summer",0,0,0,239
"111",240,240,23.7079166666667,24.87,0,0,44.2225359508333,"40.13897712",21.7916666666667,"22.3958333333333","16.3333333333333",24.6920833333333,23.8222916666667,24.0989583333333,-1.27000621042292,3.35245058298125,2.0824443725625,0.312311835401487,"Summer",0,0,0,240
"112",245,245,19.0589583333333,19.645,8.636,2,71.1127044177083,"70.0047828041667",18.0625,"21.625","15.0833333333333",24.5141666666667,24.428125,24.7345833333333,-1.11403729688125,2.70072063544375,1.58668333854167,0.507853087508439,"Summer",1,245,1,245
"113",246,246,19.240625,20.0402083333333,6.096,3,63.521596805,"60.09942223875",26.2291666666667,"27.6041666666667","15.9166666666667",22.4814583333333,22.765,23.9322916666667,-1.49457104704583,3.16225122166667,1.66768017470833,1.26064505885173,"Summer",1,246,1,246
"114",247,247,21.0083333333333,22.1666666666667,0,0,58.1531762172917,"53.96366640125",23.0416666666667,"24.8125","16.125",22.5054166666667,22.6804166666667,23.3920833333333,-1.51103926397292,3.02104750692292,1.51000824285417,0.180604889012361,"Summer",0,0,0,247
"115",248,248,22.0172916666667,23.0654166666667,0,0,49.593821864375,"46.1049651225",21.5833333333333,"24.2083333333333","16.2083333333333",22.2441666666667,22.5529166666667,23.2358333333333,-1.40340595576875,2.8811770496625,1.4777710938125,0.177585761593685,"Summer",0,0,0,248
"116",249,249,21.334375,21.9208333333333,0,0,49.5085541054167,"48.1116398641667",20.375,"23.6666666666667","16.0208333333333",23.208125,22.7447916666667,23.188125,-1.78170154538104,3.21526416688913,1.43356262154167,0.395007704204826,"Summer",0,0,0,249
"117",250,250,21.9177083333333,22.771875,0,0,46.900533904375,"44.1277643585417",19.3125,"23.2083333333333","15.6458333333333",24.1127083333333,23.31375,23.665,-1.85479367014625,3.2527719821,1.39797831195833,0.424912042743479,"Summer",0,0,0,250
"118",262,262,18.5433333333333,19.32125,13.462,13,83.71182242,"80.43410656875",16.5416666666667,"22.5","14.1666666666667",23.8845833333333,24.869375,25.310625,0.546083116993125,1.31596437016667,1.86204748714583,0.294016232966426,"Summer",1,262,1,262
"119",263,263,19.31625,19.8091666666667,0.254,1,76.641965608125,"75.0540367270833",23.4791666666667,"24.3333333333333","14.625",23.0777083333333,22.841875,23.9904166666667,0.115754283977083,2.32665038416437,2.442404668125,0.599873288172296,"Summer",0,0,0,263
"120",264,264,21.1277083333333,22.099375,0,0,51.4269060591667,"48.3582902408333",20.8958333333333,"24.1041666666667","14.8333333333333",22.7922916666667,22.39875,23.6529166666667,-0.296295030870625,2.97583923123833,2.6795442003125,0.472471546259088,"Summer",0,0,0,264
"121",265,265,20.945,21.4677083333333,0,0,48.6345865470833,"47.7992954591667",19.25,"23.5625","14.8333333333333",23.256875,22.515,23.5627083333333,-0.275797066158333,2.68477576121271,2.40897869502083,0.311521979755846,"Summer",0,0,0,265
"122",266,266,20.984375,21.8408333333333,0,0,42.6066092477083,"40.3038667383333",17.7916666666667,"23.4166666666667","14.8541666666667",23.29,22.5304166666667,23.5308333333333,-1.03023502389021,2.49827795336792,1.46804292951875,0.457851118044454,"Summer",0,0,0,266
"123",285,285,12.3514583333333,12.3514583333333,12.573,20,92.3581438345833,"92.3581438345833",17.5,"24.0625","16",17.341875,18.3291666666667,19.6325,0.217461058116458,0.48740591959375,0.704866977689583,0.0247301433821956,"Summer",1,285,1,285
"124",286,286,13.6852083333333,13.6852083333333,1.397,2,84.6423363714583,"84.6423363714583",21.875,"24.6666666666667","16.1666666666667",16.8225,17.310625,18.7477083333333,0.165877010921958,0.64627140815625,0.812148419070833,0.119105876003825,"Summer",0,0,0,286
"125",287,287,12.836875,12.836875,0,0,70.6669767604167,"70.6669767604167",20.8333333333333,"24.8333333333333","16.2916666666667",15.8685416666667,16.7477083333333,18.2504166666667,0.06216040140525,0.7563005227875,0.81846092418125,0.14388935160167,"Summer",0,0,0,287
"126",288,288,10.9232916666667,12.3313541666667,12.446,7,79.8980759202083,"79.0736093996296",24.7916666666667,"29.875","16.6041666666667",15.0970833333333,15.865,17.6541666666667,0.133503768303958,0.707396698397917,0.840900466677083,0.161210155166032,"Summer",1,288,1,288
"127",289,289,7.1776875,11.1713541666667,6.985,8,81.5486160120833,"NA",28.2291666666667,"41.25","19.5",14.0008333333333,14.0066666666667,16.529375,0.126377738235625,0.706646315983333,0.833024054245833,0.231403050613107,"Summer",1,289,1,289
"128",290,290,8.45270833333333,11.0252083333333,0,0,68.3624652397917,"78.93199804",24.4791666666667,"34.7291666666667","20.0625",13.5635416666667,13.2010416666667,15.7416666666667,0.0767515154666667,0.814118830302292,0.890870345802083,0.166861659514351,"Summer",0,0,0,290
"129",291,291,11.0754791666667,11.84025,0,0,72.736150409375,"71.88245911",22.7083333333333,"31.7708333333333","19.3541666666667",14.1752083333333,13.505,15.4822916666667,0.173660919908958,0.805993438704375,0.97965435858125,0.248922334991009,"Summer",0,0,0,291
"130",292,292,14.2333333333333,14.858125,0,0,72.0461338025,"71.8735553102083",21.9375,"30.0625","18.875",15.91125,14.87375,16.0572916666667,0.290446294059396,0.94087072775625,1.23131702177708,0.269554714901834,"Summer",0,0,0,292
"131",293,293,16.1545833333333,16.8127083333333,0,0,63.688382204375,"63.6414120220833",20.9791666666667,"28.6875","18.4583333333333",16.5058333333333,15.8985416666667,16.715,0.749884749660208,0.702535188581458,1.45241993816667,0.246612176223057,"Summer",0,0,0,293
"132",294,294,15.2602083333333,15.8227083333333,7.112,3,66.177403435,"65.9259688177083",22.8958333333333,"30.1458333333333","18.2291666666667",17.1122916666667,16.3875,17.0895833333333,0.395835689447917,1.01596783401937,1.4118035235,0.284941125108242,"Summer",1,294,1,294
"133",295,295,16.5141666666667,17.16375,0,0,68.265584524375,"67.8939399439583",26.125,"33.4583333333333","19.3333333333333",17.17625,16.5120833333333,17.2864583333333,0.412413206122292,1.09542027791958,1.50783348395833,0.236609812901715,"Summer",0,0,0,295
"134",296,296,12.6835416666667,13.8004166666667,21.971,13,79.4042137314583,"76.1607324791667",29,"29.9583333333333","24.375",15.5741666666667,15.9266666666667,17.1883333333333,1.05208827876042,0.208884353506417,1.26097263225,1.01761199004727,"Summer",1,296,1,296
"135",297,297,13.9270833333333,15.1922916666667,0,0,65.2589031395833,"61.9932696364583",27.7291666666667,"42.5416666666667","26.8333333333333",15.2108333333333,14.9583333333333,16.1116666666667,-0.372732932095833,0.905208262564583,0.5324753305,0.170072785334366,"Summer",0,0,0,297
"136",298,298,15.1879166666667,16.4989583333333,0,0,56.0420122641667,"52.8709622841667",25.1458333333333,"37.2708333333333","22.4791666666667",15.7441666666667,15.3991666666667,16.3516666666667,-0.556431452865208,0.770047264196583,0.213615811335833,0.297942770436396,"Summer",0,0,0,298
"137",299,299,15.5410416666667,17.0935416666667,0,0,48.275442901875,"44.3056136902083",23.8125,"33.8125","21.2916666666667",15.5720833333333,15.248125,16.3185416666667,-0.566876611806792,0.685498614428958,0.118622002576354,0.384398825562367,"Summer",0,0,0,299
"138",300,300,17.5385416666667,19.16,0,0,35.5898037272917,"31.4356647495833",22.8541666666667,"32.1041666666667","20.5416666666667",15.6847916666667,15.4570833333333,16.2895833333333,-0.524735757567333,0.690395563314583,0.165659805827083,0.231298396876506,"Summer",0,0,0,300
"139",334,334,7.04525,7.831625,6.604,6,69.9041898341667,"69.5045134829167",17.5208333333333,"28.625","18.9166666666667",10.7125,11.0283333333333,11.575625,0.136449156025625,0.148173497050833,0.28462265308125,0.183026508754353,"Winter",1,334,1,334
"140",335,335,5.98791666666667,7.13610416666667,0,0,70.9723313154167,"68.742068014375",18.4791666666667,"29.8958333333333","19.0416666666667",9.19854166666667,9.69333333333333,10.9841666666667,0.0666363297777083,0.1579884197225,0.22462474949375,0.043793895155704,"Winter",0,0,0,335
"141",336,336,5.22652083333333,6.07291666666667,0,0,70.0212894441667,"69.395153128125",18,"30.375","19.0833333333333",8.36145833333333,8.97645833333333,10.431875,0.00722899236270833,0.225849833949604,0.233078826304167,0.0676971755213446,"Winter",0,0,0,336
"142",337,337,6.21345833333333,7.5246875,0,0,54.8708043479167,"51.91208902875",17.4583333333333,"30.5","19.2708333333333",8.1275,8.63333333333333,10.054375,-0.109772882764583,0.346857372906042,0.2370844901625,0.0557769957405186,"Winter",0,0,0,337
"143",338,338,9.63727083333333,10.965,0,0,40.2277169472917,"37.5031574754167",17.2916666666667,"30.4791666666667","19.3541666666667",8.27020833333333,8.57458333333333,9.75083333333333,0.0235696759823125,0.300841716821875,0.324411392810417,0.0962745315302459,"Winter",0,0,0,338
"144",341,341,6.40333333333333,7.51322916666667,17.78,13,89.9695512560417,"87.0728570960417",24.1041666666667,"30.6041666666667","25.5625",8.9775,10.07,10.72875,0.142202054660188,0.113765788209792,0.255967842866667,0.034850315887921,"Winter",1,341,1,341
"145",342,342,7.12164583333333,8.17966666666667,0,0,77.12872191875,"74.9127146372917",26.2708333333333,"45.3958333333333","29.7708333333333",9.31,9.44770833333333,10.095625,0.122866563711,0.183811207304167,0.306677771008333,0.0697279575249622,"Winter",0,0,0,342
"146",343,343,8.63670833333333,9.72839583333333,0,0,55.7098376583333,"53.585504995625",24.125,"43.6041666666667","26.125",8.71145833333333,9.00041666666667,9.986875,0.0492240436929167,0.345034662277708,0.394258705995833,0.124588985359393,"Winter",0,0,0,343
"147",344,344,8.85770833333333,9.8333125,0,0,46.9786842391667,"45.8291340583333",23,"39.7291666666667","24.75",8.44270833333333,8.81458333333333,9.74791666666667,0.190884224217375,0.246186754120625,0.437070978325,0.103297557251965,"Winter",0,0,0,344
"148",345,345,10.1284375,11.22875,0,0,51.6671169864583,"50.3920886635417",22.4791666666667,"37.5416666666667","24.1875",8.853125,9.204375,9.73958333333333,0.208136553145,0.276949594253125,0.485086147397917,0.0574349279590451,"Winter",0,0,0,345
"149",362,362,0.119979166666667,1.03572916666667,5.715,4,73.669564724375,"72.2270359520833",19.8541666666667,"35.3958333333333","21.7708333333333",5.09291666666667,6.04604166666667,7.73833333333333,-0.0569664594872917,0.15814909037639,0.101182630890417,0.0518887147722467,"Winter",1,362,1,362
"150",363,363,-2.05245833333333,-1.1916875,0,0,72.71695243625,"73.3288592185417",21.8541666666667,"39.625","22.2083333333333",3.29125,4.39375,6.65041666666667,-0.143356025712292,0.224083472532917,0.08072744682375,0.0761560500339415,"Winter",0,0,0,363
"151",364,364,-0.109333333333333,0.9556875,0,0,62.1627989210417,"61.4671105429167",21.5208333333333,"38.7083333333333","22.5416666666667",4.26104166666667,4.39020833333333,6.21895833333333,-0.08240911065725,0.204382968329375,0.121973857681458,0.153899184385237,"Winter",0,0,0,364
"152",365,365,2.89929166666667,3.88347916666667,0,0,48.314639169375,"47.5882050860417",21,"38","23",3.105,4.42,6.53,-0.0554292861267917,0.162264595220271,0.106835309095417,0.0669793701223103,"Winter",0,0,0,365
"153",6,6,5.67091666666667,6.64675,9.017,11,86.4010556914583,"84.1985194054167",16.5895833333333,"31.9916666666667","23.3333333333333",7,6.98958333333333,6.8,0.423020287009646,0.113489041807292,0.5365093288125,0.681088602922902,"Winter",1,6,1,6
"154",7,7,6.30352083333333,7.60341666666667,0,0,60.6391002039583,"57.6519286135417",16.2541666666667,"36.4604166666667","24.8791666666667",6.30625,6.43958333333333,6.83958333333333,0.239665776231125,0.254033370874167,0.493699147095833,0.412043595942693,"Winter",0,0,0,7
"155",8,8,9.32952083333333,10.6383541666667,0,0,46.3623184189583,"44.117975805",15.2020833333333,"29.8416666666667","24.70625",6.78541666666667,6.73333333333333,7.01666666666667,0.378898513330438,0.165699206427917,0.544597719760417,0.117657237435524,"Winter",0,0,0,8
"156",9,9,9.82360416666667,10.7004375,0,0,49.0440915185417,"48.3783686414583",14.6395833333333,"26.5645833333333","24.3458333333333",7.80625,7.56666666666667,7.38958333333333,0.352202094167708,0.225167709367083,0.577369803533333,0.164620641521185,"Winter",0,0,0,9
"157",10,10,6.599,7.5075625,1.905,5,80.034261431875,"78.2841686539583",14.6645833333333,"25.03125","24.0270833333333",7.57291666666667,7.86666666666667,7.90208333333333,0.189532973250208,0.291435672225333,0.480968645472917,0.276165432779886,"Winter",0,0,0,10
"158",41,41,6.40679166666667,7.48947916666667,6.604,9,55.3050893016667,"53.8236377758333",12,"18.0041666666667","21.3895833333333",7.20833333333333,8.00625,8.325,0.0243507832393542,0.223414099784792,0.247764883039583,0.0806540216506057,"Winter",1,41,1,41
"159",42,42,2.0614,3.84246666666667,0,0,43.7857814833333,"39.7402768113333",13.8133333333333,"20.08","21.3533333333333",7.74,7.35333333333333,8.44666666666667,0.190553592602,0.06095759866,0.25151119126,0.164771713246478,"Winter",0,0,0,42
"160",43,43,6.575125,7.69097916666667,0,0,25.0110102841667,"23.1046668995833",13.025,"20.4833333333333","21.6958333333333",6.68541666666667,6.27291666666667,7.79166666666667,0.204250529411854,0.097749229271875,0.301999758683333,0.148195464064447,"Winter",0,0,0,43
"161",44,44,10.5155208333333,11.8136041666667,0,0,19.2376665235417,"17.7773153854167",12.5125,"19.58125","21.6895833333333",7.50208333333333,7.4375,7.95,0.103709540286021,0.2184229507175,0.322132491004167,0.119081532854764,"Winter",0,0,0,44
"162",45,45,12.2638125,13.1808333333333,1.651,3,37.547616340625,"36.34652495625",12.26875,"18.6583333333333","21.5291666666667",8.88958333333333,8.82291666666667,8.44166666666667,0.243930055834208,0.22157092699675,0.465500982829167,0.191628800473144,"Winter",0,0,0,45
"163",50,50,-1.21689583333333,-0.329229166666667,5.842,4,69.7732353445833,"68.4229743989583",13.3708333333333,"20.5833333333333","21.8666666666667",5.7,5.97083333333333,7.84375,0.443590514982994,0.070649734109375,0.514240249090208,1.81094386286301,"Winter",1,50,1,50
"164",51,51,1.525125,2.71485416666667,0,0,34.5634169785417,"32.242679995",14.1,"23.1666666666667","22.2958333333333",5.09583333333333,4.93958333333333,7.01041666666667,0.0439702012289417,0.118766041209188,0.162736242438333,0.158502683473633,"Winter",0,0,0,51
"165",52,52,3.9383125,4.61289583333333,0,0,38.1703302335417,"38.2765384464583",13.3854166666667,"22.3145833333333","22.4583333333333",5.35208333333333,5.77291666666667,6.90208333333333,0.0432663469116875,0.131106930635333,0.174373277554167,0.144893877296852,"Winter",0,0,0,52
"166",53,53,-0.2445,0.592916666666667,12.319,14,91.0672462910417,"89.9263293210417",14.4895833333333,"22.5479166666667","22.6",4.325,5.69166666666667,6.8,-0.0487731150743958,0.172120076772708,0.123346961692708,0.0657690528135436,"Winter",1,53,1,53
"167",54,54,-0.8581875,0.280645833333333,0.254,1,66.2505738625,"68.0974330570833",16.85625,"28.9875","23.75",3.73333333333333,4.63958333333333,5.98958333333333,-0.111476781470781,0.246191345280208,0.134714563806458,0.056237726680709,"Winter",0,0,0,54
"168",55,55,6.43829166666667,7.6353125,0,0,39.9673856902083,"37.3958634177083",17.5375,"36.39375","27.35625",4.89791666666667,4.93125,5.66041666666667,0.201322730373042,0.143394480792708,0.344717211170833,0.201604610107136,"Winter",0,0,0,55
"169",56,56,10.1705,11.3472083333333,0,0,30.7594137327083,"29.0038431670833",16.55,"32.7770833333333","27.2333333333333",6.85208333333333,6.49375,6.53125,0.184807291352212,0.139800202602604,0.3246074939625,0.0800288939367694,"Winter",0,0,0,56
"170",57,57,10.9227,12.5016415135,0,0,25.94869387325,"23.33780699475",15.485,"28.415","26.1525",7.6325,7.7025,7.48,0.2867575346575,0.1066776550995,0.3934351897625,0.172159613546602,"Winter",0,0,0,57
"171",70,70,12.1197708333333,12.719625,7.112,8,58.1729856425,"57.042627101875",12.3208333333333,"17.75625","21.8375",12.2604166666667,11.8,11.0895833333333,0.551011738126458,0.401208767591042,0.952220505704167,0.357697109083022,"Spring",1,70,1,70
"172",71,71,4.88045833333333,5.54533333333333,26.162,22,93.1681249714583,"91.1690964720833",27.4854166666667,"16.1020833333333","28.5958333333333",9.94166666666667,10.8875,11.3854166666667,0.854774300733333,0.106687818371042,0.9614621191,0.882222613775011,"Spring",1,71,1,71
"173",72,72,4.8386875,5.49,0,0,69.82694935125,"69.89122741375",21.9020833333333,"25.3875","42.7958333333333",7.925,9.05416666666667,9.92083333333333,0.437898396468098,0.462242908981875,0.900141305445833,0.818009653159483,"Spring",0,0,0,72
"174",73,73,4.72195833333333,5.51514583333333,0,0,34.5631011475,"33.0826423754167",19.1625,"37.21875","33.14375",8.98541666666667,8.44166666666667,9.50625,0.1734919772905,0.516394528431042,0.689886505735417,0.172896952530307,"Spring",0,0,0,73
"175",74,74,8.03385416666667,8.76039583333333,0,0,34.9459393289583,"33.7291553760417",17.7458333333333,"34.0625","29.2020833333333",8.87083333333333,8.46875,9.64166666666667,0.693409238129375,0.106386692607708,0.799795930741667,0.263931895460356,"Spring",0,0,0,74
"176",75,75,8.3608125,8.75454166666667,0,0,55.7740166604167,"57.355719386875",17.0770833333333,"27.8791666666667","27.2916666666667",11.04375,9.9,10.0958333333333,0.3680235899425,0.222813641241667,0.5908372311875,0.186249469960157,"Spring",0,0,0,75
"177",181,188,23.0720833333333,23.8154166666667,9.017,3,41.8727818225,"40.5808212152083",7.34166666666667,"8.98333333333333","14.4666666666667",27.2708333333333,27.8354166666667,28.0291666666667,1.02006117275708,0.281488226110417,1.30154939888542,1.35825978536897,"Summer",1,188,1,188
"178",182,189,24.7945833333333,25.688125,0,0,18.9206630797917,"16.9040472760417",10.8645833333333,"9.36875","14.975",24.9083333333333,25.1583333333333,26.3020833333333,0.562612195558333,0.245553666941667,0.808165862516667,0.377201702613103,"Summer",0,0,0,189
"179",183,190,26.106875,27.194375,0,0,17.7621582752083,"15.953681405625",8.60208333333333,"8.85416666666667","14.9166666666667",26.7166666666667,26.31875,26.3041666666667,0.441221765929167,0.268834850399167,0.710056616341667,0.227076366267727,"Summer",0,0,0,190
"180",184,191,27.8535416666667,28.7810416666667,0,0,17.380470789375,"16.0344132625",7.79166666666667,"8.51041666666667","14.7958333333333",28.4645833333333,27.5041666666667,26.8208333333333,0.458671603929375,0.331787503662708,0.790459107597917,0.284135061578223,"Summer",0,0,0,191
"181",185,192,28.7645833333333,29.4408333333333,0,0,20.4254298647917,"19.4424569352083",7.20208333333333,"8.23958333333333","14.60625",29.88125,28.75,27.525,0.646339174148333,0.289566763504167,0.935905937664583,0.392390096632926,"Summer",0,0,0,192
"182",191,198,24.9611111111111,25.3669444444444,6.096,6,49.6676040827778,"48.9151533094444",4.78055555555556,"8.40833333333333","14.4277777777778",31.3916666666667,29.6777777777778,28.4027777777778,0.295520985325278,1.54655534360556,1.84207632891667,0.393722945402621,"Summer",1,198,1,198
"183",192,199,23.9254166666667,24.495625,0.508,1,55.37081817375,"53.6673746089583",4.32083333333333,"8.975","14.5229166666667",27.4666666666667,27.0125,27.9479166666667,1.42601182121062,0.741750892625,2.16776271395833,0.841961936259873,"Summer",0,0,0,199
"184",193,200,25.5254166666667,25.9835416666667,0,0,45.0218590122917,"43.7838441154167",4.72916666666667,"9.04583333333333","14.7604166666667",28.375,26.6083333333333,27.2354166666667,0.830531736223648,1.16344664935208,1.99397838552083,0.354002896662521,"Summer",0,0,0,200
"185",194,201,26.009375,26.8247916666667,0,0,37.5218113604167,"36.078683423125",4.84791666666667,"8.92916666666667","14.6708333333333",27.78125,27.1145833333333,27.4770833333333,0.424910880634063,1.38925133136667,1.8141622120625,0.21802962824266,"Summer",0,0,0,201
"186",195,202,26.1241666666667,26.6889583333333,0,0,41.210917420625,"40.30758904375",5.1625,"8.79166666666667","14.74375",29.21875,27.6166666666667,27.2041666666667,0.425422992515417,1.06602719072917,1.49145018316667,0.212993872553521,"Summer",0,0,0,202
"187",203,210,23.3552083333333,24.0808333333333,42.545,12,57.1238353035417,"55.4557325022917",11.5895833333333,"9.82083333333333","14.73125",26.4125,26.7,27.3625,0.334112000552292,0.871838448068958,1.20595044874792,0.249475654447249,"Summer",1,210,1,210
"188",204,211,21.479375,22.0395833333333,8.255,6,70.1662228635417,"68.5727312727083",22.3354166666667,"14.51875","16.625",24.6166666666667,24.4041666666667,25.5333333333333,1.81800371132292,0.20421269334375,2.02221640464167,1.29134697703272,"Summer",1,211,1,211
"189",205,212,20.5716666666667,21.3858333333333,8.255,3,76.9545522814583,"74.96510494125",21.3666666666667,"14.53125","16.8979166666667",23.8354166666667,24.1458333333333,25.19375,1.52724086562417,0.431412237785417,1.95865310341667,0.749478941714507,"Summer",1,212,1,212
"190",206,213,24.2329166666667,25.2270833333333,0,0,57.3871626764583,"55.01428418625",19.3041666666667,"12.6041666666667","17.3770833333333",24.5791666666667,23.9979166666667,24.55625,0.934533771191667,1.23073044426063,2.16526421545833,0.540577554188536,"Summer",0,0,0,213
"191",207,214,24.959375,26.2789583333333,0,0,52.0600423008333,"47.7980946266667",16.8083333333333,"10.81875","16.2708333333333",24.5375,24.4166666666667,24.9104166666667,1.39116868410417,1.18438420867292,2.57555289275,0.650061785116228,"Summer",0,0,0,214
"192",208,215,25.5485416666667,26.4425,0,0,48.2050979279167,"46.068086879375",15.2583333333333,"9.90416666666667","15.74375",25.8333333333333,24.99375,25.0104166666667,0.567108029395833,2.25322404067917,2.82033207008333,0.644774576048889,"Summer",0,0,0,215
"193",209,216,26.0647916666667,26.74875,0,0,43.947952959375,"42.591462216875",13.4333333333333,"9.02916666666667","15.1416666666667",27.075,26.1041666666667,25.7708333333333,-0.632309663251042,3.50293434613333,2.87062468283333,0.732485203882795,"Summer",0,0,0,216
"194",211,218,22.4875,23.2414583333333,10.287,3,64.6208649783333,"62.6690908429167",15.2604166666667,"9.56041666666667","15.0166666666667",25.7604166666667,25.925,26.1354166666667,-0.765524909313375,3.25402409997021,2.48849919041667,0.450369150422884,"Summer",1,218,1,218
"195",212,219,24.4145833333333,25.08625,0,0,54.84269968125,"53.078228985",18.2583333333333,"10.4354166666667","15.9145833333333",25.7416666666667,25.1145833333333,25.5083333333333,-1.29830847327708,4.10922505433958,2.81091658072917,0.694798094519517,"Summer",0,0,0,219
"196",213,220,24.3685416666667,25.2597916666667,0,0,55.3274402583333,"53.191735593125",15.1375,"9.31666666666667","15.4625",25.5479166666667,25.5666666666667,25.6979166666667,-1.01258164224792,3.81763547236667,2.80505382995833,0.76536760876989,"Summer",0,0,0,220
"197",214,221,22.464375,23.1525,1.397,3,67.3576971685417,"65.8264692064583",13.5416666666667,"9.05208333333333","15.2791666666667",25.5645833333333,25.4833333333333,25.56875,-1.45015822516979,3.89561049719375,2.44545227204167,0.600613210418451,"Summer",0,0,0,221
"198",215,222,19.3252083333333,19.8833333333333,2.032,2,76.0163344020833,"76.262713005",12.2791666666667,"9.37916666666667","15.4",23.4979166666667,24.2604166666667,25.0166666666667,-0.80196047896875,3.05532157406146,2.25336109508333,0.459363287983573,"Summer",0,0,0,222
"199",226,233,26.2935416666667,27.2629166666667,21.844,3,40.5318780770833,"37.3315757116667",13.0583333333333,"8.95833333333333","14.4041666666667",28.3770833333333,28.4625,27.9791666666667,-0.197773682053542,2.27610552796542,2.07833184597917,0.499238592095711,"Summer",1,233,1,233
"200",227,234,23.31625,24.2789583333333,0,0,55.870634875625,"53.4486250589583",18.4020833333333,"10.025","17.2395833333333",25.4583333333333,25.7208333333333,26.4625,-0.530916469157042,2.92091319425,2.38999672514583,0.567136312028367,"Summer",0,0,0,234
"201",228,235,21.1997916666667,21.85,8.001,8,66.0271376779167,"64.6512000077083",16.4229166666667,"9.51666666666667","17.9583333333333",24.5791666666667,24.8770833333333,25.5875,-0.885904828247563,3.08672663461667,2.20082180635417,0.948513383145634,"Summer",1,235,1,235
"202",229,236,21.2733333333333,21.9014583333333,0,0,68.6075571572917,"67.446004475625",17.6041666666667,"10.2541666666667","18.4",24.4270833333333,24.0145833333333,24.9229166666667,-1.43106814602542,3.95925505914542,2.52818691272917,0.616912222879253,"Summer",0,0,0,236
"203",230,237,23.029375,23.6383333333333,0,0,66.247787300625,"65.7228786558333",14.7354166666667,"9.46458333333333","18.3",25.46875,24.51875,25.0395833333333,-2.38525994343125,4.6889040530625,2.30364410964583,0.5079695493934,"Summer",0,0,0,237
"204",231,238,25.6002083333333,26.4927083333333,0,0,49.6606405554167,"47.4764372954167",12.44375,"8.61458333333333","17.7625",26.7083333333333,25.3625,25.5833333333333,-2.48434897559167,4.97579721179375,2.49144823616667,0.411987067222815,"Summer",0,0,0,238
"205",232,239,26.849375,27.98625,0,0,39.7016045947917,"36.6791575845833",10.53125,"8.0875","17.4957446808511",27.3708333333333,26.3208333333333,26.15,-1.44762266337083,4.30021711370625,2.85259445016667,0.800336625635094,"Summer",0,0,0,239
"206",233,240,22.6883333333333,23.6360416666667,12.065,7,60.6377222433333,"58.5075779297917",11.1125,"8.27708333333333","NA",25.6104166666667,25.8895833333333,26.1083333333333,-0.27445227433875,3.30568239649875,3.0312301220625,1.1345301769489,"Summer",1,240,1,240
"207",234,241,23.035,23.7160416666667,0.635,2,58.08477496875,"56.3330580883333",18.7895833333333,"10.39375","NA",24.4854166666667,24.2166666666667,24.9520833333333,-1.23536891560625,5.02643757992292,3.7910686646875,1.65789922153624,"Summer",0,0,0,241
"208",235,242,24.0747916666667,25.0685416666667,0,0,52.835016666875,"49.6663320933333",15.2666666666667,"9.475","NA",24.9604166666667,24.1791666666667,24.8708333333333,-1.36877419331042,4.81536929694167,3.44659510395833,0.692271769760339,"Summer",0,0,0,242
"209",236,243,24.8566666666667,25.6552083333333,0,0,49.5284876225,"47.8491017854167",12.6104166666667,"8.78541666666667","NA",25.6895833333333,24.8125,25.0541666666667,-1.80021548478063,5.03594987251667,3.2357343878125,0.807679909659344,"Summer",0,0,0,243
"210",237,244,24.53375,25.2772916666667,0,0,48.1129355802083,"46.7546226022917",10.475,"8.45625","NA",26.0354166666667,25.4416666666667,25.3666666666667,-1.22615840968333,3.67328816226729,2.44712975258333,0.569023287587912,"Summer",0,0,0,244
"211",250,257,17.3197916666667,17.9904166666667,11.43,15,74.9588096247917,"75.28443221375",5.55208333333333,"9.27083333333333","NA",23.0666666666667,24.0625,24.9041666666667,0.154011543794583,1.48770898796667,1.64172053179167,0.0955284527059338,"Summer",1,257,1,257
"212",251,258,19.41,19.895625,5.842,3,73.6018055622917,"74.2026089685417",14.4895833333333,"9.79583333333333","NA",21.94375,21.9770833333333,23.5416666666667,0.599984780845625,1.68737605965208,2.28736084041667,1.17747318279745,"Summer",1,258,1,258
"213",252,259,19.42,20.2208333333333,0,0,72.1923973060417,"71.5103989808333",16.5333333333333,"10.06875","NA",21.9979166666667,21.7875,23.0333333333333,0.0601646985410416,2.18778446773604,2.24794916635417,0.925204560321554,"Summer",0,0,0,259
"214",253,260,21.650625,22.5597916666667,0,0,47.18539799375,"44.9657907372917",14.3666666666667,"9.70208333333333","NA",22.6916666666667,21.9729166666667,22.8854166666667,-0.891466955377083,3.14473052811042,2.2532635728125,0.740330759691593,"Summer",0,0,0,260
"215",254,261,23.718125,24.8925,0,0,36.1709745266667,"33.3804966125",12.275,"9.44166666666667","NA",22.4270833333333,22.13125,22.9645833333333,-0.6773408995125,2.70384594354604,2.02650504408333,0.219912553885785,"Summer",0,0,0,261
"216",255,262,22.7160416666667,23.9,0,0,35.5724606166667,"32.9490913885417",10.6333333333333,"9.17916666666667","NA",23,22.7895833333333,23.0979166666667,-0.908339496725,2.59082532206042,1.6824858253125,0.241355611679221,"Summer",0,0,0,262
"217",260,267,14.5327083333333,15.37,37.465,22,87.1710224408333,"85.909624810625",20.8333333333333,"19.35625","NA",19.4020833333333,20.7770833333333,22.15625,0.954878264072083,0.570954433621042,1.5258326976875,0.293012362914782,"Summer",1,267,1,267
"218",261,268,15.569375,16.6135416666667,3.81,7,80.9250163922917,"79.252886560625",19.8083333333333,"19.15","NA",18.0104166666667,18.70625,20.3354166666667,0.621527152109375,1.16871561507083,1.790242767125,0.579036740808285,"Summer",0,0,0,268
"219",262,269,18.2991666666667,19.103125,0,0,66.573923889375,"66.0128510720833",18.1604166666667,"16.1979166666667","NA",18.9104166666667,18.95625,19.8666666666667,-0.103457428760417,1.94105179281875,1.8375943640625,0.258478519349371,"Summer",0,0,0,269
"220",263,270,17.6027083333333,18.5052083333333,0,0,61.9159305554167,"60.5677608633333",16.2645833333333,"14.0770833333333","NA",19.10625,19.2395833333333,20.04375,-0.467975705705,2.2046861396875,1.736710434,0.196417612254236,"Summer",0,0,0,270
"221",264,271,18.7889583333333,19.6625,0,0,58.2495482708333,"57.273671439375",14.9791666666667,"13.05625","NA",19.4875,19.4208333333333,20.0854166666667,-0.829274382191667,2.62925960226458,1.79998522016667,0.273097939464622,"Summer",0,0,0,271
"222",316,323,13.900625,14.8808333333333,12.573,14,58.1099720139583,"58.18809034125",6,"11.11875","NA",14.5604166666667,15.1041666666667,15.6520833333333,0.516396688909792,0.3608149885375,0.87721167746875,0.26564677851037,"Winter",1,323,1,323
"223",317,324,10.775,11.5504166666667,0,0,72.112950015625,"73.1583778714583",17.0666666666667,"12.58125","NA",13.0625,14.04375,15.1104166666667,0.658189405504792,0.245648214898333,0.903837620420833,0.203206706583155,"Winter",0,0,0,324
"224",318,325,6.29335416666667,7.04320833333333,18.415,17,87.3837136435417,"86.7718021854167",22.3895833333333,"25.2520833333333","NA",9.93333333333333,11.8041666666667,13.1625,0.397573986840979,0.284875712595833,0.6824496994375,0.239631205587642,"Winter",1,325,1,325
"225",319,326,8.79608,9.45136,0,0,57.6404895956,"59.0094077724",17.884,"23.416","NA",11.42,11.3,12.564,0.24962007528384,0.422232680096,0.671852755432,0.136106049845468,"Winter",0,0,0,326
"226",320,327,9.3820625,10.1239375,0,0,53.3413154083333,"54.1644514629167",16.4916666666667,"20.9958333333333","NA",10.6520833333333,10.63125,12.3895833333333,0.413636116518792,0.239094845674375,0.652730962185417,0.111837144096516,"Winter",0,0,0,327
"227",321,328,11.6127708333333,12.935625,0,0,47.4851861666667,"45.6720935566667",15.375,"18.9354166666667","NA",10.9895833333333,10.8375,12.4020833333333,0.387979093154167,0.313554236827083,0.701533329995833,0.141496771080193,"Winter",0,0,0,328
"228",322,329,11.6004375,12.5633333333333,0,0,42.193284804375,"42.014924804375",14.4541666666667,"17.7875","NA",10.775,11.1395833333333,12.4041666666667,0.311040791451042,0.368169422479792,0.6792102139625,0.108323369931952,"Winter",0,0,0,329
"229",328,343,6.30575,7.00554166666667,20.701,16,89.05288946,"88.8969578839583",24.93125,"19.4270833333333","NA",9.85625,10.5833333333333,11.1979166666667,0.406222209424646,0.197449764702083,0.603671974133333,0.723352018066645,"Winter",1,343,1,343
"230",329,344,5.9305625,6.90152083333333,0,0,80.0277246741667,"79.6216451841667",20.3625,"33.2458333333333","NA",8.95625,9.40833333333333,10.5625,0.281313887454833,0.39000664958,0.671320537014583,0.38253625166422,"Winter",0,0,0,344
"231",330,345,7.15110416666667,8.55458333333333,0,0,56.398924339375,"53.8951095564583",18.52,"40.48","NA",8.09777777777778,8.68222222222222,10.1933333333333,0.455165150108125,0.246791708401875,0.701956858514583,0.135997223449124,"Winter",0,0,0,345
"232",331,346,9.90558333333333,11.2768125,0,0,39.752478175,"37.911054935",17.56875,"33.3854166666667","NA",8.02291666666667,8.35833333333333,9.70208333333333,0.338973539658333,0.384431905389375,0.7234054450375,0.112800399331369,"Winter",0,0,0,346
"233",332,347,12.5339791666667,14.12625,0,0,28.3217682872917,"25.9695681022917",16.9583333333333,"29.5291666666667","NA",8.56458333333333,8.68125,9.70208333333333,0.228912571616667,0.457028861123958,0.685941432764583,0.112509683083537,"Winter",0,0,0,347
"234",343,358,5.8711875,6.695125,6.096,6,71.67710122375,"71.4070969129167",16.1833333333333,"23.75625","NA",6.6625,7.33958333333333,7.8375,0.242354692617292,0.0733300727520833,0.315684765370833,0.199533870973272,"Winter",1,358,1,358
"235",344,359,5.3370625,6.39802083333333,0,0,71.0044622254167,"70.0692771908333",16.9583333333333,"25.7333333333333","NA",6.72291666666667,7.37916666666667,7.87291666666667,0.0694506847017604,0.198283108487708,0.267733793191667,0.102148737689737,"Winter",0,0,0,359
"236",345,360,5.96283333333333,7.06229166666667,0,0,61.680549454375,"61.1723323179167",15.8604166666667,"24.9333333333333","NA",6.27291666666667,6.98541666666667,7.73958333333333,0.391216829428979,0.033832281525625,0.425049110958333,0.24989658103043,"Winter",0,0,0,360
"237",346,361,1.742,2.4128125,7.239,9,85.0524455302083,"86.3149039647917",17.7020833333333,"29.05625","NA",5.52083333333333,6.42708333333333,7.53125,0.146783207926208,0.0936371000227083,0.24042030794375,0.0983840449651602,"Winter",1,361,1,361
"238",347,362,-0.2801875,0.376166666666667,0.508,2,82.359045526875,"83.8137008785417",17.65625,"33.0958333333333","NA",4.60625,5.71041666666667,7.0625,0.092191520319375,0.225433037294375,0.31762455760625,0.318532828286921,"Winter",0,0,0,362
"239",348,363,-1.03704166666667,0.241145833333333,0.254,1,58.8530781852083,"57.7197125214583",16.7875,"33.125","NA",3.76041666666667,4.54583333333333,6.40625,0.107716236253792,0.135561008251458,0.24327724450625,0.0846350607797823,"Winter",0,0,0,363
"240",349,364,3.77077083333333,4.66241666666667,0,0,49.5162158027083,"49.9857805014583",16.2125,"31.4916666666667","NA",4.24375,4.53333333333333,6.07916666666667,0.23247226226539,0.186544136568729,0.4190163988375,0.177646460435361,"Winter",0,0,0,364
"241",350,365,5.5746170212766,6.37454166666667,0,0,48.4934728182979,"49.3909458804167",15.8531914893617,"28.4978723404255","22.3",5.6,5.60212765957447,6.45957446808511,0.273399065739583,0.160121267808292,0.433520333547917,0.130092931218968,"Winter",0,0,0,365
"242",63,63,4.57910416666667,5.1524375,9.906,8,85.3486583389583,"84.96438614",9.6275,"22.3995833333333","31.9085416666667",10.145625,11.2541666666667,11.7920833333333,0.146467466917083,0.348432852079583,0.494900318977083,0.200274385286081,"Spring",1,63,1,63
"243",64,64,8.30085416666667,9.42935416666667,0,0,66.6785109879167,"64.0702563604167",12.3177083333333,"23.015625","33.1614583333333",11.07,10.8391666666667,10.858125,0.360939452276875,0.30481131669125,0.66575076898125,0.232535597002798,"Spring",0,0,0,64
"244",65,65,12.0022083333333,12.8590625,0,0,37.6809216733333,"37.0677880041667",10.9947916666667,"23.00375","32.99875",12.0814583333333,11.7677083333333,11.49125,0.906639845404104,0.213614133121042,1.12025397852917,0.537224002376708,"Spring",0,0,0,65
"245",66,66,13.4886666666667,14.1327083333333,0,0,32.3990301170833,"32.567748584375",10.6691666666667,"22.8033333333333","32.888125",13.7920833333333,12.9385416666667,12.2275,0.655530435596042,0.304645961113854,0.960176396683333,0.176629319944631,"Spring",0,0,0,66
"246",67,67,15.1444583333333,16.015625,0,0,33.316078636875,"32.6084447527083",10.4608333333333,"22.8395833333333","32.6004166666667",15.4352083333333,14.3164583333333,13.2897916666667,0.304850543187996,0.507834647187065,0.81268519035625,0.135854333457598,"Spring",0,0,0,67
"247",68,68,9.54170833333333,10.3007083333333,19.812,16,77.3810850110417,"76.5028332764583",14.3483333333333,"25.8425","35.5385416666667",12.8460416666667,13.663125,13.7170833333333,0.415199547654167,0.071521330335,0.486720877991667,0.233643587051011,"Spring",1,68,1,68
"248",69,69,11.4569583333333,12.1670833333333,0,0,58.5337283666667,"58.7924359420833",12.790625,"26.6047916666667","35.436875",12.7866666666667,12.4472916666667,12.3589583333333,0.363413037679583,0.15117925321125,0.514592290885417,0.158223454074147,"Spring",0,0,0,69
"249",70,70,12.8360416666667,13.6285416666667,1.27,4,64.4154997597917,"64.9010911079167",11.744375,"25.1664583333333","34.945",13.3177083333333,13.2295833333333,12.99625,0.393717817920208,0.161564729854083,0.555282547777083,0.11297407397455,"Spring",0,0,0,70
"250",71,71,14.0297777777778,14.698,0.254,1,73.09093551,"73.3888394108889",11.8397777777778,"24.7037777777778","34.6008888888889",15.0451111111111,14.302,13.5306666666667,0.524130429027778,0.127034079162222,0.651164508182222,0.185755544289331,"Spring",0,0,0,71
"251",72,72,11.3845833333333,12.0483333333333,6.096,5,82.953210235,"82.9862614997917",11.66,"24.121875","34.475",13.7302083333333,13.9614583333333,13.805625,0.461160345888333,0.173570576561688,0.634730922441667,0.432043983775075,"Spring",1,72,1,72
"252",73,73,10.07375,10.7083333333333,0,0,55.4343671572917,"55.9218883197917",12.2952083333333,"25.168125","35.0197916666667",13.2191666666667,13.2922916666667,13.2254166666667,0.233334852512708,0.335039584960417,0.568374437472917,0.159791309072556,"Spring",0,0,0,73
"253",74,74,10.8844375,11.7920416666667,0,0,47.4152193258333,"46.651125596875",11.4064583333333,"24.8772916666667","34.316875",13.0529166666667,12.8752083333333,12.801875,0.256438055675417,0.316141334680417,0.572579390347917,0.143874825724011,"Spring",0,0,0,74
"254",75,75,13.0094791666667,14.1460416666667,0,0,30.9233715572917,"28.9182268385417",11.071875,"24.4345833333333","33.4679310344828",14.0279166666667,13.6227083333333,13.226875,0.2008960195025,0.475791708860208,0.67668772836875,0.179292288965371,"Spring",0,0,0,75
"255",76,76,13.8546458333333,14.7720833333333,0,0,26.1081755559583,"25.1846684208333",10.8572916666667,"24.119375","33.3925",14.6258333333333,14.128125,13.633125,0.3057939124375,0.395703895047729,0.70149780748125,0.175324577367822,"Spring",0,0,0,76
"256",78,78,7.21091666666667,8.01679166666667,16.129,11,70.9672300020833,"70.2977274904167",11.95875,"24.2683333333333","33.2866666666667",11.0966666666667,12.750625,13.5891666666667,0.288062697319792,0.161859719661875,0.4499224169875,0.170671676171181,"Spring",1,78,1,78
"257",79,79,6.9313125,7.66214583333333,0,0,54.9537866770833,"54.9642556539583",12.45875,"26.415625","34.9333333333333",10.6785416666667,11.090625,11.6839583333333,-0.0750184362260417,0.5101451387375,0.4351267025125,0.129351486895338,"Spring",0,0,0,79
"258",80,80,9.82039583333333,10.9843125,0,0,41.6261455977083,"39.6541126172917",11.3729166666667,"25.2097916666667","34.5160416666667",11.7295833333333,11.560625,11.6639583333333,0.0482865024958333,0.457297353941667,0.505583856441667,0.173948108258541,"Spring",0,0,0,80
"259",81,81,12.7043125,13.5216875,0,0,28.0041901270208,"27.2492322893542",11.2725,"24.7595833333333","34.0907142857143",14.5427083333333,13.5941666666667,12.820625,-0.0764409526529167,0.668665996096042,0.592225043466667,0.16013387377082,"Spring",0,0,0,81
"260",82,82,12.2527916666667,13.3439375,0,0,31.5083965775,"29.8999004945833",10.96375,"24.40125","33.5181818181818",14.818125,14.2210416666667,13.6158333333333,-0.138165400774583,0.653842428559375,0.515677027722917,0.139462646100947,"Spring",0,0,0,82
"261",102,102,7.8125,8.513625,5.334,3,53.3270887302083,"53.6807425108333",7.82395833333333,"22.2364583333333","32.3154166666667",15.8747916666667,17.3970833333333,17.9497916666667,-0.574275011908333,1.28279571400417,0.70852070208125,0.179006724509031,"Spring",1,102,1,102
"262",103,103,9.3583125,9.90945833333333,0,0,60.9278113864583,"60.7000705664583",7.99729166666667,"21.7927083333333","31.8752083333333",15.15875,15.6025,16.0991666666667,-0.318234231653125,1.1818746224125,0.863640390729167,0.340631886330494,"Spring",0,0,0,103
"263",104,104,12.4184166666667,13.0847916666667,0,0,40.120086870625,"40.277882703125",8.47833333333333,"21.70875","32.1689583333333",16.815,16.6633333333333,16.4320833333333,-0.799315652002917,1.79935465101604,1.00003899907917,0.256438972617324,"Spring",0,0,0,104
"264",105,105,12.3564375,13.289375,0,0,37.7080685041667,"36.7695468929167",8.59208333333333,"22.0070833333333","32.4197916666667",18.264375,17.7516666666667,17.1358333333333,-0.674356645653292,1.65827895745604,0.983922311835417,0.216421008625397,"Spring",0,0,0,105
"265",106,106,13.5316041666667,14.6089583333333,0,0,18.861759005,"17.473227711875",8.5425,"22.1489583333333","32.5066666666667",18.6879166666667,18.25625,17.6391666666667,-0.870910155599375,1.91144437775083,1.04053422212083,0.240375541939613,"Spring",0,0,0,106
"266",183,183,22.0975,23.0127083333333,15.875,3,41.208022833125,"39.4800591283333",4.76958333333333,"10.8166666666667","24.841875",29.5435416666667,30.400625,30.09375,0.395772672173125,0.529302512341667,0.92507518448125,0.42086687610055,"Summer",1,183,1,183
"267",184,184,20.0316666666667,21.0516666666667,3.048,6,61.9286547766667,"59.7624616335417",9.64,"10.140625","24.118125",24.5039583333333,26.5541666666667,27.748125,0.889690472450542,0.280695974047917,1.17038644649375,0.77924270359197,"Summer",0,0,0,184
"268",185,185,24.8114583333333,25.6604166666667,0,0,41.079426759375,"39.7199432054167",9.20125,"10.356875","24.6322916666667",27.9341666666667,27.0010416666667,26.4425,0.725273077144375,0.484849115602083,1.21012219269375,0.37501424865768,"Summer",0,0,0,185
"269",186,186,26.8308333333333,27.5333333333333,0,0,35.9904660858333,"34.696154783125",8.68854166666667,"11.2297916666667","25.7741666666667",31.6820833333333,30.3297916666667,28.5658333333333,0.40588342852,1.13629430964583,1.54217773820417,0.581309036005328,"Summer",0,0,0,186
"270",187,187,27.5104166666667,28.1983333333333,0,0,30.4441292014583,"29.5699715216667",7.97833333333333,"12.03","26.755625",33.1525,32.0466666666667,30.22,0.337162192973125,1.22211837305208,1.55928056602083,0.4119929638653,"Summer",0,0,0,187
"271",206,206,18.6902083333333,19.439375,14.605,15,85.9429885616667,"84.787020199375",4.00625,"11.046875","25.9247916666667",23.2347916666667,24.7783333333333,25.96625,0.5856676041775,0.205544935055625,0.791212539245833,0.243226097093624,"Summer",1,206,1,206
"272",207,207,21.61625,22.4725,0,0,59.6376480483333,"58.801448266875",9.68708333333333,"10.9470833333333","25.7691666666667",23.5852083333333,24.1491666666667,24.81875,0.866487247770833,0.15652989603125,1.0230171438,0.43911374406576,"Summer",0,0,0,207
"273",208,208,24.5939583333333,25.4304166666667,0,0,49.3621999625,"48.6292998810417",8.89916666666667,"11.3754166666667","26.315625",27.675625,26.3825,25.436875,0.618514545749792,0.6230822928125,1.24159683852708,0.631204649208047,"Summer",0,0,0,208
"274",209,209,24.298125,24.9983333333333,0,0,54.737990984375,"54.81496222125",8.18916666666667,"12.0345833333333","27.0227083333333",28.9222916666667,28.5025,27.55125,0.165603604383333,0.855857882181667,1.02146148654583,0.402798008666026,"Summer",0,0,0,209
"275",210,210,27.0245833333333,27.8489583333333,0,0,37.4016253279167,"36.2498812070833",7.71854166666667,"12.5802083333333","27.6075",30.7458333333333,29.6083333333333,28.2258333333333,0.0116815887166667,1.05824938432292,1.06993097302708,0.221307186415098,"Summer",0,0,0,210
"276",225,225,26.1552083333333,27.2258333333333,7.366,4,39.6801294204167,"36.8296881239583",4.36791666666667,"12.2158333333333","27.3304166666667",30.5552083333333,31.0360416666667,30.471875,0.811187637308375,0.282664319507708,1.09385195682083,1.05408432476907,"Summer",1,225,1,225
"277",226,226,27.0395833333333,28.2670833333333,0.254,1,35.1905389366667,"31.839097093125",5.21708333333333,"11.80625","26.9458333333333",28.191875,28.7070833333333,28.9154166666667,1.03175506516958,0.489220401675875,1.52097546683958,1.10449557569292,"Summer",0,0,0,226
"278",227,227,28.6233333333333,29.6720833333333,0.762,2,28.6005404358333,"26.0146764141667",6.31083333333333,"12.0375","27.0910416666667",30.3139583333333,29.2127083333333,28.4345833333333,0.610757615933333,0.911414970789792,1.52217258675,0.477168197894775,"Summer",0,0,0,227
"279",228,228,27.0595833333333,28.089375,0.635,1,35.8461343052083,"33.73093292125",6.43791666666667,"12.1729166666667","27.30625",30.5104166666667,30.0622916666667,29.2677083333333,0.820307598176875,0.633683836855417,1.45399143504167,0.509712388814476,"Summer",0,0,0,228
"280",229,229,27.8085416666667,28.696875,0,0,29.1958867591667,"27.4894515966667",6.24458333333333,"12.1725","27.335",30.7083333333333,30.1195833333333,29.3972916666667,0.879460654905,0.553126265858333,1.432586920775,0.535264297681217,"Summer",0,0,0,229
"281",244,244,18.8917777777778,19.6875555555556,5.969,7,83.1476152135556,"82.3421980388889",8.24,"10.96","26.0651111111111",23.9937777777778,25.6755555555556,26.8837777777778,0.8185648882906,0.192938042959089,1.01150293124444,0.490375981036336,"Summer",1,244,1,244
"282",245,245,21.270625,21.9983333333333,0.254,1,66.17938111375,"65.9374238558333",9.838125,"10.823125","25.926875",24.50875,24.7841666666667,25.3383333333333,0.787906331016458,0.4109850342375,1.19889136524792,0.327324075163247,"Summer",0,0,0,245
"283",246,246,22.6714583333333,23.334375,0,0,57.7331697772917,"57.4130785327083",9.01875,"11.23","26.2802083333333",26.6495833333333,26.2670833333333,25.9129166666667,0.439925975218958,0.909219499564583,1.34914547472292,0.286503637845146,"Summer",0,0,0,246
"284",247,247,25.3422916666667,26.4204166666667,0,0,36.9480744620833,"35.6214796285417",8.45791666666667,"11.7620833333333","26.8025",28.554375,27.8295833333333,26.9891666666667,0.442596658297292,1.01919111184375,1.46178777016667,0.268813485249119,"Summer",0,0,0,247
"285",248,248,27.8745833333333,28.908125,0,0,23.8019086879167,"22.3921647220833",7.82458333333333,"12.1204166666667","27.3666666666667",29.9558333333333,29.1566666666667,28.080625,0.5499653194773,0.86772028273125,1.41768560220833,0.233935875528865,"Summer",0,0,0,248
"286",345,345,8.36654166666667,9.02777083333333,12.7,9,78.8419644533333,"78.9086576716667",3.58625,"6.52354166666667","21.6652083333333",11.4275,12.30125,12.61,0.559212156289583,0.0372598995375,0.596472055829167,0.651929702304675,"Winter",1,345,1,345
"287",346,346,6.7280625,7.76652083333333,0,0,65.3088943845833,"63.7264055804167",5.54166666666667,"6.32208333333333","21.3235416666667",9.061875,10.399375,11.5595833333333,0.484439083165208,0.0176192507583333,0.502058333927083,0.344016880520024,"Winter",0,0,0,346
"288",347,347,8.067625,9.23275,0,0,41.3650955575,"40.951084471875",5.46,"6.14770833333333","21.2189583333333",8.09854166666667,9.16333333333333,10.47875,0.3683729543725,0.117010169627292,0.485383124002083,0.144967297143962,"Winter",0,0,0,347
"289",348,348,4.00816666666667,4.865875,0,0,40.3455193225,"40.6988847197917",5.21791666666667,"6.135625","21.1885416666667",7.32229166666667,8.73479166666667,10.0845833333333,0.277890648361875,0.0582482074520625,0.336138855814583,0.133311516614168,"Winter",0,0,0,348
"290",349,349,5.33358333333333,6.21995833333333,0,0,30.755654728125,"31.0653378264583",4.92125,"5.99145833333333","21.1591666666667",6.57,7.65708333333333,9.096875,0.188394943113708,0.0684180075033542,0.256812950611042,0.187147364516416,"Winter",0,0,0,349
